{"level":"debug","time":"2026-04-15T11:07:52.519+0530","caller":"cmd/bin.go:145","msg":"cli os: darwin, cli arch: arm64"}
{"level":"debug","time":"2026-04-15T11:07:53.203+0530","caller":"cmd/bin.go:154","msg":"Upstream version details: {Name:cli Min:0.2.265 Max:0.2.337} "}
{"level":"info","time":"2026-04-15T11:07:53.203+0530","caller":"cmd/bin.go:163","msg":"Current binary version 0.2.326 is less than max upstream version 0.2.337."}
{"level":"info","time":"2026-04-15T11:07:53.203+0530","caller":"updater/updater.go:63","msg":"Auto updating binary ..................."}
{"level":"debug","time":"2026-04-15T11:07:53.203+0530","caller":"updater/updater.go:64","msg":"Download url: https://downloads.hyperexecute.cloud/hyperexecute/cli/0.2.337/darwin/hyperexecute"}
{"level":"debug","time":"2026-04-15T11:07:57.806+0530","caller":"updater/updater.go:85","msg":"New binary downloaded successfully "}
{"level":"info","time":"2026-04-15T11:07:57.807+0530","caller":"cmd/bin.go:175","msg":"Update successfully installed. Restarting the binary..."}
{"level":"debug","time":"2026-04-15T11:07:59.383+0530","caller":"cmd/bin.go:145","msg":"cli os: darwin, cli arch: arm64"}
{"level":"debug","time":"2026-04-15T11:08:00.060+0530","caller":"cmd/bin.go:154","msg":"Upstream version details: {Name:cli Min:0.2.265 Max:0.2.337} "}
{"level":"info","time":"2026-04-15T11:08:00.060+0530","caller":"cmd/bin.go:202","msg":"Generating TraceID for tracking request: 01KP7TAX913QJ2YY5BZ6YFT1PV \n"}
{"level":"debug","time":"2026-04-15T11:08:02.453+0530","caller":"core/lifecycle.go:107","msg":"Setting environment"}
{"level":"debug","time":"2026-04-15T11:08:02.454+0530","caller":"core/lifecycle.go:110","msg":"Parsing config"}
{"level":"debug","time":"2026-04-15T11:08:02.454+0530","caller":"yamlconfigmanager/setup.go:724","msg":"Custom location for .hyperexecute.yaml specified. Using: yaml/linux/junit_hyperexecute_autosplit_sample.yaml"}
{"level":"debug","time":"2026-04-15T11:08:02.454+0530","caller":"yamlconfigmanager/setup.go:116","msg":"using hyperexecute config from : yaml/linux/junit_hyperexecute_autosplit_sample.yaml"}
{"level":"debug","time":"2026-04-15T11:08:04.214+0530","caller":"yamlconfigmanager/setup.go:2149","msg":"Autodetecting test type in files of path : /Users/anmolg/Desktop/Projects/HyperExecute/junit-selenium-hyperexecute-sample-main"}
{"level":"debug","time":"2026-04-15T11:08:04.215+0530","caller":"yamlconfigmanager/setup.go:546","msg":"Tunnel: false"}
{"level":"info","time":"2026-04-15T11:08:04.215+0530","caller":"models/HypertestYamlConfig.go:971","msg":"\n\u001b[4m\u001b[1m\u001b[97mExecution Plan\u001b[0m\u001b[22m\u001b[24m"}
{"level":"info","time":"2026-04-15T11:08:04.215+0530","caller":"models/HypertestYamlConfig.go:772","msg":"Mode:    \u001b[36mautosplit\u001b[0m"}
{"level":"info","time":"2026-04-15T11:08:04.215+0530","caller":"models/HypertestYamlConfig.go:832","msg":"Runson:    \u001b[36mlinux\u001b[0m"}
{"level":"info","time":"2026-04-15T11:08:04.215+0530","caller":"models/HypertestYamlConfig.go:840","msg":"Concurrency:    \u001b[36m3\u001b[0m"}
{"level":"info","time":"2026-04-15T11:08:04.215+0530","caller":"models/HypertestYamlConfig.go:904","msg":"Report:    \u001b[36mdisabled\u001b[0m"}
{"level":"info","time":"2026-04-15T11:08:04.215+0530","caller":"models/HypertestYamlConfig.go:984","msg":""}
{"level":"debug","time":"2026-04-15T11:08:04.215+0530","caller":"filevalidator/setup.go:49","msg":"Warning: Checking data.json file in current directory, no dataJsonPath found in .hyperexecute.yaml"}
{"level":"debug","time":"2026-04-15T11:08:04.215+0530","caller":"filevalidator/setup.go:53","msg":"Warning: data.json file doesn't exist"}
{"level":"debug","time":"2026-04-15T11:08:07.633+0530","caller":"core/lifecycle.go:527","msg":"Job ID: cc1cfc70-9c99-45fa-987b-eef6940fe6c7"}
{"level":"debug","time":"2026-04-15T11:08:07.633+0530","caller":"events/manager.go:97","msg":"Starting event manager"}
{"level":"debug","time":"2026-04-15T11:08:07.633+0530","caller":"events/manager.go:99","msg":"SSE enabled, getting SSE connection"}
{"level":"debug","time":"2026-04-15T11:08:07.633+0530","caller":"core/lifecycle.go:530","msg":"User - anmolgtestmuai, triggered job with ID cc1cfc70-9c99-45fa-987b-eef6940fe6c7 from CLI"}
{"level":"debug","time":"2026-04-15T11:08:07.634+0530","caller":"archivemanager/setup.go:339","msg":"digestMap: map[]"}
{"level":"debug","time":"2026-04-15T11:08:07.634+0530","caller":"archivemanager/setup.go:345","msg":"Creating archive of target directory: /Users/anmolg/Desktop/Projects/HyperExecute/junit-selenium-hyperexecute-sample-main"}
{"level":"debug","time":"2026-04-15T11:08:07.659+0530","caller":"core/lifecycle.go:684","msg":"Zip file size: 198.36 kB"}
{"level":"debug","time":"2026-04-15T11:08:07.659+0530","caller":"core/lifecycle.go:694","msg":"Archive location: /Users/anmolg/Desktop/Projects/HyperExecute/junit-selenium-hyperexecute-sample-main/hyperexecute-code-cc1cfc70-9c99-45fa-987b-eef6940fe6c7.zip\n"}
{"level":"debug","time":"2026-04-15T11:08:07.660+0530","caller":"storage/azure.go:60","msg":"Payload size: 198.36 kB, source path /Users/anmolg/Desktop/Projects/HyperExecute/junit-selenium-hyperexecute-sample-main/hyperexecute-code-cc1cfc70-9c99-45fa-987b-eef6940fe6c7.zip"}
{"level":"debug","time":"2026-04-15T11:08:07.660+0530","caller":"utils/azcopy.go:133","msg":"Downloading dependency binary ..................."}
{"level":"debug","time":"2026-04-15T11:08:07.725+0530","caller":"utils/azcopy.go:90","msg":"Downloading dependency to upload files"}
{"level":"debug","time":"2026-04-15T11:08:08.735+0530","caller":"events/manager.go:288","msg":"connection to hyperexecute server established successfully."}
{"level":"info","time":"2026-04-15T11:08:11.631+0530","caller":"utils/azcopy.go:108","msg":"\u001b[91m\u001b[32m✔\u001b[0m Dependency binary downloaded successfully\u001b[0m"}
{"level":"debug","time":"2026-04-15T11:08:11.631+0530","caller":"utils/azcopy.go:184","msg":"returning from fallback"}
{"level":"debug","time":"2026-04-15T11:08:16.064+0530","caller":"storage/azure.go:84","msg":"Azcopy output: \n\r0.0 %, 0 Done, 0 Failed, 1 Pending, 0 Skipped, 1 Total, 2-sec Throughput (Mb/s): 0.7933\r100.0 %, 1 Done, 0 Failed, 0 Pending, 0 Skipped, 1 Total,                              \nTotal time taken to upload(min) :0.0667\n, stderr: "}
{"level":"info","time":"2026-04-15T11:08:16.064+0530","caller":"storage/azure.go:123","msg":"File: /Users/anmolg/Desktop/Projects/HyperExecute/junit-selenium-hyperexecute-sample-main/hyperexecute-code-cc1cfc70-9c99-45fa-987b-eef6940fe6c7.zip upload completed in 8.404843s"}
{"level":"debug","time":"2026-04-15T11:08:16.065+0530","caller":"receptionmanager/setup.go:284","msg":"only one runtime entry detected, mapping it to older yaml format"}
{"level":"debug","time":"2026-04-15T11:08:16.066+0530","caller":"receptionmanager/setup.go:303","msg":"number of entries in partialreports: 1, switching to new yaml format"}
{"level":"debug","time":"2026-04-15T11:08:16.066+0530","caller":"receptionmanager/setup.go:188","msg":"Uploading yaml : /Users/anmolg/Desktop/Projects/HyperExecute/junit-selenium-hyperexecute-sample-main/.updatedhyperexecute.yaml"}
{"level":"debug","time":"2026-04-15T11:08:16.066+0530","caller":"storage/azure.go:60","msg":"Payload size: 3.90 kB, source path /Users/anmolg/Desktop/Projects/HyperExecute/junit-selenium-hyperexecute-sample-main/.updatedhyperexecute.yaml"}
{"level":"debug","time":"2026-04-15T11:08:18.107+0530","caller":"storage/azure.go:84","msg":"Azcopy output: \n\r100.0 %, 1 Done, 0 Failed, 0 Pending, 0 Skipped, 1 Total, 2-sec Throughput (Mb/s): 0.0156\nTotal time taken to upload(min) :0.0333\n, stderr: "}
{"level":"info","time":"2026-04-15T11:08:18.107+0530","caller":"storage/azure.go:123","msg":"File: /Users/anmolg/Desktop/Projects/HyperExecute/junit-selenium-hyperexecute-sample-main/.updatedhyperexecute.yaml upload completed in 2.040616791s"}
{"level":"debug","time":"2026-04-15T11:08:18.107+0530","caller":"core/lifecycle.go:721","msg":"Successfully deleted code archive: /Users/anmolg/Desktop/Projects/HyperExecute/junit-selenium-hyperexecute-sample-main/hyperexecute-code-cc1cfc70-9c99-45fa-987b-eef6940fe6c7.zip\n"}
{"level":"debug","time":"2026-04-15T11:08:18.107+0530","caller":"storage/azure.go:60","msg":"Payload size: 482 B, source path yaml/linux/mask-cc1cfc70-9c99-45fa-987b-eef6940fe6c7.yaml"}
{"level":"debug","time":"2026-04-15T11:08:20.141+0530","caller":"storage/azure.go:84","msg":"Azcopy output: \n\r100.0 %, 1 Done, 0 Failed, 0 Pending, 0 Skipped, 1 Total, 2-sec Throughput (Mb/s): 0.0019\nTotal time taken to upload(min) :0.0333\n, stderr: "}
{"level":"info","time":"2026-04-15T11:08:20.141+0530","caller":"storage/azure.go:123","msg":"File: yaml/linux/mask-cc1cfc70-9c99-45fa-987b-eef6940fe6c7.yaml upload completed in 2.033787208s"}
{"level":"debug","time":"2026-04-15T11:08:22.594+0530","caller":"jobmanager/sse_setup.go:192","msg":"Task id: HYPL-509662-1776231501391099358HYJ"}
{"level":"debug","time":"2026-04-15T11:08:22.594+0530","caller":"jobmanager/sse_setup.go:193","msg":"Sending new task alert to stage manager for taskId: HYPL-509662-1776231501391099358HYJ"}
{"level":"debug","time":"2026-04-15T11:08:22.594+0530","caller":"jobmanager/sse_setup.go:192","msg":"Task id: HYPL-509662-1776231501395619932TQM"}
{"level":"debug","time":"2026-04-15T11:08:22.594+0530","caller":"jobmanager/sse_setup.go:193","msg":"Sending new task alert to stage manager for taskId: HYPL-509662-1776231501395619932TQM"}
{"level":"debug","time":"2026-04-15T11:08:22.594+0530","caller":"jobmanager/sse_setup.go:192","msg":"Task id: HYPL-509662-1776231501400104791GYG"}
{"level":"debug","time":"2026-04-15T11:08:22.594+0530","caller":"jobmanager/sse_setup.go:193","msg":"Sending new task alert to stage manager for taskId: HYPL-509662-1776231501400104791GYG"}
{"level":"info","time":"2026-04-15T11:08:25.169+0530","caller":"jobmanager/sse_setup.go:84","msg":"\nJob \u001b[1m\u001b[4mcc1cfc70-9c99-45fa-987b-eef6940fe6c7\u001b[24m\u001b[22m has started \u001b[97mRUNNING\u001b[0m"}
{"level":"info","time":"2026-04-15T11:08:25.172+0530","caller":"jobmanager/manager.go:138","msg":"Job Link: \u001b[4m\u001b[34mhttps://hyperexecute.lambdatest.com/hyperexecute/task?jobId=cc1cfc70-9c99-45fa-987b-eef6940fe6c7\u001b[0m\u001b[24m\n"}
{"level":"info","time":"2026-04-15T11:08:32.100+0530","caller":"terminal/terminal.go:187","msg":"\u001b[32m✔\u001b[0m [2]  \u001b[2msetup-runtime (8s)\u001b[22m\n"}
{"level":"info","time":"2026-04-15T11:08:32.447+0530","caller":"terminal/terminal.go:187","msg":"\u001b[32m✔\u001b[0m [1]  \u001b[2msetup-runtime (8s)\u001b[22m\n"}
{"level":"info","time":"2026-04-15T11:08:32.448+0530","caller":"terminal/terminal.go:187","msg":"\u001b[32m✔\u001b[0m [3]  \u001b[2msetup-runtime (8s)\u001b[22m\n"}
{"level":"info","time":"2026-04-15T11:08:50.851+0530","caller":"terminal/terminal.go:187","msg":"\u001b[32m✔\u001b[0m [3]  \u001b[2mpre (19s)\u001b[22m\n"}
{"level":"info","time":"2026-04-15T11:08:51.015+0530","caller":"terminal/terminal.go:187","msg":"\u001b[32m✔\u001b[0m [3]  \u001b[2mdiscovery (1s)\u001b[22m\n"}
{"level":"info","time":"2026-04-15T11:08:52.181+0530","caller":"terminal/terminal.go:187","msg":"\u001b[32m✔\u001b[0m [2]  \u001b[2mpre (20s)\u001b[22m\n"}
{"level":"info","time":"2026-04-15T11:08:52.277+0530","caller":"terminal/terminal.go:187","msg":"\u001b[32m✔\u001b[0m [1]  \u001b[2mpre (20s)\u001b[22m\n"}
{"level":"info","time":"2026-04-15T11:08:52.369+0530","caller":"terminal/terminal.go:187","msg":"\u001b[32m✔\u001b[0m [2]  \u001b[2mdiscovery (0s)\u001b[22m\n"}
{"level":"info","time":"2026-04-15T11:08:52.415+0530","caller":"terminal/terminal.go:187","msg":"\u001b[32m✔\u001b[0m [1]  \u001b[2mdiscovery (0s)\u001b[22m\n"}
{"level":"debug","time":"2026-04-15T11:09:31.025+0530","caller":"events/manager.go:356","msg":"No new messages received from SSE for jobID: cc1cfc70-9c99-45fa-987b-eef6940fe6c7. Fetching from APIs"}
{"level":"debug","time":"2026-04-15T11:10:02.563+0530","caller":"events/manager.go:356","msg":"No new messages received from SSE for jobID: cc1cfc70-9c99-45fa-987b-eef6940fe6c7. Fetching from APIs"}
{"level":"info","time":"2026-04-15T11:10:10.107+0530","caller":"terminal/terminal.go:187","msg":"\u001b[32m✔\u001b[0m [1]  \u001b[2mSelPlayGroundTest1 (1m10s)\u001b[22m\n"}
{"level":"info","time":"2026-04-15T11:10:28.035+0530","caller":"terminal/terminal.go:187","msg":"\u001b[32m✔\u001b[0m [3]  \u001b[2mSelPlayGroundTest3 (1m29s)\u001b[22m\n"}
{"level":"info","time":"2026-04-15T11:10:36.798+0530","caller":"terminal/terminal.go:187","msg":"\u001b[32m✔\u001b[0m [2]  \u001b[2mSelPlayGroundTest2 (1m37s)\u001b[22m\n"}
{"level":"debug","time":"2026-04-15T11:11:09.269+0530","caller":"jobmanager/sse_setup.go:134","msg":"\n\nJob status"}
{"level":"info","time":"2026-04-15T11:11:10.057+0530","caller":"jobmanager/JobSummaryManager.go:54","msg":"\n\u001b[102m\u001b[1m\u001b[30m COMPLETED \u001b[0m\u001b[22m\u001b[0m\n"}
{"level":"info","time":"2026-04-15T11:11:10.057+0530","caller":"jobmanager/JobSummaryManager.go:113","msg":"    \u001b[1mTest Execution Time\u001b[22m:                  \u001b[92m35s\u001b[0m"}
{"level":"info","time":"2026-04-15T11:11:10.057+0530","caller":"jobmanager/JobSummaryManager.go:113","msg":"    \u001b[1mJob Duration Time\u001b[22m:                    2m43s"}
{"level":"info","time":"2026-04-15T11:11:10.057+0530","caller":"jobmanager/JobSummaryManager.go:113","msg":"    \u001b[1mTotal Tasks\u001b[22m:                          3"}
{"level":"info","time":"2026-04-15T11:11:10.057+0530","caller":"jobmanager/JobSummaryManager.go:113","msg":"    \u001b[1mCumulative Time Consumed\u001b[22m:             7m33s"}
{"level":"info","time":"2026-04-15T11:11:10.057+0530","caller":"jobmanager/JobSummaryManager.go:113","msg":"    \u001b[1mTotal Stages\u001b[22m:                         9"}
{"level":"info","time":"2026-04-15T11:11:10.057+0530","caller":"jobmanager/JobSummaryManager.go:113","msg":"    \u001b[1mPass discovery stage percentage\u001b[22m:      100.00%"}
{"level":"info","time":"2026-04-15T11:11:10.057+0530","caller":"jobmanager/JobSummaryManager.go:113","msg":"    \u001b[1mFailed discovery stage percentage\u001b[22m:    0.00%"}
{"level":"info","time":"2026-04-15T11:11:10.057+0530","caller":"jobmanager/JobSummaryManager.go:113","msg":"    \u001b[1mPass pre stage percentage\u001b[22m:            \u001b[92m100.00%\u001b[0m"}
{"level":"info","time":"2026-04-15T11:11:10.057+0530","caller":"jobmanager/JobSummaryManager.go:113","msg":"    \u001b[1mFailed pre stage percentage\u001b[22m:          0.00%"}
{"level":"info","time":"2026-04-15T11:11:10.057+0530","caller":"jobmanager/JobSummaryManager.go:113","msg":"    \u001b[1mPass test stage percentage\u001b[22m:           \u001b[92m100.00%\u001b[0m"}
{"level":"info","time":"2026-04-15T11:11:10.057+0530","caller":"jobmanager/JobSummaryManager.go:113","msg":"    \u001b[1mFailed test stage percentage\u001b[22m:         0.00%"}
{"level":"info","time":"2026-04-15T11:11:10.057+0530","caller":"jobmanager/JobSummaryManager.go:113","msg":"    \u001b[1mPass post stage percentage\u001b[22m:           0.00%"}
{"level":"info","time":"2026-04-15T11:11:10.057+0530","caller":"jobmanager/JobSummaryManager.go:113","msg":"    \u001b[1mFailed post stage percentage\u001b[22m:         0.00%"}
{"level":"info","time":"2026-04-15T11:11:10.057+0530","caller":"jobmanager/JobSummaryManager.go:113","msg":"    \u001b[1mFailed Tasks\u001b[22m:                         0"}
{"level":"info","time":"2026-04-15T11:11:10.057+0530","caller":"jobmanager/JobSummaryManager.go:58","msg":""}
{"level":"debug","time":"2026-04-15T11:11:10.059+0530","caller":"core/lifecycle.go:924","msg":"Context canceled"}
{"level":"info","time":"2026-04-15T11:11:10.059+0530","caller":"events/manager.go:338","msg":"context done and stopping SSE"}
{"level":"info","time":"2026-04-15T11:11:10.059+0530","caller":"core/lifecycle.go:927","msg":"\u001b[2mStopping pipeline gracefully\u001b[22m"}
{"level":"debug","time":"2026-04-15T11:11:10.059+0530","caller":"events/manager.go:256","msg":"Stopping event manager"}
{"level":"info","time":"2026-04-15T11:11:10.059+0530","caller":"jobmanager/manager.go:138","msg":"Job Link: \u001b[4m\u001b[34mhttps://hyperexecute.lambdatest.com/hyperexecute/task?jobId=cc1cfc70-9c99-45fa-987b-eef6940fe6c7\u001b[0m\u001b[24m\n"}
{"level":"debug","time":"2026-04-15T11:11:10.059+0530","caller":"core/lifecycle.go:59","msg":"Quit requested from main goroutine...."}
{"level":"debug","time":"2026-04-15T11:11:10.059+0530","caller":"core/lifecycle.go:60","msg":"Waiting for the goroutines to exit"}
{"level":"debug","time":"2026-04-15T11:11:10.059+0530","caller":"core/lifecycle.go:63","msg":"All lifecycle goroutines exited"}
{"level":"debug","time":"2026-04-15T11:11:10.059+0530","caller":"cmd/bin.go:361","msg":"main: all goroutines have finished."}
{"level":"debug","time":"2026-04-15T11:28:18.458+0530","caller":"cmd/bin.go:145","msg":"cli os: darwin, cli arch: arm64"}
{"level":"debug","time":"2026-04-15T11:28:19.191+0530","caller":"cmd/bin.go:154","msg":"Upstream version details: {Name:cli Min:0.2.265 Max:0.2.337} "}
{"level":"info","time":"2026-04-15T11:28:19.192+0530","caller":"cmd/bin.go:202","msg":"Generating TraceID for tracking request: 01KP7VG3KFSBDQ05F4GAHKS12C \n"}
{"level":"debug","time":"2026-04-15T11:28:21.503+0530","caller":"core/lifecycle.go:107","msg":"Setting environment"}
{"level":"debug","time":"2026-04-15T11:28:21.504+0530","caller":"core/lifecycle.go:110","msg":"Parsing config"}
{"level":"debug","time":"2026-04-15T11:28:21.504+0530","caller":"yamlconfigmanager/setup.go:724","msg":"Custom location for .hyperexecute.yaml specified. Using: yaml/linux/junit_hyperexecute_autosplit_sample.yaml"}
{"level":"debug","time":"2026-04-15T11:28:21.505+0530","caller":"yamlconfigmanager/setup.go:116","msg":"using hyperexecute config from : yaml/linux/junit_hyperexecute_autosplit_sample.yaml"}
{"level":"debug","time":"2026-04-15T11:28:24.025+0530","caller":"yamlconfigmanager/setup.go:2149","msg":"Autodetecting test type in files of path : /Users/anmolg/Desktop/Projects/HyperExecute/junit-selenium-hyperexecute-sample-main"}
{"level":"debug","time":"2026-04-15T11:28:24.026+0530","caller":"yamlconfigmanager/setup.go:546","msg":"Tunnel: false"}
{"level":"info","time":"2026-04-15T11:28:24.026+0530","caller":"models/HypertestYamlConfig.go:971","msg":"\n\u001b[4m\u001b[1m\u001b[97mExecution Plan\u001b[0m\u001b[22m\u001b[24m"}
{"level":"info","time":"2026-04-15T11:28:24.026+0530","caller":"models/HypertestYamlConfig.go:772","msg":"Mode:    \u001b[36mautosplit\u001b[0m"}
{"level":"info","time":"2026-04-15T11:28:24.026+0530","caller":"models/HypertestYamlConfig.go:832","msg":"Runson:    \u001b[36mlinux\u001b[0m"}
{"level":"info","time":"2026-04-15T11:28:24.026+0530","caller":"models/HypertestYamlConfig.go:840","msg":"Concurrency:    \u001b[36m3\u001b[0m"}
{"level":"info","time":"2026-04-15T11:28:24.026+0530","caller":"models/HypertestYamlConfig.go:904","msg":"Report:    \u001b[36mdisabled\u001b[0m"}
{"level":"info","time":"2026-04-15T11:28:24.026+0530","caller":"models/HypertestYamlConfig.go:984","msg":""}
{"level":"debug","time":"2026-04-15T11:28:24.026+0530","caller":"filevalidator/setup.go:49","msg":"Warning: Checking data.json file in current directory, no dataJsonPath found in .hyperexecute.yaml"}
{"level":"debug","time":"2026-04-15T11:28:24.027+0530","caller":"filevalidator/setup.go:53","msg":"Warning: data.json file doesn't exist"}
{"level":"debug","time":"2026-04-15T11:28:27.726+0530","caller":"core/lifecycle.go:527","msg":"Job ID: 2b11b60e-c58c-4c10-a156-b2af4008131c"}
{"level":"debug","time":"2026-04-15T11:28:27.726+0530","caller":"events/manager.go:97","msg":"Starting event manager"}
{"level":"debug","time":"2026-04-15T11:28:27.727+0530","caller":"events/manager.go:99","msg":"SSE enabled, getting SSE connection"}
{"level":"debug","time":"2026-04-15T11:28:27.727+0530","caller":"core/lifecycle.go:530","msg":"User - anmolgtestmuai, triggered job with ID 2b11b60e-c58c-4c10-a156-b2af4008131c from CLI"}
{"level":"debug","time":"2026-04-15T11:28:27.729+0530","caller":"archivemanager/setup.go:339","msg":"digestMap: map[]"}
{"level":"debug","time":"2026-04-15T11:28:27.729+0530","caller":"archivemanager/setup.go:345","msg":"Creating archive of target directory: /Users/anmolg/Desktop/Projects/HyperExecute/junit-selenium-hyperexecute-sample-main"}
{"level":"debug","time":"2026-04-15T11:28:27.766+0530","caller":"core/lifecycle.go:684","msg":"Zip file size: 224.25 kB"}
{"level":"debug","time":"2026-04-15T11:28:27.766+0530","caller":"core/lifecycle.go:694","msg":"Archive location: /Users/anmolg/Desktop/Projects/HyperExecute/junit-selenium-hyperexecute-sample-main/hyperexecute-code-2b11b60e-c58c-4c10-a156-b2af4008131c.zip\n"}
{"level":"debug","time":"2026-04-15T11:28:27.766+0530","caller":"storage/azure.go:60","msg":"Payload size: 224.25 kB, source path /Users/anmolg/Desktop/Projects/HyperExecute/junit-selenium-hyperexecute-sample-main/hyperexecute-code-2b11b60e-c58c-4c10-a156-b2af4008131c.zip"}
{"level":"debug","time":"2026-04-15T11:28:28.707+0530","caller":"events/manager.go:288","msg":"connection to hyperexecute server established successfully."}
{"level":"debug","time":"2026-04-15T11:28:32.319+0530","caller":"storage/azure.go:84","msg":"Azcopy output: \n\r0.0 %, 0 Done, 0 Failed, 1 Pending, 0 Skipped, 1 Total, 2-sec Throughput (Mb/s): 0.8963\r100.0 %, 1 Done, 0 Failed, 0 Pending, 0 Skipped, 1 Total,                              \nTotal time taken to upload(min) :0.0667\n, stderr: "}
{"level":"info","time":"2026-04-15T11:28:32.319+0530","caller":"storage/azure.go:123","msg":"File: /Users/anmolg/Desktop/Projects/HyperExecute/junit-selenium-hyperexecute-sample-main/hyperexecute-code-2b11b60e-c58c-4c10-a156-b2af4008131c.zip upload completed in 4.553242834s"}
{"level":"debug","time":"2026-04-15T11:28:32.320+0530","caller":"receptionmanager/setup.go:284","msg":"only one runtime entry detected, mapping it to older yaml format"}
{"level":"debug","time":"2026-04-15T11:28:32.320+0530","caller":"receptionmanager/setup.go:303","msg":"number of entries in partialreports: 1, switching to new yaml format"}
{"level":"debug","time":"2026-04-15T11:28:32.320+0530","caller":"receptionmanager/setup.go:188","msg":"Uploading yaml : /Users/anmolg/Desktop/Projects/HyperExecute/junit-selenium-hyperexecute-sample-main/.updatedhyperexecute.yaml"}
{"level":"debug","time":"2026-04-15T11:28:32.320+0530","caller":"storage/azure.go:60","msg":"Payload size: 3.90 kB, source path /Users/anmolg/Desktop/Projects/HyperExecute/junit-selenium-hyperexecute-sample-main/.updatedhyperexecute.yaml"}
{"level":"debug","time":"2026-04-15T11:28:34.356+0530","caller":"storage/azure.go:84","msg":"Azcopy output: \n\r100.0 %, 1 Done, 0 Failed, 0 Pending, 0 Skipped, 1 Total, 2-sec Throughput (Mb/s): 0.0156\nTotal time taken to upload(min) :0.0333\n, stderr: "}
{"level":"info","time":"2026-04-15T11:28:34.356+0530","caller":"storage/azure.go:123","msg":"File: /Users/anmolg/Desktop/Projects/HyperExecute/junit-selenium-hyperexecute-sample-main/.updatedhyperexecute.yaml upload completed in 2.035858417s"}
{"level":"debug","time":"2026-04-15T11:28:34.356+0530","caller":"core/lifecycle.go:721","msg":"Successfully deleted code archive: /Users/anmolg/Desktop/Projects/HyperExecute/junit-selenium-hyperexecute-sample-main/hyperexecute-code-2b11b60e-c58c-4c10-a156-b2af4008131c.zip\n"}
{"level":"debug","time":"2026-04-15T11:28:34.357+0530","caller":"storage/azure.go:60","msg":"Payload size: 482 B, source path yaml/linux/mask-2b11b60e-c58c-4c10-a156-b2af4008131c.yaml"}
{"level":"debug","time":"2026-04-15T11:28:36.390+0530","caller":"storage/azure.go:84","msg":"Azcopy output: \n\r100.0 %, 1 Done, 0 Failed, 0 Pending, 0 Skipped, 1 Total, 2-sec Throughput (Mb/s): 0.0019\nTotal time taken to upload(min) :0.0334\n, stderr: "}
{"level":"info","time":"2026-04-15T11:28:36.390+0530","caller":"storage/azure.go:123","msg":"File: yaml/linux/mask-2b11b60e-c58c-4c10-a156-b2af4008131c.yaml upload completed in 2.033178125s"}
{"level":"debug","time":"2026-04-15T11:28:38.702+0530","caller":"jobmanager/sse_setup.go:192","msg":"Task id: HYPL-509662-1776232717526389935UHH"}
{"level":"debug","time":"2026-04-15T11:28:38.702+0530","caller":"jobmanager/sse_setup.go:193","msg":"Sending new task alert to stage manager for taskId: HYPL-509662-1776232717526389935UHH"}
{"level":"debug","time":"2026-04-15T11:28:38.702+0530","caller":"jobmanager/sse_setup.go:192","msg":"Task id: HYPL-509662-1776232717534322813BKY"}
{"level":"debug","time":"2026-04-15T11:28:38.702+0530","caller":"jobmanager/sse_setup.go:193","msg":"Sending new task alert to stage manager for taskId: HYPL-509662-1776232717534322813BKY"}
{"level":"debug","time":"2026-04-15T11:28:38.702+0530","caller":"jobmanager/sse_setup.go:192","msg":"Task id: HYPL-509662-1776232717538989324TCA"}
{"level":"debug","time":"2026-04-15T11:28:38.702+0530","caller":"jobmanager/sse_setup.go:193","msg":"Sending new task alert to stage manager for taskId: HYPL-509662-1776232717538989324TCA"}
{"level":"info","time":"2026-04-15T11:28:41.353+0530","caller":"jobmanager/sse_setup.go:84","msg":"\nJob \u001b[1m\u001b[4m2b11b60e-c58c-4c10-a156-b2af4008131c\u001b[24m\u001b[22m has started \u001b[97mRUNNING\u001b[0m"}
{"level":"info","time":"2026-04-15T11:28:41.353+0530","caller":"jobmanager/manager.go:138","msg":"Job Link: \u001b[4m\u001b[34mhttps://hyperexecute.lambdatest.com/hyperexecute/task?jobId=2b11b60e-c58c-4c10-a156-b2af4008131c\u001b[0m\u001b[24m\n"}
{"level":"info","time":"2026-04-15T11:28:48.326+0530","caller":"terminal/terminal.go:187","msg":"\u001b[32m✔\u001b[0m [3]  \u001b[2msetup-runtime (8s)\u001b[22m\n"}
{"level":"info","time":"2026-04-15T11:28:48.353+0530","caller":"terminal/terminal.go:187","msg":"\u001b[32m✔\u001b[0m [1]  \u001b[2msetup-runtime (8s)\u001b[22m\n"}
{"level":"info","time":"2026-04-15T11:28:48.366+0530","caller":"terminal/terminal.go:187","msg":"\u001b[32m✔\u001b[0m [2]  \u001b[2msetup-runtime (8s)\u001b[22m\n"}
{"level":"info","time":"2026-04-15T11:29:07.091+0530","caller":"terminal/terminal.go:187","msg":"\u001b[32m✔\u001b[0m [1]  \u001b[2mpre (19s)\u001b[22m\n"}
{"level":"info","time":"2026-04-15T11:29:07.254+0530","caller":"terminal/terminal.go:187","msg":"\u001b[32m✔\u001b[0m [1]  \u001b[2mdiscovery (0s)\u001b[22m\n"}
{"level":"info","time":"2026-04-15T11:29:11.060+0530","caller":"terminal/terminal.go:187","msg":"\u001b[32m✔\u001b[0m [3]  \u001b[2mpre (23s)\u001b[22m\n"}
{"level":"info","time":"2026-04-15T11:29:11.202+0530","caller":"terminal/terminal.go:187","msg":"\u001b[32m✔\u001b[0m [3]  \u001b[2mdiscovery (0s)\u001b[22m\n"}
{"level":"info","time":"2026-04-15T11:29:13.785+0530","caller":"terminal/terminal.go:187","msg":"\u001b[32m✔\u001b[0m [2]  \u001b[2mpre (26s)\u001b[22m\n"}
{"level":"info","time":"2026-04-15T11:29:13.915+0530","caller":"terminal/terminal.go:187","msg":"\u001b[32m✔\u001b[0m [2]  \u001b[2mdiscovery (1s)\u001b[22m\n"}
{"level":"debug","time":"2026-04-15T11:29:52.487+0530","caller":"events/manager.go:356","msg":"No new messages received from SSE for jobID: 2b11b60e-c58c-4c10-a156-b2af4008131c. Fetching from APIs"}
{"level":"debug","time":"2026-04-15T11:30:24.243+0530","caller":"events/manager.go:356","msg":"No new messages received from SSE for jobID: 2b11b60e-c58c-4c10-a156-b2af4008131c. Fetching from APIs"}
{"level":"info","time":"2026-04-15T11:30:29.899+0530","caller":"terminal/terminal.go:187","msg":"\u001b[32m✔\u001b[0m [1]  \u001b[2mSelPlayGroundTest10 (1m15s)\u001b[22m\n"}
{"level":"info","time":"2026-04-15T11:30:43.355+0530","caller":"terminal/terminal.go:187","msg":"\u001b[32m✔\u001b[0m [3]  \u001b[2mSelPlayGroundTest12 (1m24s)\u001b[22m\n"}
{"level":"info","time":"2026-04-15T11:30:52.973+0530","caller":"terminal/terminal.go:187","msg":"\u001b[32m✔\u001b[0m [1]  \u001b[2mSelPlayGroundTest13 (23s)\u001b[22m\n"}
{"level":"info","time":"2026-04-15T11:30:55.463+0530","caller":"terminal/terminal.go:187","msg":"\u001b[32m✔\u001b[0m [2]  \u001b[2mSelPlayGroundTest11 (1m33s)\u001b[22m\n"}
{"level":"info","time":"2026-04-15T11:31:13.747+0530","caller":"terminal/terminal.go:187","msg":"\u001b[32m✔\u001b[0m [1]  \u001b[2mSelPlayGroundTest1 (21s)\u001b[22m\n"}
{"level":"info","time":"2026-04-15T11:31:15.102+0530","caller":"terminal/terminal.go:187","msg":"\u001b[32m✔\u001b[0m [3]  \u001b[2mSelPlayGroundTest15 (32s)\u001b[22m\n"}
{"level":"info","time":"2026-04-15T11:31:19.505+0530","caller":"terminal/terminal.go:187","msg":"\u001b[91mx\u001b[0m [2]  \u001b[2mSelPlayGroundTest14 (24s)\u001b[22m\n"}
{"level":"info","time":"2026-04-15T11:31:33.054+0530","caller":"terminal/terminal.go:187","msg":"\u001b[32m✔\u001b[0m [1]  \u001b[2mSelPlayGroundTest4 (19s)\u001b[22m\n"}
{"level":"info","time":"2026-04-15T11:31:42.840+0530","caller":"terminal/terminal.go:187","msg":"\u001b[32m✔\u001b[0m [3]  \u001b[2mSelPlayGroundTest3 (28s)\u001b[22m\n"}
{"level":"info","time":"2026-04-15T11:31:51.387+0530","caller":"terminal/terminal.go:187","msg":"\u001b[32m✔\u001b[0m [2]  \u001b[2mSelPlayGroundTest2 (32s)\u001b[22m\n"}
{"level":"info","time":"2026-04-15T11:31:55.502+0530","caller":"terminal/terminal.go:187","msg":"\u001b[32m✔\u001b[0m [1]  \u001b[2mSelPlayGroundTest7 (22s)\u001b[22m\n"}
{"level":"info","time":"2026-04-15T11:32:10.559+0530","caller":"terminal/terminal.go:187","msg":"\u001b[32m✔\u001b[0m [3]  \u001b[2mSelPlayGroundTest6 (27s)\u001b[22m\n"}
{"level":"info","time":"2026-04-15T11:32:17.078+0530","caller":"terminal/terminal.go:187","msg":"\u001b[91mx\u001b[0m [2]  \u001b[2mSelPlayGroundTest5 (26s)\u001b[22m\n"}
{"level":"info","time":"2026-04-15T11:32:52.410+0530","caller":"terminal/terminal.go:187","msg":"\u001b[32m✔\u001b[0m [2]  \u001b[2mSelPlayGroundTest8 (35s)\u001b[22m\n"}
{"level":"debug","time":"2026-04-15T11:33:22.411+0530","caller":"events/manager.go:356","msg":"No new messages received from SSE for jobID: 2b11b60e-c58c-4c10-a156-b2af4008131c. Fetching from APIs"}
{"level":"debug","time":"2026-04-15T11:33:54.023+0530","caller":"events/manager.go:356","msg":"No new messages received from SSE for jobID: 2b11b60e-c58c-4c10-a156-b2af4008131c. Fetching from APIs"}
{"level":"debug","time":"2026-04-15T11:34:25.660+0530","caller":"events/manager.go:356","msg":"No new messages received from SSE for jobID: 2b11b60e-c58c-4c10-a156-b2af4008131c. Fetching from APIs"}
{"level":"debug","time":"2026-04-15T11:34:57.250+0530","caller":"events/manager.go:356","msg":"No new messages received from SSE for jobID: 2b11b60e-c58c-4c10-a156-b2af4008131c. Fetching from APIs"}
{"level":"debug","time":"2026-04-15T11:35:29.354+0530","caller":"events/manager.go:356","msg":"No new messages received from SSE for jobID: 2b11b60e-c58c-4c10-a156-b2af4008131c. Fetching from APIs"}
{"level":"debug","time":"2026-04-15T11:35:32.440+0530","caller":"events/manager.go:279","msg":"SSE connection completed. Reconnecting!!"}
{"level":"debug","time":"2026-04-15T11:35:34.201+0530","caller":"events/manager.go:288","msg":"connection to hyperexecute server established successfully."}
{"level":"debug","time":"2026-04-15T11:36:00.949+0530","caller":"events/manager.go:356","msg":"No new messages received from SSE for jobID: 2b11b60e-c58c-4c10-a156-b2af4008131c. Fetching from APIs"}
{"level":"debug","time":"2026-04-15T11:36:32.711+0530","caller":"events/manager.go:356","msg":"No new messages received from SSE for jobID: 2b11b60e-c58c-4c10-a156-b2af4008131c. Fetching from APIs"}
{"level":"debug","time":"2026-04-15T11:37:04.482+0530","caller":"events/manager.go:356","msg":"No new messages received from SSE for jobID: 2b11b60e-c58c-4c10-a156-b2af4008131c. Fetching from APIs"}
{"level":"debug","time":"2026-04-15T11:37:36.182+0530","caller":"events/manager.go:356","msg":"No new messages received from SSE for jobID: 2b11b60e-c58c-4c10-a156-b2af4008131c. Fetching from APIs"}
{"level":"debug","time":"2026-04-15T11:37:39.215+0530","caller":"events/manager.go:279","msg":"SSE connection completed. Reconnecting!!"}
{"level":"debug","time":"2026-04-15T11:37:40.629+0530","caller":"events/manager.go:288","msg":"connection to hyperexecute server established successfully."}
{"level":"error","time":"2026-04-15T11:37:40.830+0530","caller":"jobmanager/sse_setup.go:104","msg":"2026-04-15T11:28:17+05:30    error    \u001b[91mERR::JOB::STS\u001b[0m     Job aborted!"}
{"level":"debug","time":"2026-04-15T11:37:40.830+0530","caller":"jobmanager/sse_setup.go:134","msg":"\n\nJob status"}
{"level":"info","time":"2026-04-15T11:37:41.648+0530","caller":"jobmanager/JobSummaryManager.go:54","msg":"\n\u001b[101m ABORTED \u001b[0m\n"}
{"level":"info","time":"2026-04-15T11:37:41.648+0530","caller":"jobmanager/JobSummaryManager.go:113","msg":"    \u001b[1mTest Execution Time\u001b[22m:                  \u001b[91m2m19s\u001b[0m"}
{"level":"info","time":"2026-04-15T11:37:41.648+0530","caller":"jobmanager/JobSummaryManager.go:113","msg":"    \u001b[1mJob Duration Time\u001b[22m:                    9m12s"}
{"level":"info","time":"2026-04-15T11:37:41.648+0530","caller":"jobmanager/JobSummaryManager.go:113","msg":"    \u001b[1mTotal Tasks\u001b[22m:                          3"}
{"level":"info","time":"2026-04-15T11:37:41.648+0530","caller":"jobmanager/JobSummaryManager.go:113","msg":"    \u001b[1mCumulative Time Consumed\u001b[22m:             17m28s"}
{"level":"info","time":"2026-04-15T11:37:41.649+0530","caller":"jobmanager/JobSummaryManager.go:113","msg":"    \u001b[1mTotal Stages\u001b[22m:                         21"}
{"level":"info","time":"2026-04-15T11:37:41.649+0530","caller":"jobmanager/JobSummaryManager.go:113","msg":"    \u001b[1mPass discovery stage percentage\u001b[22m:      100.00%"}
{"level":"info","time":"2026-04-15T11:37:41.649+0530","caller":"jobmanager/JobSummaryManager.go:113","msg":"    \u001b[1mFailed discovery stage percentage\u001b[22m:    0.00%"}
{"level":"info","time":"2026-04-15T11:37:41.649+0530","caller":"jobmanager/JobSummaryManager.go:113","msg":"    \u001b[1mPass pre stage percentage\u001b[22m:            \u001b[92m100.00%\u001b[0m"}
{"level":"info","time":"2026-04-15T11:37:41.649+0530","caller":"jobmanager/JobSummaryManager.go:113","msg":"    \u001b[1mFailed pre stage percentage\u001b[22m:          0.00%"}
{"level":"info","time":"2026-04-15T11:37:41.649+0530","caller":"jobmanager/JobSummaryManager.go:113","msg":"    \u001b[1mPass test stage percentage\u001b[22m:           80.00%"}
{"level":"info","time":"2026-04-15T11:37:41.649+0530","caller":"jobmanager/JobSummaryManager.go:113","msg":"    \u001b[1mFailed test stage percentage\u001b[22m:         \u001b[91m20.00%\u001b[0m"}
{"level":"info","time":"2026-04-15T11:37:41.649+0530","caller":"jobmanager/JobSummaryManager.go:113","msg":"    \u001b[1mPass post stage percentage\u001b[22m:           0.00%"}
{"level":"info","time":"2026-04-15T11:37:41.649+0530","caller":"jobmanager/JobSummaryManager.go:113","msg":"    \u001b[1mFailed post stage percentage\u001b[22m:         0.00%"}
{"level":"info","time":"2026-04-15T11:37:41.649+0530","caller":"jobmanager/JobSummaryManager.go:113","msg":"    \u001b[1mFailed Tasks\u001b[22m:                         0"}
{"level":"info","time":"2026-04-15T11:37:41.649+0530","caller":"jobmanager/JobSummaryManager.go:58","msg":""}
{"level":"debug","time":"2026-04-15T11:37:41.650+0530","caller":"core/lifecycle.go:924","msg":"Context canceled"}
{"level":"info","time":"2026-04-15T11:37:41.650+0530","caller":"events/manager.go:338","msg":"context done and stopping SSE"}
{"level":"debug","time":"2026-04-15T11:37:41.650+0530","caller":"events/manager.go:256","msg":"Stopping event manager"}
{"level":"info","time":"2026-04-15T11:37:41.650+0530","caller":"core/lifecycle.go:927","msg":"\u001b[2mStopping pipeline gracefully\u001b[22m"}
{"level":"error","time":"2026-04-15T11:37:41.650+0530","caller":"core/lifecycle.go:930","msg":"2026-04-15T11:28:17+05:30    error    Exiting with error: Job aborted."}
{"level":"info","time":"2026-04-15T11:37:41.650+0530","caller":"jobmanager/manager.go:138","msg":"Job Link: \u001b[4m\u001b[34mhttps://hyperexecute.lambdatest.com/hyperexecute/task?jobId=2b11b60e-c58c-4c10-a156-b2af4008131c\u001b[0m\u001b[24m\n"}
{"level":"debug","time":"2026-04-15T11:37:41.650+0530","caller":"core/lifecycle.go:59","msg":"Quit requested from main goroutine...."}
{"level":"debug","time":"2026-04-15T11:37:41.651+0530","caller":"core/lifecycle.go:60","msg":"Waiting for the goroutines to exit"}
{"level":"debug","time":"2026-04-15T11:37:41.651+0530","caller":"core/lifecycle.go:63","msg":"All lifecycle goroutines exited"}
{"level":"debug","time":"2026-04-15T11:37:41.651+0530","caller":"cmd/bin.go:361","msg":"main: all goroutines have finished."}
{"level":"debug","time":"2026-04-15T11:37:41.651+0530","caller":"cmd/bin.go:400","msg":"Exiting application due to error Job aborted."}
{"level":"debug","time":"2026-04-15T11:39:11.880+0530","caller":"cmd/bin.go:145","msg":"cli os: darwin, cli arch: arm64"}
{"level":"debug","time":"2026-04-15T11:39:12.603+0530","caller":"cmd/bin.go:154","msg":"Upstream version details: {Name:cli Min:0.2.265 Max:0.2.337} "}
{"level":"info","time":"2026-04-15T11:39:12.603+0530","caller":"cmd/bin.go:202","msg":"Generating TraceID for tracking request: 01KP7W41ZQBGY78HD1HCAQ7DEF \n"}
{"level":"debug","time":"2026-04-15T11:39:14.995+0530","caller":"core/lifecycle.go:107","msg":"Setting environment"}
{"level":"debug","time":"2026-04-15T11:39:14.996+0530","caller":"core/lifecycle.go:110","msg":"Parsing config"}
{"level":"debug","time":"2026-04-15T11:39:14.996+0530","caller":"yamlconfigmanager/setup.go:724","msg":"Custom location for .hyperexecute.yaml specified. Using: yaml/linux/junit_hyperexecute_autosplit_sample.yaml"}
{"level":"debug","time":"2026-04-15T11:39:14.996+0530","caller":"yamlconfigmanager/setup.go:116","msg":"using hyperexecute config from : yaml/linux/junit_hyperexecute_autosplit_sample.yaml"}
{"level":"debug","time":"2026-04-15T11:39:17.063+0530","caller":"yamlconfigmanager/setup.go:2149","msg":"Autodetecting test type in files of path : /Users/anmolg/Desktop/Projects/HyperExecute/junit-selenium-hyperexecute-sample-main"}
{"level":"debug","time":"2026-04-15T11:39:17.064+0530","caller":"yamlconfigmanager/setup.go:546","msg":"Tunnel: false"}
{"level":"info","time":"2026-04-15T11:39:17.064+0530","caller":"models/HypertestYamlConfig.go:971","msg":"\n\u001b[4m\u001b[1m\u001b[97mExecution Plan\u001b[0m\u001b[22m\u001b[24m"}
{"level":"info","time":"2026-04-15T11:39:17.064+0530","caller":"models/HypertestYamlConfig.go:772","msg":"Mode:    \u001b[36mautosplit\u001b[0m"}
{"level":"info","time":"2026-04-15T11:39:17.064+0530","caller":"models/HypertestYamlConfig.go:832","msg":"Runson:    \u001b[36mlinux\u001b[0m"}
{"level":"info","time":"2026-04-15T11:39:17.064+0530","caller":"models/HypertestYamlConfig.go:840","msg":"Concurrency:    \u001b[36m3\u001b[0m"}
{"level":"info","time":"2026-04-15T11:39:17.064+0530","caller":"models/HypertestYamlConfig.go:904","msg":"Report:    \u001b[36menabled\u001b[0m"}
{"level":"info","time":"2026-04-15T11:39:17.064+0530","caller":"models/HypertestYamlConfig.go:984","msg":""}
{"level":"debug","time":"2026-04-15T11:39:17.064+0530","caller":"filevalidator/setup.go:49","msg":"Warning: Checking data.json file in current directory, no dataJsonPath found in .hyperexecute.yaml"}
{"level":"debug","time":"2026-04-15T11:39:17.064+0530","caller":"filevalidator/setup.go:53","msg":"Warning: data.json file doesn't exist"}
{"level":"debug","time":"2026-04-15T11:39:20.385+0530","caller":"core/lifecycle.go:527","msg":"Job ID: 14ed6132-3b7d-455d-b069-7ae1b603e33f"}
{"level":"debug","time":"2026-04-15T11:39:20.386+0530","caller":"events/manager.go:97","msg":"Starting event manager"}
{"level":"debug","time":"2026-04-15T11:39:20.386+0530","caller":"core/lifecycle.go:530","msg":"User - anmolgtestmuai, triggered job with ID 14ed6132-3b7d-455d-b069-7ae1b603e33f from CLI"}
{"level":"debug","time":"2026-04-15T11:39:20.386+0530","caller":"events/manager.go:99","msg":"SSE enabled, getting SSE connection"}
{"level":"debug","time":"2026-04-15T11:39:20.387+0530","caller":"archivemanager/setup.go:339","msg":"digestMap: map[]"}
{"level":"debug","time":"2026-04-15T11:39:20.387+0530","caller":"archivemanager/setup.go:345","msg":"Creating archive of target directory: /Users/anmolg/Desktop/Projects/HyperExecute/junit-selenium-hyperexecute-sample-main"}
{"level":"debug","time":"2026-04-15T11:39:20.426+0530","caller":"core/lifecycle.go:684","msg":"Zip file size: 224.35 kB"}
{"level":"debug","time":"2026-04-15T11:39:20.426+0530","caller":"core/lifecycle.go:694","msg":"Archive location: /Users/anmolg/Desktop/Projects/HyperExecute/junit-selenium-hyperexecute-sample-main/hyperexecute-code-14ed6132-3b7d-455d-b069-7ae1b603e33f.zip\n"}
{"level":"debug","time":"2026-04-15T11:39:20.426+0530","caller":"storage/azure.go:60","msg":"Payload size: 224.35 kB, source path /Users/anmolg/Desktop/Projects/HyperExecute/junit-selenium-hyperexecute-sample-main/hyperexecute-code-14ed6132-3b7d-455d-b069-7ae1b603e33f.zip"}
{"level":"debug","time":"2026-04-15T11:39:21.381+0530","caller":"events/manager.go:288","msg":"connection to hyperexecute server established successfully."}
{"level":"debug","time":"2026-04-15T11:39:24.998+0530","caller":"storage/azure.go:84","msg":"Azcopy output: \n\r0.0 %, 0 Done, 0 Failed, 1 Pending, 0 Skipped, 1 Total, 2-sec Throughput (Mb/s): 0.8965\r100.0 %, 1 Done, 0 Failed, 0 Pending, 0 Skipped, 1 Total,                              \nTotal time taken to upload(min) :0.0667\n, stderr: "}
{"level":"info","time":"2026-04-15T11:39:24.998+0530","caller":"storage/azure.go:123","msg":"File: /Users/anmolg/Desktop/Projects/HyperExecute/junit-selenium-hyperexecute-sample-main/hyperexecute-code-14ed6132-3b7d-455d-b069-7ae1b603e33f.zip upload completed in 4.57178725s"}
{"level":"debug","time":"2026-04-15T11:39:24.998+0530","caller":"receptionmanager/setup.go:284","msg":"only one runtime entry detected, mapping it to older yaml format"}
{"level":"debug","time":"2026-04-15T11:39:24.999+0530","caller":"receptionmanager/setup.go:313","msg":"only one partialreports entry detected, mapping it to older yaml format"}
{"level":"debug","time":"2026-04-15T11:39:24.999+0530","caller":"receptionmanager/setup.go:188","msg":"Uploading yaml : /Users/anmolg/Desktop/Projects/HyperExecute/junit-selenium-hyperexecute-sample-main/.updatedhyperexecute.yaml"}
{"level":"debug","time":"2026-04-15T11:39:24.999+0530","caller":"storage/azure.go:60","msg":"Payload size: 4.13 kB, source path /Users/anmolg/Desktop/Projects/HyperExecute/junit-selenium-hyperexecute-sample-main/.updatedhyperexecute.yaml"}
{"level":"debug","time":"2026-04-15T11:39:27.047+0530","caller":"storage/azure.go:84","msg":"Azcopy output: \n\r100.0 %, 1 Done, 0 Failed, 0 Pending, 0 Skipped, 1 Total, 2-sec Throughput (Mb/s): 0.0165\nTotal time taken to upload(min) :0.0333\n, stderr: "}
{"level":"info","time":"2026-04-15T11:39:27.047+0530","caller":"storage/azure.go:123","msg":"File: /Users/anmolg/Desktop/Projects/HyperExecute/junit-selenium-hyperexecute-sample-main/.updatedhyperexecute.yaml upload completed in 2.047813459s"}
{"level":"debug","time":"2026-04-15T11:39:27.047+0530","caller":"core/lifecycle.go:721","msg":"Successfully deleted code archive: /Users/anmolg/Desktop/Projects/HyperExecute/junit-selenium-hyperexecute-sample-main/hyperexecute-code-14ed6132-3b7d-455d-b069-7ae1b603e33f.zip\n"}
{"level":"debug","time":"2026-04-15T11:39:27.048+0530","caller":"storage/azure.go:60","msg":"Payload size: 595 B, source path yaml/linux/mask-14ed6132-3b7d-455d-b069-7ae1b603e33f.yaml"}
{"level":"debug","time":"2026-04-15T11:39:29.082+0530","caller":"storage/azure.go:84","msg":"Azcopy output: \n\r100.0 %, 1 Done, 0 Failed, 0 Pending, 0 Skipped, 1 Total, 2-sec Throughput (Mb/s): 0.0024\nTotal time taken to upload(min) :0.0333\n, stderr: "}
{"level":"info","time":"2026-04-15T11:39:29.082+0530","caller":"storage/azure.go:123","msg":"File: yaml/linux/mask-14ed6132-3b7d-455d-b069-7ae1b603e33f.yaml upload completed in 2.034686s"}
{"level":"debug","time":"2026-04-15T11:39:32.255+0530","caller":"jobmanager/sse_setup.go:192","msg":"Task id: HYPL-509662-1776233370342576617SJQ"}
{"level":"debug","time":"2026-04-15T11:39:32.256+0530","caller":"jobmanager/sse_setup.go:193","msg":"Sending new task alert to stage manager for taskId: HYPL-509662-1776233370342576617SJQ"}
{"level":"debug","time":"2026-04-15T11:39:32.256+0530","caller":"jobmanager/sse_setup.go:192","msg":"Task id: HYPL-509662-1776233370370513746RCV"}
{"level":"debug","time":"2026-04-15T11:39:32.256+0530","caller":"jobmanager/sse_setup.go:193","msg":"Sending new task alert to stage manager for taskId: HYPL-509662-1776233370370513746RCV"}
{"level":"debug","time":"2026-04-15T11:39:32.256+0530","caller":"jobmanager/sse_setup.go:192","msg":"Task id: HYPL-509662-1776233370982399889CSQ"}
{"level":"debug","time":"2026-04-15T11:39:32.256+0530","caller":"jobmanager/sse_setup.go:193","msg":"Sending new task alert to stage manager for taskId: HYPL-509662-1776233370982399889CSQ"}
{"level":"info","time":"2026-04-15T11:39:35.108+0530","caller":"jobmanager/sse_setup.go:84","msg":"\nJob \u001b[1m\u001b[4m14ed6132-3b7d-455d-b069-7ae1b603e33f\u001b[24m\u001b[22m has started \u001b[97mRUNNING\u001b[0m"}
{"level":"info","time":"2026-04-15T11:39:35.108+0530","caller":"jobmanager/manager.go:138","msg":"Job Link: \u001b[4m\u001b[34mhttps://hyperexecute.lambdatest.com/hyperexecute/task?jobId=14ed6132-3b7d-455d-b069-7ae1b603e33f\u001b[0m\u001b[24m\n"}
{"level":"info","time":"2026-04-15T11:39:42.879+0530","caller":"terminal/terminal.go:187","msg":"\u001b[32m✔\u001b[0m [3]  \u001b[2msetup-runtime (9s)\u001b[22m\n"}
{"level":"info","time":"2026-04-15T11:39:43.364+0530","caller":"terminal/terminal.go:187","msg":"\u001b[32m✔\u001b[0m [2]  \u001b[2msetup-runtime (9s)\u001b[22m\n"}
{"level":"info","time":"2026-04-15T11:39:43.420+0530","caller":"terminal/terminal.go:187","msg":"\u001b[32m✔\u001b[0m [1]  \u001b[2msetup-runtime (9s)\u001b[22m\n"}
{"level":"info","time":"2026-04-15T11:40:05.639+0530","caller":"terminal/terminal.go:187","msg":"\u001b[32m✔\u001b[0m [2]  \u001b[2mpre (23s)\u001b[22m\n"}
{"level":"info","time":"2026-04-15T11:40:05.820+0530","caller":"terminal/terminal.go:187","msg":"\u001b[32m✔\u001b[0m [2]  \u001b[2mdiscovery (1s)\u001b[22m\n"}
{"level":"info","time":"2026-04-15T11:40:06.331+0530","caller":"terminal/terminal.go:187","msg":"\u001b[32m✔\u001b[0m [3]  \u001b[2mpre (24s)\u001b[22m\n"}
{"level":"info","time":"2026-04-15T11:40:06.500+0530","caller":"terminal/terminal.go:187","msg":"\u001b[32m✔\u001b[0m [3]  \u001b[2mdiscovery (0s)\u001b[22m\n"}
{"level":"info","time":"2026-04-15T11:40:07.326+0530","caller":"terminal/terminal.go:187","msg":"\u001b[32m✔\u001b[0m [1]  \u001b[2mpre (24s)\u001b[22m\n"}
{"level":"info","time":"2026-04-15T11:40:07.468+0530","caller":"terminal/terminal.go:187","msg":"\u001b[32m✔\u001b[0m [1]  \u001b[2mdiscovery (0s)\u001b[22m\n"}
{"level":"debug","time":"2026-04-15T11:40:48.709+0530","caller":"events/manager.go:356","msg":"No new messages received from SSE for jobID: 14ed6132-3b7d-455d-b069-7ae1b603e33f. Fetching from APIs"}
{"level":"debug","time":"2026-04-15T11:41:20.334+0530","caller":"events/manager.go:356","msg":"No new messages received from SSE for jobID: 14ed6132-3b7d-455d-b069-7ae1b603e33f. Fetching from APIs"}
{"level":"info","time":"2026-04-15T11:41:30.822+0530","caller":"terminal/terminal.go:187","msg":"\u001b[32m✔\u001b[0m [1]  \u001b[2mSelPlayGroundTest10 (1m13s)\u001b[22m\n"}
{"level":"info","time":"2026-04-15T11:41:39.113+0530","caller":"terminal/terminal.go:187","msg":"\u001b[32m✔\u001b[0m [3]  \u001b[2mSelPlayGroundTest12 (1m25s)\u001b[22m\n"}
{"level":"info","time":"2026-04-15T11:41:51.550+0530","caller":"terminal/terminal.go:187","msg":"\u001b[32m✔\u001b[0m [1]  \u001b[2mSelPlayGroundTest13 (20s)\u001b[22m\n"}
{"level":"info","time":"2026-04-15T11:41:59.116+0530","caller":"terminal/terminal.go:187","msg":"\u001b[32m✔\u001b[0m [2]  \u001b[2mSelPlayGroundTest11 (1m45s)\u001b[22m\n"}
{"level":"info","time":"2026-04-15T11:42:11.276+0530","caller":"terminal/terminal.go:187","msg":"\u001b[32m✔\u001b[0m [1]  \u001b[2mSelPlayGroundTest1 (20s)\u001b[22m\n"}
{"level":"info","time":"2026-04-15T11:42:14.914+0530","caller":"terminal/terminal.go:187","msg":"\u001b[32m✔\u001b[0m [3]  \u001b[2mSelPlayGroundTest15 (36s)\u001b[22m\n"}
{"level":"info","time":"2026-04-15T11:42:24.944+0530","caller":"terminal/terminal.go:187","msg":"\u001b[91mx\u001b[0m [2]  \u001b[2mSelPlayGroundTest14 (26s)\u001b[22m\n"}
{"level":"info","time":"2026-04-15T11:42:33.107+0530","caller":"terminal/terminal.go:187","msg":"\u001b[32m✔\u001b[0m [1]  \u001b[2mSelPlayGroundTest4 (22s)\u001b[22m\n"}
{"level":"info","time":"2026-04-15T11:42:45.739+0530","caller":"terminal/terminal.go:187","msg":"\u001b[32m✔\u001b[0m [3]  \u001b[2mSelPlayGroundTest3 (31s)\u001b[22m\n"}
{"level":"info","time":"2026-04-15T11:42:55.170+0530","caller":"terminal/terminal.go:187","msg":"\u001b[32m✔\u001b[0m [1]  \u001b[2mSelPlayGroundTest7 (22s)\u001b[22m\n"}
{"level":"info","time":"2026-04-15T11:42:56.823+0530","caller":"terminal/terminal.go:187","msg":"\u001b[32m✔\u001b[0m [2]  \u001b[2mSelPlayGroundTest2 (32s)\u001b[22m\n"}
{"level":"info","time":"2026-04-15T11:43:13.141+0530","caller":"terminal/terminal.go:187","msg":"\u001b[32m✔\u001b[0m [3]  \u001b[2mSelPlayGroundTest6 (27s)\u001b[22m\n"}
{"level":"info","time":"2026-04-15T11:43:21.100+0530","caller":"terminal/terminal.go:187","msg":"\u001b[91mx\u001b[0m [2]  \u001b[2mSelPlayGroundTest5 (24s)\u001b[22m\n"}
{"level":"info","time":"2026-04-15T11:43:47.987+0530","caller":"terminal/terminal.go:187","msg":"\u001b[32m✔\u001b[0m [3]  \u001b[2mSelPlayGroundTest9 (35s)\u001b[22m\n"}
{"level":"info","time":"2026-04-15T11:43:55.340+0530","caller":"terminal/terminal.go:187","msg":"\u001b[32m✔\u001b[0m [2]  \u001b[2mSelPlayGroundTest8 (34s)\u001b[22m\n"}
{"level":"debug","time":"2026-04-15T11:44:28.047+0530","caller":"jobmanager/sse_setup.go:134","msg":"\n\nJob status"}
{"level":"info","time":"2026-04-15T11:44:28.050+0530","caller":"core/lifecycle.go:811","msg":"taskId:HYPL-509662-1776233370370513746RCV has failed with remark: Job failed as encountered a Test level failure\n"}
{"level":"info","time":"2026-04-15T11:44:28.790+0530","caller":"jobmanager/JobSummaryManager.go:54","msg":"\n\u001b[101m FAILED \u001b[0m\n"}
{"level":"info","time":"2026-04-15T11:44:28.791+0530","caller":"jobmanager/JobSummaryManager.go:113","msg":"    \u001b[1mTest Execution Time\u001b[22m:                  \u001b[91m2m33s\u001b[0m"}
{"level":"info","time":"2026-04-15T11:44:28.791+0530","caller":"jobmanager/JobSummaryManager.go:113","msg":"    \u001b[1mJob Duration Time\u001b[22m:                    4m52s"}
{"level":"info","time":"2026-04-15T11:44:28.791+0530","caller":"jobmanager/JobSummaryManager.go:113","msg":"    \u001b[1mTotal Tasks\u001b[22m:                          3"}
{"level":"info","time":"2026-04-15T11:44:28.791+0530","caller":"jobmanager/JobSummaryManager.go:113","msg":"    \u001b[1mCumulative Time Consumed\u001b[22m:             13m28s"}
{"level":"info","time":"2026-04-15T11:44:28.791+0530","caller":"jobmanager/JobSummaryManager.go:113","msg":"    \u001b[1mTotal Stages\u001b[22m:                         21"}
{"level":"info","time":"2026-04-15T11:44:28.791+0530","caller":"jobmanager/JobSummaryManager.go:113","msg":"    \u001b[1mPass discovery stage percentage\u001b[22m:      100.00%"}
{"level":"info","time":"2026-04-15T11:44:28.791+0530","caller":"jobmanager/JobSummaryManager.go:113","msg":"    \u001b[1mFailed discovery stage percentage\u001b[22m:    0.00%"}
{"level":"info","time":"2026-04-15T11:44:28.791+0530","caller":"jobmanager/JobSummaryManager.go:113","msg":"    \u001b[1mPass pre stage percentage\u001b[22m:            \u001b[92m100.00%\u001b[0m"}
{"level":"info","time":"2026-04-15T11:44:28.792+0530","caller":"jobmanager/JobSummaryManager.go:113","msg":"    \u001b[1mFailed pre stage percentage\u001b[22m:          0.00%"}
{"level":"info","time":"2026-04-15T11:44:28.792+0530","caller":"jobmanager/JobSummaryManager.go:113","msg":"    \u001b[1mPass test stage percentage\u001b[22m:           86.67%"}
{"level":"info","time":"2026-04-15T11:44:28.792+0530","caller":"jobmanager/JobSummaryManager.go:113","msg":"    \u001b[1mFailed test stage percentage\u001b[22m:         \u001b[91m13.33%\u001b[0m"}
{"level":"info","time":"2026-04-15T11:44:28.792+0530","caller":"jobmanager/JobSummaryManager.go:113","msg":"    \u001b[1mPass post stage percentage\u001b[22m:           0.00%"}
{"level":"info","time":"2026-04-15T11:44:28.792+0530","caller":"jobmanager/JobSummaryManager.go:113","msg":"    \u001b[1mFailed post stage percentage\u001b[22m:         0.00%"}
{"level":"info","time":"2026-04-15T11:44:28.792+0530","caller":"jobmanager/JobSummaryManager.go:113","msg":"    \u001b[1mFailed Tasks\u001b[22m:                         1"}
{"level":"info","time":"2026-04-15T11:44:28.792+0530","caller":"jobmanager/JobSummaryManager.go:58","msg":""}
{"level":"debug","time":"2026-04-15T11:44:28.793+0530","caller":"core/lifecycle.go:924","msg":"Context canceled"}
{"level":"info","time":"2026-04-15T11:44:28.793+0530","caller":"events/manager.go:338","msg":"context done and stopping SSE"}
{"level":"debug","time":"2026-04-15T11:44:28.793+0530","caller":"events/manager.go:256","msg":"Stopping event manager"}
{"level":"info","time":"2026-04-15T11:44:28.793+0530","caller":"core/lifecycle.go:927","msg":"\u001b[2mStopping pipeline gracefully\u001b[22m"}
{"level":"error","time":"2026-04-15T11:44:28.794+0530","caller":"core/lifecycle.go:930","msg":"2026-04-15T11:39:11+05:30    error    Exiting with error: Failed tasks found."}
{"level":"info","time":"2026-04-15T11:44:28.794+0530","caller":"jobmanager/manager.go:138","msg":"Job Link: \u001b[4m\u001b[34mhttps://hyperexecute.lambdatest.com/hyperexecute/task?jobId=14ed6132-3b7d-455d-b069-7ae1b603e33f\u001b[0m\u001b[24m\n"}
{"level":"debug","time":"2026-04-15T11:44:28.794+0530","caller":"core/lifecycle.go:59","msg":"Quit requested from main goroutine...."}
{"level":"debug","time":"2026-04-15T11:44:28.794+0530","caller":"core/lifecycle.go:60","msg":"Waiting for the goroutines to exit"}
{"level":"debug","time":"2026-04-15T11:44:28.794+0530","caller":"core/lifecycle.go:63","msg":"All lifecycle goroutines exited"}
{"level":"debug","time":"2026-04-15T11:44:28.794+0530","caller":"cmd/bin.go:361","msg":"main: all goroutines have finished."}
{"level":"debug","time":"2026-04-15T11:44:28.794+0530","caller":"cmd/bin.go:400","msg":"Exiting application due to error Failed tasks found."}
{"level":"debug","time":"2026-04-15T11:46:26.067+0530","caller":"cmd/bin.go:145","msg":"cli os: darwin, cli arch: arm64"}
{"level":"debug","time":"2026-04-15T11:46:26.802+0530","caller":"cmd/bin.go:154","msg":"Upstream version details: {Name:cli Min:0.2.265 Max:0.2.337} "}
{"level":"info","time":"2026-04-15T11:46:26.802+0530","caller":"cmd/bin.go:202","msg":"Generating TraceID for tracking request: 01KP7WHA0VCSQB1ARFH8SWNQVK \n"}
{"level":"debug","time":"2026-04-15T11:46:28.530+0530","caller":"core/lifecycle.go:107","msg":"Setting environment"}
{"level":"debug","time":"2026-04-15T11:46:28.531+0530","caller":"core/lifecycle.go:110","msg":"Parsing config"}
{"level":"debug","time":"2026-04-15T11:46:28.531+0530","caller":"yamlconfigmanager/setup.go:724","msg":"Custom location for .hyperexecute.yaml specified. Using: yaml/linux/junit_hyperexecute_autosplit_sample.yaml"}
{"level":"debug","time":"2026-04-15T11:46:28.532+0530","caller":"yamlconfigmanager/setup.go:116","msg":"using hyperexecute config from : yaml/linux/junit_hyperexecute_autosplit_sample.yaml"}
{"level":"debug","time":"2026-04-15T11:46:30.389+0530","caller":"yamlconfigmanager/setup.go:2149","msg":"Autodetecting test type in files of path : /Users/anmolg/Desktop/Projects/HyperExecute/junit-selenium-hyperexecute-sample-main"}
{"level":"debug","time":"2026-04-15T11:46:30.391+0530","caller":"yamlconfigmanager/setup.go:546","msg":"Tunnel: false"}
{"level":"info","time":"2026-04-15T11:46:30.391+0530","caller":"models/HypertestYamlConfig.go:971","msg":"\n\u001b[4m\u001b[1m\u001b[97mExecution Plan\u001b[0m\u001b[22m\u001b[24m"}
{"level":"info","time":"2026-04-15T11:46:30.392+0530","caller":"models/HypertestYamlConfig.go:772","msg":"Mode:    \u001b[36mautosplit\u001b[0m"}
{"level":"info","time":"2026-04-15T11:46:30.392+0530","caller":"models/HypertestYamlConfig.go:832","msg":"Runson:    \u001b[36mlinux\u001b[0m"}
{"level":"info","time":"2026-04-15T11:46:30.392+0530","caller":"models/HypertestYamlConfig.go:840","msg":"Concurrency:    \u001b[36m3\u001b[0m"}
{"level":"info","time":"2026-04-15T11:46:30.392+0530","caller":"models/HypertestYamlConfig.go:904","msg":"Report:    \u001b[36menabled\u001b[0m"}
{"level":"info","time":"2026-04-15T11:46:30.392+0530","caller":"models/HypertestYamlConfig.go:984","msg":""}
{"level":"debug","time":"2026-04-15T11:46:30.392+0530","caller":"filevalidator/setup.go:49","msg":"Warning: Checking data.json file in current directory, no dataJsonPath found in .hyperexecute.yaml"}
{"level":"debug","time":"2026-04-15T11:46:30.392+0530","caller":"filevalidator/setup.go:53","msg":"Warning: data.json file doesn't exist"}
{"level":"debug","time":"2026-04-15T11:46:33.839+0530","caller":"core/lifecycle.go:527","msg":"Job ID: 1c38596a-3da4-4d29-92ba-94b4402abd8d"}
{"level":"debug","time":"2026-04-15T11:46:33.839+0530","caller":"core/lifecycle.go:530","msg":"User - anmolgtestmuai, triggered job with ID 1c38596a-3da4-4d29-92ba-94b4402abd8d from CLI"}
{"level":"debug","time":"2026-04-15T11:46:33.839+0530","caller":"events/manager.go:97","msg":"Starting event manager"}
{"level":"debug","time":"2026-04-15T11:46:33.840+0530","caller":"archivemanager/setup.go:339","msg":"digestMap: map[]"}
{"level":"debug","time":"2026-04-15T11:46:33.840+0530","caller":"archivemanager/setup.go:345","msg":"Creating archive of target directory: /Users/anmolg/Desktop/Projects/HyperExecute/junit-selenium-hyperexecute-sample-main"}
{"level":"debug","time":"2026-04-15T11:46:33.840+0530","caller":"events/manager.go:99","msg":"SSE enabled, getting SSE connection"}
{"level":"debug","time":"2026-04-15T11:46:33.860+0530","caller":"core/lifecycle.go:684","msg":"Zip file size: 224.86 kB"}
{"level":"debug","time":"2026-04-15T11:46:33.860+0530","caller":"core/lifecycle.go:694","msg":"Archive location: /Users/anmolg/Desktop/Projects/HyperExecute/junit-selenium-hyperexecute-sample-main/hyperexecute-code-1c38596a-3da4-4d29-92ba-94b4402abd8d.zip\n"}
{"level":"debug","time":"2026-04-15T11:46:33.860+0530","caller":"storage/azure.go:60","msg":"Payload size: 224.86 kB, source path /Users/anmolg/Desktop/Projects/HyperExecute/junit-selenium-hyperexecute-sample-main/hyperexecute-code-1c38596a-3da4-4d29-92ba-94b4402abd8d.zip"}
{"level":"debug","time":"2026-04-15T11:46:34.765+0530","caller":"events/manager.go:288","msg":"connection to hyperexecute server established successfully."}
{"level":"debug","time":"2026-04-15T11:46:37.979+0530","caller":"storage/azure.go:84","msg":"Azcopy output: \n\r0.0 %, 0 Done, 0 Failed, 1 Pending, 0 Skipped, 1 Total, 2-sec Throughput (Mb/s): 0.8987\r100.0 %, 1 Done, 0 Failed, 0 Pending, 0 Skipped, 1 Total,                              \nTotal time taken to upload(min) :0.0667\n, stderr: "}
{"level":"info","time":"2026-04-15T11:46:37.979+0530","caller":"storage/azure.go:123","msg":"File: /Users/anmolg/Desktop/Projects/HyperExecute/junit-selenium-hyperexecute-sample-main/hyperexecute-code-1c38596a-3da4-4d29-92ba-94b4402abd8d.zip upload completed in 4.118840958s"}
{"level":"debug","time":"2026-04-15T11:46:37.980+0530","caller":"receptionmanager/setup.go:284","msg":"only one runtime entry detected, mapping it to older yaml format"}
{"level":"debug","time":"2026-04-15T11:46:37.980+0530","caller":"receptionmanager/setup.go:313","msg":"only one partialreports entry detected, mapping it to older yaml format"}
{"level":"debug","time":"2026-04-15T11:46:37.981+0530","caller":"receptionmanager/setup.go:188","msg":"Uploading yaml : /Users/anmolg/Desktop/Projects/HyperExecute/junit-selenium-hyperexecute-sample-main/.updatedhyperexecute.yaml"}
{"level":"debug","time":"2026-04-15T11:46:37.981+0530","caller":"storage/azure.go:60","msg":"Payload size: 4.13 kB, source path /Users/anmolg/Desktop/Projects/HyperExecute/junit-selenium-hyperexecute-sample-main/.updatedhyperexecute.yaml"}
{"level":"debug","time":"2026-04-15T11:46:40.018+0530","caller":"storage/azure.go:84","msg":"Azcopy output: \n\r100.0 %, 1 Done, 0 Failed, 0 Pending, 0 Skipped, 1 Total, 2-sec Throughput (Mb/s): 0.0165\nTotal time taken to upload(min) :0.0334\n, stderr: "}
{"level":"info","time":"2026-04-15T11:46:40.018+0530","caller":"storage/azure.go:123","msg":"File: /Users/anmolg/Desktop/Projects/HyperExecute/junit-selenium-hyperexecute-sample-main/.updatedhyperexecute.yaml upload completed in 2.037648541s"}
{"level":"debug","time":"2026-04-15T11:46:40.018+0530","caller":"core/lifecycle.go:721","msg":"Successfully deleted code archive: /Users/anmolg/Desktop/Projects/HyperExecute/junit-selenium-hyperexecute-sample-main/hyperexecute-code-1c38596a-3da4-4d29-92ba-94b4402abd8d.zip\n"}
{"level":"debug","time":"2026-04-15T11:46:40.019+0530","caller":"storage/azure.go:60","msg":"Payload size: 595 B, source path yaml/linux/mask-1c38596a-3da4-4d29-92ba-94b4402abd8d.yaml"}
{"level":"debug","time":"2026-04-15T11:46:42.070+0530","caller":"storage/azure.go:84","msg":"Azcopy output: \n\r100.0 %, 1 Done, 0 Failed, 0 Pending, 0 Skipped, 1 Total, 2-sec Throughput (Mb/s): 0.0024\nTotal time taken to upload(min) :0.0333\n, stderr: "}
{"level":"info","time":"2026-04-15T11:46:42.070+0530","caller":"storage/azure.go:123","msg":"File: yaml/linux/mask-1c38596a-3da4-4d29-92ba-94b4402abd8d.yaml upload completed in 2.051419584s"}
{"level":"debug","time":"2026-04-15T11:46:44.388+0530","caller":"jobmanager/sse_setup.go:192","msg":"Task id: HYPL-509662-1776233803213855274MQJ"}
{"level":"debug","time":"2026-04-15T11:46:44.388+0530","caller":"jobmanager/sse_setup.go:193","msg":"Sending new task alert to stage manager for taskId: HYPL-509662-1776233803213855274MQJ"}
{"level":"debug","time":"2026-04-15T11:46:44.389+0530","caller":"jobmanager/sse_setup.go:192","msg":"Task id: HYPL-509662-1776233803219130988JBP"}
{"level":"debug","time":"2026-04-15T11:46:44.389+0530","caller":"jobmanager/sse_setup.go:193","msg":"Sending new task alert to stage manager for taskId: HYPL-509662-1776233803219130988JBP"}
{"level":"debug","time":"2026-04-15T11:46:44.389+0530","caller":"jobmanager/sse_setup.go:192","msg":"Task id: HYPL-509662-1776233803224009650EKH"}
{"level":"debug","time":"2026-04-15T11:46:44.389+0530","caller":"jobmanager/sse_setup.go:193","msg":"Sending new task alert to stage manager for taskId: HYPL-509662-1776233803224009650EKH"}
{"level":"info","time":"2026-04-15T11:46:46.994+0530","caller":"jobmanager/sse_setup.go:84","msg":"\nJob \u001b[1m\u001b[4m1c38596a-3da4-4d29-92ba-94b4402abd8d\u001b[24m\u001b[22m has started \u001b[97mRUNNING\u001b[0m"}
{"level":"info","time":"2026-04-15T11:46:46.995+0530","caller":"jobmanager/manager.go:138","msg":"Job Link: \u001b[4m\u001b[34mhttps://hyperexecute.lambdatest.com/hyperexecute/task?jobId=1c38596a-3da4-4d29-92ba-94b4402abd8d\u001b[0m\u001b[24m\n"}
{"level":"info","time":"2026-04-15T11:46:53.805+0530","caller":"terminal/terminal.go:187","msg":"\u001b[32m✔\u001b[0m [3]  \u001b[2msetup-runtime (8s)\u001b[22m\n"}
{"level":"info","time":"2026-04-15T11:46:53.952+0530","caller":"terminal/terminal.go:187","msg":"\u001b[32m✔\u001b[0m [2]  \u001b[2msetup-runtime (8s)\u001b[22m\n"}
{"level":"info","time":"2026-04-15T11:46:54.803+0530","caller":"terminal/terminal.go:187","msg":"\u001b[32m✔\u001b[0m [1]  \u001b[2msetup-runtime (9s)\u001b[22m\n"}
{"level":"info","time":"2026-04-15T11:47:12.695+0530","caller":"terminal/terminal.go:187","msg":"\u001b[32m✔\u001b[0m [2]  \u001b[2mpre (19s)\u001b[22m\n"}
{"level":"info","time":"2026-04-15T11:47:12.851+0530","caller":"terminal/terminal.go:187","msg":"\u001b[32m✔\u001b[0m [2]  \u001b[2mdiscovery (1s)\u001b[22m\n"}
{"level":"info","time":"2026-04-15T11:47:17.564+0530","caller":"terminal/terminal.go:187","msg":"\u001b[32m✔\u001b[0m [3]  \u001b[2mpre (25s)\u001b[22m\n"}
{"level":"info","time":"2026-04-15T11:47:17.705+0530","caller":"terminal/terminal.go:187","msg":"\u001b[32m✔\u001b[0m [3]  \u001b[2mdiscovery (1s)\u001b[22m\n"}
{"level":"info","time":"2026-04-15T11:47:28.029+0530","caller":"terminal/terminal.go:187","msg":"\u001b[32m✔\u001b[0m [1]  \u001b[2mpre (33s)\u001b[22m\n"}
{"level":"info","time":"2026-04-15T11:47:28.207+0530","caller":"terminal/terminal.go:187","msg":"\u001b[32m✔\u001b[0m [1]  \u001b[2mdiscovery (0s)\u001b[22m\n"}
{"level":"debug","time":"2026-04-15T11:48:07.244+0530","caller":"events/manager.go:356","msg":"No new messages received from SSE for jobID: 1c38596a-3da4-4d29-92ba-94b4402abd8d. Fetching from APIs"}
{"level":"debug","time":"2026-04-15T11:48:38.700+0530","caller":"events/manager.go:356","msg":"No new messages received from SSE for jobID: 1c38596a-3da4-4d29-92ba-94b4402abd8d. Fetching from APIs"}
{"level":"info","time":"2026-04-15T11:48:44.042+0530","caller":"terminal/terminal.go:187","msg":"\u001b[32m✔\u001b[0m [3]  \u001b[2mSelPlayGroundTest12 (1m18s)\u001b[22m\n"}
{"level":"info","time":"2026-04-15T11:48:52.534+0530","caller":"terminal/terminal.go:187","msg":"\u001b[32m✔\u001b[0m [2]  \u001b[2mSelPlayGroundTest11 (1m31s)\u001b[22m\n"}
{"level":"info","time":"2026-04-15T11:49:04.007+0530","caller":"terminal/terminal.go:187","msg":"\u001b[32m✔\u001b[0m [1]  \u001b[2mSelPlayGroundTest10 (1m27s)\u001b[22m\n"}
{"level":"info","time":"2026-04-15T11:49:15.209+0530","caller":"terminal/terminal.go:187","msg":"\u001b[32m✔\u001b[0m [3]  \u001b[2mSelPlayGroundTest15 (31s)\u001b[22m\n"}
{"level":"info","time":"2026-04-15T11:49:23.856+0530","caller":"terminal/terminal.go:187","msg":"\u001b[32m✔\u001b[0m [1]  \u001b[2mSelPlayGroundTest13 (20s)\u001b[22m\n"}
{"level":"info","time":"2026-04-15T11:49:30.573+0530","caller":"terminal/terminal.go:187","msg":"\u001b[32m✔\u001b[0m [2]  \u001b[2mSelPlayGroundTest14 (38s)\u001b[22m\n"}
{"level":"info","time":"2026-04-15T11:49:43.402+0530","caller":"terminal/terminal.go:187","msg":"\u001b[32m✔\u001b[0m [3]  \u001b[2mSelPlayGroundTest3 (28s)\u001b[22m\n"}
{"level":"info","time":"2026-04-15T11:49:45.927+0530","caller":"terminal/terminal.go:187","msg":"\u001b[32m✔\u001b[0m [1]  \u001b[2mSelPlayGroundTest1 (22s)\u001b[22m\n"}
{"level":"info","time":"2026-04-15T11:50:03.846+0530","caller":"terminal/terminal.go:187","msg":"\u001b[32m✔\u001b[0m [2]  \u001b[2mSelPlayGroundTest2 (32s)\u001b[22m\n"}
{"level":"info","time":"2026-04-15T11:50:05.320+0530","caller":"terminal/terminal.go:187","msg":"\u001b[32m✔\u001b[0m [1]  \u001b[2mSelPlayGroundTest4 (19s)\u001b[22m\n"}
{"level":"info","time":"2026-04-15T11:50:11.650+0530","caller":"terminal/terminal.go:187","msg":"\u001b[32m✔\u001b[0m [3]  \u001b[2mSelPlayGroundTest6 (28s)\u001b[22m\n"}
{"level":"info","time":"2026-04-15T11:50:28.234+0530","caller":"terminal/terminal.go:187","msg":"\u001b[32m✔\u001b[0m [1]  \u001b[2mSelPlayGroundTest7 (23s)\u001b[22m\n"}
{"level":"info","time":"2026-04-15T11:50:41.390+0530","caller":"terminal/terminal.go:187","msg":"\u001b[32m✔\u001b[0m [2]  \u001b[2mSelPlayGroundTest5 (37s)\u001b[22m\n"}
{"level":"info","time":"2026-04-15T11:50:43.562+0530","caller":"terminal/terminal.go:187","msg":"\u001b[32m✔\u001b[0m [3]  \u001b[2mSelPlayGroundTest9 (32s)\u001b[22m\n"}
{"level":"info","time":"2026-04-15T11:51:13.470+0530","caller":"terminal/terminal.go:187","msg":"\u001b[91mx\u001b[0m [2]  \u001b[2mSelPlayGroundTest8 (32s)\u001b[22m\n"}
{"level":"debug","time":"2026-04-15T11:51:45.919+0530","caller":"jobmanager/sse_setup.go:134","msg":"\n\nJob status"}
{"level":"info","time":"2026-04-15T11:51:45.922+0530","caller":"core/lifecycle.go:811","msg":"taskId:HYPL-509662-1776233803219130988JBP has failed with remark: Job failed as encountered a Test level failure\n"}
{"level":"info","time":"2026-04-15T11:51:46.715+0530","caller":"jobmanager/JobSummaryManager.go:54","msg":"\n\u001b[101m FAILED \u001b[0m\n"}
{"level":"info","time":"2026-04-15T11:51:46.715+0530","caller":"jobmanager/JobSummaryManager.go:113","msg":"    \u001b[1mTest Execution Time\u001b[22m:                  \u001b[91m2m49s\u001b[0m"}
{"level":"info","time":"2026-04-15T11:51:46.715+0530","caller":"jobmanager/JobSummaryManager.go:113","msg":"    \u001b[1mJob Duration Time\u001b[22m:                    4m58s"}
{"level":"info","time":"2026-04-15T11:51:46.715+0530","caller":"jobmanager/JobSummaryManager.go:113","msg":"    \u001b[1mTotal Tasks\u001b[22m:                          3"}
{"level":"info","time":"2026-04-15T11:51:46.715+0530","caller":"jobmanager/JobSummaryManager.go:113","msg":"    \u001b[1mCumulative Time Consumed\u001b[22m:             13m40s"}
{"level":"info","time":"2026-04-15T11:51:46.716+0530","caller":"jobmanager/JobSummaryManager.go:113","msg":"    \u001b[1mTotal Stages\u001b[22m:                         21"}
{"level":"info","time":"2026-04-15T11:51:46.716+0530","caller":"jobmanager/JobSummaryManager.go:113","msg":"    \u001b[1mPass discovery stage percentage\u001b[22m:      100.00%"}
{"level":"info","time":"2026-04-15T11:51:46.716+0530","caller":"jobmanager/JobSummaryManager.go:113","msg":"    \u001b[1mFailed discovery stage percentage\u001b[22m:    0.00%"}
{"level":"info","time":"2026-04-15T11:51:46.716+0530","caller":"jobmanager/JobSummaryManager.go:113","msg":"    \u001b[1mPass pre stage percentage\u001b[22m:            \u001b[92m100.00%\u001b[0m"}
{"level":"info","time":"2026-04-15T11:51:46.716+0530","caller":"jobmanager/JobSummaryManager.go:113","msg":"    \u001b[1mFailed pre stage percentage\u001b[22m:          0.00%"}
{"level":"info","time":"2026-04-15T11:51:46.716+0530","caller":"jobmanager/JobSummaryManager.go:113","msg":"    \u001b[1mPass test stage percentage\u001b[22m:           93.33%"}
{"level":"info","time":"2026-04-15T11:51:46.716+0530","caller":"jobmanager/JobSummaryManager.go:113","msg":"    \u001b[1mFailed test stage percentage\u001b[22m:         \u001b[91m6.67%\u001b[0m"}
{"level":"info","time":"2026-04-15T11:51:46.716+0530","caller":"jobmanager/JobSummaryManager.go:113","msg":"    \u001b[1mPass post stage percentage\u001b[22m:           0.00%"}
{"level":"info","time":"2026-04-15T11:51:46.716+0530","caller":"jobmanager/JobSummaryManager.go:113","msg":"    \u001b[1mFailed post stage percentage\u001b[22m:         0.00%"}
{"level":"info","time":"2026-04-15T11:51:46.716+0530","caller":"jobmanager/JobSummaryManager.go:113","msg":"    \u001b[1mFailed Tasks\u001b[22m:                         1"}
{"level":"info","time":"2026-04-15T11:51:46.716+0530","caller":"jobmanager/JobSummaryManager.go:58","msg":""}
{"level":"info","time":"2026-04-15T11:51:46.718+0530","caller":"events/manager.go:338","msg":"context done and stopping SSE"}
{"level":"debug","time":"2026-04-15T11:51:46.718+0530","caller":"events/manager.go:256","msg":"Stopping event manager"}
{"level":"debug","time":"2026-04-15T11:51:46.718+0530","caller":"core/lifecycle.go:924","msg":"Context canceled"}
{"level":"info","time":"2026-04-15T11:51:46.718+0530","caller":"core/lifecycle.go:927","msg":"\u001b[2mStopping pipeline gracefully\u001b[22m"}
{"level":"error","time":"2026-04-15T11:51:46.718+0530","caller":"core/lifecycle.go:930","msg":"2026-04-15T11:46:25+05:30    error    Exiting with error: Failed tasks found."}
{"level":"info","time":"2026-04-15T11:51:46.718+0530","caller":"jobmanager/manager.go:138","msg":"Job Link: \u001b[4m\u001b[34mhttps://hyperexecute.lambdatest.com/hyperexecute/task?jobId=1c38596a-3da4-4d29-92ba-94b4402abd8d\u001b[0m\u001b[24m\n"}
{"level":"debug","time":"2026-04-15T11:51:46.718+0530","caller":"core/lifecycle.go:59","msg":"Quit requested from main goroutine...."}
{"level":"debug","time":"2026-04-15T11:51:46.718+0530","caller":"core/lifecycle.go:60","msg":"Waiting for the goroutines to exit"}
{"level":"debug","time":"2026-04-15T11:51:46.718+0530","caller":"core/lifecycle.go:63","msg":"All lifecycle goroutines exited"}
{"level":"debug","time":"2026-04-15T11:51:46.718+0530","caller":"cmd/bin.go:361","msg":"main: all goroutines have finished."}
{"level":"debug","time":"2026-04-15T11:51:46.718+0530","caller":"cmd/bin.go:400","msg":"Exiting application due to error Failed tasks found."}
{"level":"debug","time":"2026-04-15T11:58:50.752+0530","caller":"cmd/bin.go:145","msg":"cli os: darwin, cli arch: arm64"}
{"level":"debug","time":"2026-04-15T11:58:51.456+0530","caller":"cmd/bin.go:154","msg":"Upstream version details: {Name:cli Min:0.2.265 Max:0.2.337} "}
{"level":"info","time":"2026-04-15T11:58:51.456+0530","caller":"cmd/bin.go:202","msg":"Generating TraceID for tracking request: 01KP7X8171PTYE5BB1GKDVJK3S \n"}
{"level":"debug","time":"2026-04-15T11:58:54.776+0530","caller":"core/lifecycle.go:107","msg":"Setting environment"}
{"level":"debug","time":"2026-04-15T11:58:54.777+0530","caller":"core/lifecycle.go:110","msg":"Parsing config"}
{"level":"debug","time":"2026-04-15T11:58:54.777+0530","caller":"yamlconfigmanager/setup.go:724","msg":"Custom location for .hyperexecute.yaml specified. Using: yaml/linux/junit_hyperexecute_autosplit_sample.yaml"}
{"level":"debug","time":"2026-04-15T11:58:54.778+0530","caller":"yamlconfigmanager/setup.go:116","msg":"using hyperexecute config from : yaml/linux/junit_hyperexecute_autosplit_sample.yaml"}
{"level":"debug","time":"2026-04-15T11:58:56.832+0530","caller":"yamlconfigmanager/setup.go:2149","msg":"Autodetecting test type in files of path : /Users/anmolg/Desktop/Projects/HyperExecute/junit-selenium-hyperexecute-sample-main"}
{"level":"debug","time":"2026-04-15T11:58:56.833+0530","caller":"yamlconfigmanager/setup.go:546","msg":"Tunnel: false"}
{"level":"info","time":"2026-04-15T11:58:56.833+0530","caller":"models/HypertestYamlConfig.go:971","msg":"\n\u001b[4m\u001b[1m\u001b[97mExecution Plan\u001b[0m\u001b[22m\u001b[24m"}
{"level":"info","time":"2026-04-15T11:58:56.833+0530","caller":"models/HypertestYamlConfig.go:772","msg":"Mode:    \u001b[36mautosplit\u001b[0m"}
{"level":"info","time":"2026-04-15T11:58:56.833+0530","caller":"models/HypertestYamlConfig.go:832","msg":"Runson:    \u001b[36mlinux\u001b[0m"}
{"level":"info","time":"2026-04-15T11:58:56.833+0530","caller":"models/HypertestYamlConfig.go:840","msg":"Concurrency:    \u001b[36m3\u001b[0m"}
{"level":"info","time":"2026-04-15T11:58:56.833+0530","caller":"models/HypertestYamlConfig.go:904","msg":"Report:    \u001b[36menabled\u001b[0m"}
{"level":"info","time":"2026-04-15T11:58:56.833+0530","caller":"models/HypertestYamlConfig.go:984","msg":""}
{"level":"debug","time":"2026-04-15T11:58:56.833+0530","caller":"filevalidator/setup.go:49","msg":"Warning: Checking data.json file in current directory, no dataJsonPath found in .hyperexecute.yaml"}
{"level":"debug","time":"2026-04-15T11:58:56.834+0530","caller":"filevalidator/setup.go:53","msg":"Warning: data.json file doesn't exist"}
{"level":"debug","time":"2026-04-15T11:59:00.500+0530","caller":"core/lifecycle.go:527","msg":"Job ID: 08e0a48a-56ca-4eee-9497-37bd51d9c1f8"}
{"level":"debug","time":"2026-04-15T11:59:00.500+0530","caller":"events/manager.go:97","msg":"Starting event manager"}
{"level":"debug","time":"2026-04-15T11:59:00.501+0530","caller":"core/lifecycle.go:530","msg":"User - anmolgtestmuai, triggered job with ID 08e0a48a-56ca-4eee-9497-37bd51d9c1f8 from CLI"}
{"level":"debug","time":"2026-04-15T11:59:00.501+0530","caller":"events/manager.go:99","msg":"SSE enabled, getting SSE connection"}
{"level":"debug","time":"2026-04-15T11:59:00.502+0530","caller":"archivemanager/setup.go:339","msg":"digestMap: map[]"}
{"level":"debug","time":"2026-04-15T11:59:00.502+0530","caller":"archivemanager/setup.go:345","msg":"Creating archive of target directory: /Users/anmolg/Desktop/Projects/HyperExecute/junit-selenium-hyperexecute-sample-main"}
{"level":"debug","time":"2026-04-15T11:59:00.533+0530","caller":"core/lifecycle.go:684","msg":"Zip file size: 225.36 kB"}
{"level":"debug","time":"2026-04-15T11:59:00.533+0530","caller":"core/lifecycle.go:694","msg":"Archive location: /Users/anmolg/Desktop/Projects/HyperExecute/junit-selenium-hyperexecute-sample-main/hyperexecute-code-08e0a48a-56ca-4eee-9497-37bd51d9c1f8.zip\n"}
{"level":"debug","time":"2026-04-15T11:59:00.533+0530","caller":"storage/azure.go:60","msg":"Payload size: 225.36 kB, source path /Users/anmolg/Desktop/Projects/HyperExecute/junit-selenium-hyperexecute-sample-main/hyperexecute-code-08e0a48a-56ca-4eee-9497-37bd51d9c1f8.zip"}
{"level":"debug","time":"2026-04-15T11:59:01.524+0530","caller":"events/manager.go:288","msg":"connection to hyperexecute server established successfully."}
{"level":"debug","time":"2026-04-15T11:59:05.088+0530","caller":"storage/azure.go:84","msg":"Azcopy output: \n\r0.0 %, 0 Done, 0 Failed, 1 Pending, 0 Skipped, 1 Total, 2-sec Throughput (Mb/s): 0.9008\r100.0 %, 1 Done, 0 Failed, 0 Pending, 0 Skipped, 1 Total,                              \nTotal time taken to upload(min) :0.0667\n, stderr: "}
{"level":"info","time":"2026-04-15T11:59:05.089+0530","caller":"storage/azure.go:123","msg":"File: /Users/anmolg/Desktop/Projects/HyperExecute/junit-selenium-hyperexecute-sample-main/hyperexecute-code-08e0a48a-56ca-4eee-9497-37bd51d9c1f8.zip upload completed in 4.555226792s"}
{"level":"debug","time":"2026-04-15T11:59:05.089+0530","caller":"receptionmanager/setup.go:284","msg":"only one runtime entry detected, mapping it to older yaml format"}
{"level":"debug","time":"2026-04-15T11:59:05.089+0530","caller":"receptionmanager/setup.go:313","msg":"only one partialreports entry detected, mapping it to older yaml format"}
{"level":"debug","time":"2026-04-15T11:59:05.090+0530","caller":"receptionmanager/setup.go:188","msg":"Uploading yaml : /Users/anmolg/Desktop/Projects/HyperExecute/junit-selenium-hyperexecute-sample-main/.updatedhyperexecute.yaml"}
{"level":"debug","time":"2026-04-15T11:59:05.090+0530","caller":"storage/azure.go:60","msg":"Payload size: 4.13 kB, source path /Users/anmolg/Desktop/Projects/HyperExecute/junit-selenium-hyperexecute-sample-main/.updatedhyperexecute.yaml"}
{"level":"debug","time":"2026-04-15T11:59:07.126+0530","caller":"storage/azure.go:84","msg":"Azcopy output: \n\r100.0 %, 1 Done, 0 Failed, 0 Pending, 0 Skipped, 1 Total, 2-sec Throughput (Mb/s): 0.0165\nTotal time taken to upload(min) :0.0333\n, stderr: "}
{"level":"info","time":"2026-04-15T11:59:07.126+0530","caller":"storage/azure.go:123","msg":"File: /Users/anmolg/Desktop/Projects/HyperExecute/junit-selenium-hyperexecute-sample-main/.updatedhyperexecute.yaml upload completed in 2.036057209s"}
{"level":"debug","time":"2026-04-15T11:59:07.127+0530","caller":"core/lifecycle.go:721","msg":"Successfully deleted code archive: /Users/anmolg/Desktop/Projects/HyperExecute/junit-selenium-hyperexecute-sample-main/hyperexecute-code-08e0a48a-56ca-4eee-9497-37bd51d9c1f8.zip\n"}
{"level":"debug","time":"2026-04-15T11:59:07.127+0530","caller":"storage/azure.go:60","msg":"Payload size: 595 B, source path yaml/linux/mask-08e0a48a-56ca-4eee-9497-37bd51d9c1f8.yaml"}
{"level":"debug","time":"2026-04-15T11:59:09.163+0530","caller":"storage/azure.go:84","msg":"Azcopy output: \n\r100.0 %, 1 Done, 0 Failed, 0 Pending, 0 Skipped, 1 Total, 2-sec Throughput (Mb/s): 0.0024\nTotal time taken to upload(min) :0.0333\n, stderr: "}
{"level":"info","time":"2026-04-15T11:59:09.163+0530","caller":"storage/azure.go:123","msg":"File: yaml/linux/mask-08e0a48a-56ca-4eee-9497-37bd51d9c1f8.yaml upload completed in 2.035771583s"}
{"level":"debug","time":"2026-04-15T11:59:11.394+0530","caller":"jobmanager/sse_setup.go:192","msg":"Task id: HYPL-509662-1776234550169084613RYI"}
{"level":"debug","time":"2026-04-15T11:59:11.394+0530","caller":"jobmanager/sse_setup.go:193","msg":"Sending new task alert to stage manager for taskId: HYPL-509662-1776234550169084613RYI"}
{"level":"debug","time":"2026-04-15T11:59:11.394+0530","caller":"jobmanager/sse_setup.go:192","msg":"Task id: HYPL-509662-1776234550174123385FFA"}
{"level":"debug","time":"2026-04-15T11:59:11.394+0530","caller":"jobmanager/sse_setup.go:193","msg":"Sending new task alert to stage manager for taskId: HYPL-509662-1776234550174123385FFA"}
{"level":"debug","time":"2026-04-15T11:59:11.395+0530","caller":"jobmanager/sse_setup.go:192","msg":"Task id: HYPL-509662-1776234550178660965OUI"}
{"level":"debug","time":"2026-04-15T11:59:11.395+0530","caller":"jobmanager/sse_setup.go:193","msg":"Sending new task alert to stage manager for taskId: HYPL-509662-1776234550178660965OUI"}
{"level":"info","time":"2026-04-15T11:59:14.060+0530","caller":"jobmanager/sse_setup.go:84","msg":"\nJob \u001b[1m\u001b[4m08e0a48a-56ca-4eee-9497-37bd51d9c1f8\u001b[24m\u001b[22m has started \u001b[97mRUNNING\u001b[0m"}
{"level":"info","time":"2026-04-15T11:59:14.060+0530","caller":"jobmanager/manager.go:138","msg":"Job Link: \u001b[4m\u001b[34mhttps://hyperexecute.lambdatest.com/hyperexecute/task?jobId=08e0a48a-56ca-4eee-9497-37bd51d9c1f8\u001b[0m\u001b[24m\n"}
{"level":"info","time":"2026-04-15T11:59:20.646+0530","caller":"terminal/terminal.go:187","msg":"\u001b[32m✔\u001b[0m [1]  \u001b[2msetup-runtime (8s)\u001b[22m\n"}
{"level":"info","time":"2026-04-15T11:59:21.049+0530","caller":"terminal/terminal.go:187","msg":"\u001b[32m✔\u001b[0m [3]  \u001b[2msetup-runtime (8s)\u001b[22m\n"}
{"level":"info","time":"2026-04-15T11:59:21.206+0530","caller":"terminal/terminal.go:187","msg":"\u001b[32m✔\u001b[0m [2]  \u001b[2msetup-runtime (8s)\u001b[22m\n"}
{"level":"info","time":"2026-04-15T11:59:42.342+0530","caller":"terminal/terminal.go:187","msg":"\u001b[32m✔\u001b[0m [1]  \u001b[2mpre (22s)\u001b[22m\n"}
{"level":"info","time":"2026-04-15T11:59:42.493+0530","caller":"terminal/terminal.go:187","msg":"\u001b[32m✔\u001b[0m [3]  \u001b[2mpre (21s)\u001b[22m\n"}
{"level":"info","time":"2026-04-15T11:59:42.545+0530","caller":"terminal/terminal.go:187","msg":"\u001b[32m✔\u001b[0m [1]  \u001b[2mdiscovery (0s)\u001b[22m\n"}
{"level":"info","time":"2026-04-15T11:59:42.563+0530","caller":"terminal/terminal.go:187","msg":"\u001b[32m✔\u001b[0m [2]  \u001b[2mpre (21s)\u001b[22m\n"}
{"level":"info","time":"2026-04-15T11:59:42.751+0530","caller":"terminal/terminal.go:187","msg":"\u001b[32m✔\u001b[0m [3]  \u001b[2mdiscovery (1s)\u001b[22m\n"}
{"level":"info","time":"2026-04-15T11:59:42.763+0530","caller":"terminal/terminal.go:187","msg":"\u001b[32m✔\u001b[0m [2]  \u001b[2mdiscovery (1s)\u001b[22m\n"}
{"level":"debug","time":"2026-04-15T12:00:21.423+0530","caller":"events/manager.go:356","msg":"No new messages received from SSE for jobID: 08e0a48a-56ca-4eee-9497-37bd51d9c1f8. Fetching from APIs"}
{"level":"debug","time":"2026-04-15T12:00:53.022+0530","caller":"events/manager.go:356","msg":"No new messages received from SSE for jobID: 08e0a48a-56ca-4eee-9497-37bd51d9c1f8. Fetching from APIs"}
{"level":"info","time":"2026-04-15T12:01:00.381+0530","caller":"terminal/terminal.go:187","msg":"\u001b[32m✔\u001b[0m [1]  \u001b[2mSelPlayGroundTest10 (1m9s)\u001b[22m\n"}
{"level":"info","time":"2026-04-15T12:01:16.475+0530","caller":"terminal/terminal.go:187","msg":"\u001b[32m✔\u001b[0m [3]  \u001b[2mSelPlayGroundTest12 (1m25s)\u001b[22m\n"}
{"level":"info","time":"2026-04-15T12:01:20.701+0530","caller":"terminal/terminal.go:187","msg":"\u001b[32m✔\u001b[0m [1]  \u001b[2mSelPlayGroundTest13 (19s)\u001b[22m\n"}
{"level":"info","time":"2026-04-15T12:01:23.403+0530","caller":"terminal/terminal.go:187","msg":"\u001b[32m✔\u001b[0m [2]  \u001b[2mSelPlayGroundTest11 (1m32s)\u001b[22m\n"}
{"level":"info","time":"2026-04-15T12:01:41.079+0530","caller":"terminal/terminal.go:187","msg":"\u001b[32m✔\u001b[0m [1]  \u001b[2mSelPlayGroundTest1 (20s)\u001b[22m\n"}
{"level":"info","time":"2026-04-15T12:01:44.430+0530","caller":"terminal/terminal.go:187","msg":"\u001b[32m✔\u001b[0m [3]  \u001b[2mSelPlayGroundTest15 (28s)\u001b[22m\n"}
{"level":"info","time":"2026-04-15T12:02:00.052+0530","caller":"terminal/terminal.go:187","msg":"\u001b[32m✔\u001b[0m [2]  \u001b[2mSelPlayGroundTest14 (37s)\u001b[22m\n"}
{"level":"info","time":"2026-04-15T12:02:00.425+0530","caller":"terminal/terminal.go:187","msg":"\u001b[32m✔\u001b[0m [1]  \u001b[2mSelPlayGroundTest4 (19s)\u001b[22m\n"}
{"level":"info","time":"2026-04-15T12:02:13.080+0530","caller":"terminal/terminal.go:187","msg":"\u001b[32m✔\u001b[0m [3]  \u001b[2mSelPlayGroundTest3 (29s)\u001b[22m\n"}
{"level":"info","time":"2026-04-15T12:02:23.218+0530","caller":"terminal/terminal.go:187","msg":"\u001b[32m✔\u001b[0m [1]  \u001b[2mSelPlayGroundTest7 (23s)\u001b[22m\n"}
{"level":"info","time":"2026-04-15T12:02:31.571+0530","caller":"terminal/terminal.go:187","msg":"\u001b[32m✔\u001b[0m [2]  \u001b[2mSelPlayGroundTest2 (31s)\u001b[22m\n"}
{"level":"info","time":"2026-04-15T12:02:41.844+0530","caller":"terminal/terminal.go:187","msg":"\u001b[32m✔\u001b[0m [3]  \u001b[2mSelPlayGroundTest6 (29s)\u001b[22m\n"}
{"level":"info","time":"2026-04-15T12:03:10.104+0530","caller":"terminal/terminal.go:187","msg":"\u001b[32m✔\u001b[0m [2]  \u001b[2mSelPlayGroundTest5 (39s)\u001b[22m\n"}
{"level":"info","time":"2026-04-15T12:03:16.854+0530","caller":"terminal/terminal.go:187","msg":"\u001b[32m✔\u001b[0m [3]  \u001b[2mSelPlayGroundTest9 (35s)\u001b[22m\n"}
{"level":"debug","time":"2026-04-15T12:03:46.855+0530","caller":"events/manager.go:356","msg":"No new messages received from SSE for jobID: 08e0a48a-56ca-4eee-9497-37bd51d9c1f8. Fetching from APIs"}
{"level":"info","time":"2026-04-15T12:03:51.174+0530","caller":"terminal/terminal.go:187","msg":"\u001b[32m✔\u001b[0m [2]  \u001b[2mSelPlayGroundTest8 (41s)\u001b[22m\n"}
{"level":"debug","time":"2026-04-15T12:04:21.175+0530","caller":"events/manager.go:356","msg":"No new messages received from SSE for jobID: 08e0a48a-56ca-4eee-9497-37bd51d9c1f8. Fetching from APIs"}
{"level":"debug","time":"2026-04-15T12:04:22.745+0530","caller":"jobmanager/sse_setup.go:134","msg":"\n\nJob status"}
{"level":"info","time":"2026-04-15T12:04:23.545+0530","caller":"jobmanager/JobSummaryManager.go:54","msg":"\n\u001b[102m\u001b[1m\u001b[30m COMPLETED \u001b[0m\u001b[22m\u001b[0m\n"}
{"level":"info","time":"2026-04-15T12:04:23.545+0530","caller":"jobmanager/JobSummaryManager.go:113","msg":"    \u001b[1mTest Execution Time\u001b[22m:                  \u001b[92m3m9s\u001b[0m"}
{"level":"info","time":"2026-04-15T12:04:23.545+0530","caller":"jobmanager/JobSummaryManager.go:113","msg":"    \u001b[1mJob Duration Time\u001b[22m:                    5m9s"}
{"level":"info","time":"2026-04-15T12:04:23.545+0530","caller":"jobmanager/JobSummaryManager.go:113","msg":"    \u001b[1mTotal Tasks\u001b[22m:                          3"}
{"level":"info","time":"2026-04-15T12:04:23.545+0530","caller":"jobmanager/JobSummaryManager.go:113","msg":"    \u001b[1mCumulative Time Consumed\u001b[22m:             13m25s"}
{"level":"info","time":"2026-04-15T12:04:23.545+0530","caller":"jobmanager/JobSummaryManager.go:113","msg":"    \u001b[1mTotal Stages\u001b[22m:                         21"}
{"level":"info","time":"2026-04-15T12:04:23.545+0530","caller":"jobmanager/JobSummaryManager.go:113","msg":"    \u001b[1mPass discovery stage percentage\u001b[22m:      100.00%"}
{"level":"info","time":"2026-04-15T12:04:23.545+0530","caller":"jobmanager/JobSummaryManager.go:113","msg":"    \u001b[1mFailed discovery stage percentage\u001b[22m:    0.00%"}
{"level":"info","time":"2026-04-15T12:04:23.545+0530","caller":"jobmanager/JobSummaryManager.go:113","msg":"    \u001b[1mPass pre stage percentage\u001b[22m:            \u001b[92m100.00%\u001b[0m"}
{"level":"info","time":"2026-04-15T12:04:23.545+0530","caller":"jobmanager/JobSummaryManager.go:113","msg":"    \u001b[1mFailed pre stage percentage\u001b[22m:          0.00%"}
{"level":"info","time":"2026-04-15T12:04:23.545+0530","caller":"jobmanager/JobSummaryManager.go:113","msg":"    \u001b[1mPass test stage percentage\u001b[22m:           \u001b[92m100.00%\u001b[0m"}
{"level":"info","time":"2026-04-15T12:04:23.545+0530","caller":"jobmanager/JobSummaryManager.go:113","msg":"    \u001b[1mFailed test stage percentage\u001b[22m:         0.00%"}
{"level":"info","time":"2026-04-15T12:04:23.545+0530","caller":"jobmanager/JobSummaryManager.go:113","msg":"    \u001b[1mPass post stage percentage\u001b[22m:           0.00%"}
{"level":"info","time":"2026-04-15T12:04:23.545+0530","caller":"jobmanager/JobSummaryManager.go:113","msg":"    \u001b[1mFailed post stage percentage\u001b[22m:         0.00%"}
{"level":"info","time":"2026-04-15T12:04:23.545+0530","caller":"jobmanager/JobSummaryManager.go:113","msg":"    \u001b[1mFailed Tasks\u001b[22m:                         0"}
{"level":"info","time":"2026-04-15T12:04:23.545+0530","caller":"jobmanager/JobSummaryManager.go:58","msg":""}
{"level":"debug","time":"2026-04-15T12:04:23.548+0530","caller":"core/lifecycle.go:924","msg":"Context canceled"}
{"level":"info","time":"2026-04-15T12:04:23.548+0530","caller":"events/manager.go:338","msg":"context done and stopping SSE"}
{"level":"info","time":"2026-04-15T12:04:23.548+0530","caller":"core/lifecycle.go:927","msg":"\u001b[2mStopping pipeline gracefully\u001b[22m"}
{"level":"debug","time":"2026-04-15T12:04:23.548+0530","caller":"events/manager.go:256","msg":"Stopping event manager"}
{"level":"info","time":"2026-04-15T12:04:23.548+0530","caller":"jobmanager/manager.go:138","msg":"Job Link: \u001b[4m\u001b[34mhttps://hyperexecute.lambdatest.com/hyperexecute/task?jobId=08e0a48a-56ca-4eee-9497-37bd51d9c1f8\u001b[0m\u001b[24m\n"}
{"level":"debug","time":"2026-04-15T12:04:23.548+0530","caller":"core/lifecycle.go:59","msg":"Quit requested from main goroutine...."}
{"level":"debug","time":"2026-04-15T12:04:23.548+0530","caller":"core/lifecycle.go:60","msg":"Waiting for the goroutines to exit"}
{"level":"debug","time":"2026-04-15T12:04:23.548+0530","caller":"core/lifecycle.go:63","msg":"All lifecycle goroutines exited"}
{"level":"debug","time":"2026-04-15T12:04:23.548+0530","caller":"cmd/bin.go:361","msg":"main: all goroutines have finished."}
{"level":"debug","time":"2026-04-15T13:14:37.775+0530","caller":"cmd/bin.go:145","msg":"cli os: darwin, cli arch: arm64"}
{"level":"debug","time":"2026-04-15T13:14:38.611+0530","caller":"cmd/bin.go:154","msg":"Upstream version details: {Name:cli Min:0.2.265 Max:0.2.337} "}
{"level":"info","time":"2026-04-15T13:14:38.611+0530","caller":"cmd/bin.go:202","msg":"Generating TraceID for tracking request: 01KP81JSJNKJHT6GHGN5TEGWQP \n"}
{"level":"debug","time":"2026-04-15T13:14:41.008+0530","caller":"core/lifecycle.go:107","msg":"Setting environment"}
{"level":"debug","time":"2026-04-15T13:14:41.009+0530","caller":"core/lifecycle.go:110","msg":"Parsing config"}
{"level":"debug","time":"2026-04-15T13:14:41.009+0530","caller":"yamlconfigmanager/setup.go:724","msg":"Custom location for .hyperexecute.yaml specified. Using: yaml/linux/junit_hyperexecute_autosplit_sample.yaml"}
{"level":"debug","time":"2026-04-15T13:14:41.009+0530","caller":"yamlconfigmanager/setup.go:116","msg":"using hyperexecute config from : yaml/linux/junit_hyperexecute_autosplit_sample.yaml"}
{"level":"debug","time":"2026-04-15T13:14:43.090+0530","caller":"yamlconfigmanager/setup.go:2149","msg":"Autodetecting test type in files of path : /Users/anmolg/Desktop/Projects/HyperExecute/junit-selenium-hyperexecute-sample-main"}
{"level":"debug","time":"2026-04-15T13:14:43.091+0530","caller":"yamlconfigmanager/setup.go:546","msg":"Tunnel: false"}
{"level":"info","time":"2026-04-15T13:14:43.092+0530","caller":"models/HypertestYamlConfig.go:971","msg":"\n\u001b[4m\u001b[1m\u001b[97mExecution Plan\u001b[0m\u001b[22m\u001b[24m"}
{"level":"info","time":"2026-04-15T13:14:43.092+0530","caller":"models/HypertestYamlConfig.go:772","msg":"Mode:    \u001b[36mautosplit\u001b[0m"}
{"level":"info","time":"2026-04-15T13:14:43.092+0530","caller":"models/HypertestYamlConfig.go:832","msg":"Runson:    \u001b[36mlinux\u001b[0m"}
{"level":"info","time":"2026-04-15T13:14:43.092+0530","caller":"models/HypertestYamlConfig.go:840","msg":"Concurrency:    \u001b[36m3\u001b[0m"}
{"level":"info","time":"2026-04-15T13:14:43.092+0530","caller":"models/HypertestYamlConfig.go:904","msg":"Report:    \u001b[36menabled\u001b[0m"}
{"level":"info","time":"2026-04-15T13:14:43.092+0530","caller":"models/HypertestYamlConfig.go:984","msg":""}
{"level":"debug","time":"2026-04-15T13:14:43.092+0530","caller":"filevalidator/setup.go:49","msg":"Warning: Checking data.json file in current directory, no dataJsonPath found in .hyperexecute.yaml"}
{"level":"debug","time":"2026-04-15T13:14:43.092+0530","caller":"filevalidator/setup.go:53","msg":"Warning: data.json file doesn't exist"}
{"level":"debug","time":"2026-04-15T13:14:46.823+0530","caller":"core/lifecycle.go:527","msg":"Job ID: 2dfb2f90-3d7e-4da2-9efe-fcfe487283ee"}
{"level":"debug","time":"2026-04-15T13:14:46.823+0530","caller":"events/manager.go:97","msg":"Starting event manager"}
{"level":"debug","time":"2026-04-15T13:14:46.823+0530","caller":"events/manager.go:99","msg":"SSE enabled, getting SSE connection"}
{"level":"debug","time":"2026-04-15T13:14:46.823+0530","caller":"core/lifecycle.go:530","msg":"User - anmolgtestmuai, triggered job with ID 2dfb2f90-3d7e-4da2-9efe-fcfe487283ee from CLI"}
{"level":"debug","time":"2026-04-15T13:14:46.824+0530","caller":"archivemanager/setup.go:339","msg":"digestMap: map[]"}
{"level":"debug","time":"2026-04-15T13:14:46.824+0530","caller":"archivemanager/setup.go:345","msg":"Creating archive of target directory: /Users/anmolg/Desktop/Projects/HyperExecute/junit-selenium-hyperexecute-sample-main"}
{"level":"debug","time":"2026-04-15T13:14:46.860+0530","caller":"core/lifecycle.go:684","msg":"Zip file size: 225.36 kB"}
{"level":"debug","time":"2026-04-15T13:14:46.860+0530","caller":"core/lifecycle.go:694","msg":"Archive location: /Users/anmolg/Desktop/Projects/HyperExecute/junit-selenium-hyperexecute-sample-main/hyperexecute-code-2dfb2f90-3d7e-4da2-9efe-fcfe487283ee.zip\n"}
{"level":"debug","time":"2026-04-15T13:14:46.860+0530","caller":"storage/azure.go:60","msg":"Payload size: 225.36 kB, source path /Users/anmolg/Desktop/Projects/HyperExecute/junit-selenium-hyperexecute-sample-main/hyperexecute-code-2dfb2f90-3d7e-4da2-9efe-fcfe487283ee.zip"}
{"level":"debug","time":"2026-04-15T13:14:47.838+0530","caller":"events/manager.go:288","msg":"connection to hyperexecute server established successfully."}
{"level":"debug","time":"2026-04-15T13:14:51.423+0530","caller":"storage/azure.go:84","msg":"Azcopy output: \n\r0.0 %, 0 Done, 0 Failed, 1 Pending, 0 Skipped, 1 Total, 2-sec Throughput (Mb/s): 0.9009\r100.0 %, 1 Done, 0 Failed, 0 Pending, 0 Skipped, 1 Total,                              \nTotal time taken to upload(min) :0.0667\n, stderr: "}
{"level":"info","time":"2026-04-15T13:14:51.423+0530","caller":"storage/azure.go:123","msg":"File: /Users/anmolg/Desktop/Projects/HyperExecute/junit-selenium-hyperexecute-sample-main/hyperexecute-code-2dfb2f90-3d7e-4da2-9efe-fcfe487283ee.zip upload completed in 4.563092583s"}
{"level":"debug","time":"2026-04-15T13:14:51.423+0530","caller":"receptionmanager/setup.go:284","msg":"only one runtime entry detected, mapping it to older yaml format"}
{"level":"debug","time":"2026-04-15T13:14:51.424+0530","caller":"receptionmanager/setup.go:313","msg":"only one partialreports entry detected, mapping it to older yaml format"}
{"level":"debug","time":"2026-04-15T13:14:51.425+0530","caller":"receptionmanager/setup.go:188","msg":"Uploading yaml : /Users/anmolg/Desktop/Projects/HyperExecute/junit-selenium-hyperexecute-sample-main/.updatedhyperexecute.yaml"}
{"level":"debug","time":"2026-04-15T13:14:51.425+0530","caller":"storage/azure.go:60","msg":"Payload size: 4.13 kB, source path /Users/anmolg/Desktop/Projects/HyperExecute/junit-selenium-hyperexecute-sample-main/.updatedhyperexecute.yaml"}
{"level":"debug","time":"2026-04-15T13:14:53.475+0530","caller":"storage/azure.go:84","msg":"Azcopy output: \n\r100.0 %, 1 Done, 0 Failed, 0 Pending, 0 Skipped, 1 Total, 2-sec Throughput (Mb/s): 0.0165\nTotal time taken to upload(min) :0.0334\n, stderr: "}
{"level":"info","time":"2026-04-15T13:14:53.475+0530","caller":"storage/azure.go:123","msg":"File: /Users/anmolg/Desktop/Projects/HyperExecute/junit-selenium-hyperexecute-sample-main/.updatedhyperexecute.yaml upload completed in 2.050031041s"}
{"level":"debug","time":"2026-04-15T13:14:53.475+0530","caller":"core/lifecycle.go:721","msg":"Successfully deleted code archive: /Users/anmolg/Desktop/Projects/HyperExecute/junit-selenium-hyperexecute-sample-main/hyperexecute-code-2dfb2f90-3d7e-4da2-9efe-fcfe487283ee.zip\n"}
{"level":"debug","time":"2026-04-15T13:14:53.476+0530","caller":"storage/azure.go:60","msg":"Payload size: 595 B, source path yaml/linux/mask-2dfb2f90-3d7e-4da2-9efe-fcfe487283ee.yaml"}
{"level":"debug","time":"2026-04-15T13:14:55.518+0530","caller":"storage/azure.go:84","msg":"Azcopy output: \n\r100.0 %, 1 Done, 0 Failed, 0 Pending, 0 Skipped, 1 Total, 2-sec Throughput (Mb/s): 0.0024\nTotal time taken to upload(min) :0.0334\n, stderr: "}
{"level":"info","time":"2026-04-15T13:14:55.518+0530","caller":"storage/azure.go:123","msg":"File: yaml/linux/mask-2dfb2f90-3d7e-4da2-9efe-fcfe487283ee.yaml upload completed in 2.042352958s"}
{"level":"debug","time":"2026-04-15T13:14:57.920+0530","caller":"jobmanager/sse_setup.go:192","msg":"Task id: HYPL-509662-1776239096737855885NKK"}
{"level":"debug","time":"2026-04-15T13:14:57.920+0530","caller":"jobmanager/sse_setup.go:193","msg":"Sending new task alert to stage manager for taskId: HYPL-509662-1776239096737855885NKK"}
{"level":"debug","time":"2026-04-15T13:14:57.920+0530","caller":"jobmanager/sse_setup.go:192","msg":"Task id: HYPL-509662-1776239096742933101VYB"}
{"level":"debug","time":"2026-04-15T13:14:57.920+0530","caller":"jobmanager/sse_setup.go:193","msg":"Sending new task alert to stage manager for taskId: HYPL-509662-1776239096742933101VYB"}
{"level":"debug","time":"2026-04-15T13:14:57.920+0530","caller":"jobmanager/sse_setup.go:192","msg":"Task id: HYPL-509662-1776239096747885416GKE"}
{"level":"debug","time":"2026-04-15T13:14:57.920+0530","caller":"jobmanager/sse_setup.go:193","msg":"Sending new task alert to stage manager for taskId: HYPL-509662-1776239096747885416GKE"}
{"level":"info","time":"2026-04-15T13:15:00.601+0530","caller":"jobmanager/sse_setup.go:84","msg":"\nJob \u001b[1m\u001b[4m2dfb2f90-3d7e-4da2-9efe-fcfe487283ee\u001b[24m\u001b[22m has started \u001b[97mRUNNING\u001b[0m"}
{"level":"info","time":"2026-04-15T13:15:00.601+0530","caller":"jobmanager/manager.go:138","msg":"Job Link: \u001b[4m\u001b[34mhttps://hyperexecute.lambdatest.com/hyperexecute/task?jobId=2dfb2f90-3d7e-4da2-9efe-fcfe487283ee\u001b[0m\u001b[24m\n"}
{"level":"info","time":"2026-04-15T13:15:07.363+0530","caller":"terminal/terminal.go:187","msg":"\u001b[32m✔\u001b[0m [1]  \u001b[2msetup-runtime (8s)\u001b[22m\n"}
{"level":"info","time":"2026-04-15T13:15:07.720+0530","caller":"terminal/terminal.go:187","msg":"\u001b[32m✔\u001b[0m [2]  \u001b[2msetup-runtime (9s)\u001b[22m\n"}
{"level":"info","time":"2026-04-15T13:15:07.720+0530","caller":"terminal/terminal.go:187","msg":"\u001b[32m✔\u001b[0m [3]  \u001b[2msetup-runtime (9s)\u001b[22m\n"}
{"level":"info","time":"2026-04-15T13:15:27.685+0530","caller":"terminal/terminal.go:187","msg":"\u001b[32m✔\u001b[0m [1]  \u001b[2mpre (21s)\u001b[22m\n"}
{"level":"info","time":"2026-04-15T13:15:27.829+0530","caller":"terminal/terminal.go:187","msg":"\u001b[32m✔\u001b[0m [1]  \u001b[2mdiscovery (1s)\u001b[22m\n"}
{"level":"info","time":"2026-04-15T13:15:29.360+0530","caller":"terminal/terminal.go:187","msg":"\u001b[32m✔\u001b[0m [2]  \u001b[2mpre (21s)\u001b[22m\n"}
{"level":"info","time":"2026-04-15T13:15:29.513+0530","caller":"terminal/terminal.go:187","msg":"\u001b[32m✔\u001b[0m [2]  \u001b[2mdiscovery (0s)\u001b[22m\n"}
{"level":"info","time":"2026-04-15T13:15:29.820+0530","caller":"terminal/terminal.go:187","msg":"\u001b[32m✔\u001b[0m [3]  \u001b[2mpre (22s)\u001b[22m\n"}
{"level":"info","time":"2026-04-15T13:15:29.978+0530","caller":"terminal/terminal.go:187","msg":"\u001b[32m✔\u001b[0m [3]  \u001b[2mdiscovery (1s)\u001b[22m\n"}
{"level":"debug","time":"2026-04-15T13:16:08.047+0530","caller":"events/manager.go:356","msg":"No new messages received from SSE for jobID: 2dfb2f90-3d7e-4da2-9efe-fcfe487283ee. Fetching from APIs"}
{"level":"debug","time":"2026-04-15T13:16:39.714+0530","caller":"events/manager.go:356","msg":"No new messages received from SSE for jobID: 2dfb2f90-3d7e-4da2-9efe-fcfe487283ee. Fetching from APIs"}
{"level":"info","time":"2026-04-15T13:16:51.666+0530","caller":"terminal/terminal.go:187","msg":"\u001b[32m✔\u001b[0m [1]  \u001b[2mSelPlayGroundTest10 (1m15s)\u001b[22m\n"}
{"level":"info","time":"2026-04-15T13:17:05.936+0530","caller":"terminal/terminal.go:187","msg":"\u001b[32m✔\u001b[0m [3]  \u001b[2mSelPlayGroundTest12 (1m29s)\u001b[22m\n"}
{"level":"info","time":"2026-04-15T13:17:11.859+0530","caller":"terminal/terminal.go:187","msg":"\u001b[32m✔\u001b[0m [2]  \u001b[2mSelPlayGroundTest11 (1m35s)\u001b[22m\n"}
{"level":"info","time":"2026-04-15T13:17:15.768+0530","caller":"terminal/terminal.go:187","msg":"\u001b[32m✔\u001b[0m [1]  \u001b[2mSelPlayGroundTest13 (24s)\u001b[22m\n"}
{"level":"info","time":"2026-04-15T13:17:34.972+0530","caller":"terminal/terminal.go:187","msg":"\u001b[32m✔\u001b[0m [3]  \u001b[2mSelPlayGroundTest15 (29s)\u001b[22m\n"}
{"level":"info","time":"2026-04-15T13:17:36.204+0530","caller":"terminal/terminal.go:187","msg":"\u001b[32m✔\u001b[0m [1]  \u001b[2mSelPlayGroundTest1 (20s)\u001b[22m\n"}
{"level":"info","time":"2026-04-15T13:17:49.416+0530","caller":"terminal/terminal.go:187","msg":"\u001b[32m✔\u001b[0m [2]  \u001b[2mSelPlayGroundTest14 (37s)\u001b[22m\n"}
{"level":"info","time":"2026-04-15T13:17:55.715+0530","caller":"terminal/terminal.go:187","msg":"\u001b[32m✔\u001b[0m [1]  \u001b[2mSelPlayGroundTest4 (20s)\u001b[22m\n"}
{"level":"info","time":"2026-04-15T13:18:05.140+0530","caller":"terminal/terminal.go:187","msg":"\u001b[32m✔\u001b[0m [3]  \u001b[2mSelPlayGroundTest3 (30s)\u001b[22m\n"}
{"level":"info","time":"2026-04-15T13:18:15.238+0530","caller":"terminal/terminal.go:187","msg":"\u001b[91mx\u001b[0m [2]  \u001b[2mSelPlayGroundTest2 (26s)\u001b[22m\n"}
{"level":"info","time":"2026-04-15T13:18:19.993+0530","caller":"terminal/terminal.go:187","msg":"\u001b[32m✔\u001b[0m [1]  \u001b[2mSelPlayGroundTest7 (24s)\u001b[22m\n"}
{"level":"info","time":"2026-04-15T13:18:35.075+0530","caller":"terminal/terminal.go:187","msg":"\u001b[32m✔\u001b[0m [3]  \u001b[2mSelPlayGroundTest6 (30s)\u001b[22m\n"}
{"level":"info","time":"2026-04-15T13:18:52.792+0530","caller":"terminal/terminal.go:187","msg":"\u001b[32m✔\u001b[0m [2]  \u001b[2mSelPlayGroundTest5 (38s)\u001b[22m\n"}
{"level":"info","time":"2026-04-15T13:19:07.420+0530","caller":"terminal/terminal.go:187","msg":"\u001b[32m✔\u001b[0m [3]  \u001b[2mSelPlayGroundTest9 (32s)\u001b[22m\n"}
{"level":"info","time":"2026-04-15T13:19:34.411+0530","caller":"terminal/terminal.go:187","msg":"\u001b[32m✔\u001b[0m [2]  \u001b[2mSelPlayGroundTest8 (41s)\u001b[22m\n"}
{"level":"debug","time":"2026-04-15T13:20:07.112+0530","caller":"jobmanager/sse_setup.go:134","msg":"\n\nJob status"}
{"level":"info","time":"2026-04-15T13:20:07.112+0530","caller":"core/lifecycle.go:811","msg":"taskId:HYPL-509662-1776239096742933101VYB has failed with remark: Job failed as encountered a Test level failure\n"}
{"level":"info","time":"2026-04-15T13:20:08.094+0530","caller":"jobmanager/JobSummaryManager.go:54","msg":"\n\u001b[101m FAILED \u001b[0m\n"}
{"level":"info","time":"2026-04-15T13:20:08.095+0530","caller":"jobmanager/JobSummaryManager.go:113","msg":"    \u001b[1mTest Execution Time\u001b[22m:                  \u001b[91m3m4s\u001b[0m"}
{"level":"info","time":"2026-04-15T13:20:08.095+0530","caller":"jobmanager/JobSummaryManager.go:113","msg":"    \u001b[1mJob Duration Time\u001b[22m:                    5m5s"}
{"level":"info","time":"2026-04-15T13:20:08.095+0530","caller":"jobmanager/JobSummaryManager.go:113","msg":"    \u001b[1mTotal Tasks\u001b[22m:                          3"}
{"level":"info","time":"2026-04-15T13:20:08.095+0530","caller":"jobmanager/JobSummaryManager.go:113","msg":"    \u001b[1mCumulative Time Consumed\u001b[22m:             13m34s"}
{"level":"info","time":"2026-04-15T13:20:08.095+0530","caller":"jobmanager/JobSummaryManager.go:113","msg":"    \u001b[1mTotal Stages\u001b[22m:                         21"}
{"level":"info","time":"2026-04-15T13:20:08.095+0530","caller":"jobmanager/JobSummaryManager.go:113","msg":"    \u001b[1mPass discovery stage percentage\u001b[22m:      100.00%"}
{"level":"info","time":"2026-04-15T13:20:08.095+0530","caller":"jobmanager/JobSummaryManager.go:113","msg":"    \u001b[1mFailed discovery stage percentage\u001b[22m:    0.00%"}
{"level":"info","time":"2026-04-15T13:20:08.095+0530","caller":"jobmanager/JobSummaryManager.go:113","msg":"    \u001b[1mPass pre stage percentage\u001b[22m:            \u001b[92m100.00%\u001b[0m"}
{"level":"info","time":"2026-04-15T13:20:08.095+0530","caller":"jobmanager/JobSummaryManager.go:113","msg":"    \u001b[1mFailed pre stage percentage\u001b[22m:          0.00%"}
{"level":"info","time":"2026-04-15T13:20:08.095+0530","caller":"jobmanager/JobSummaryManager.go:113","msg":"    \u001b[1mPass test stage percentage\u001b[22m:           93.33%"}
{"level":"info","time":"2026-04-15T13:20:08.095+0530","caller":"jobmanager/JobSummaryManager.go:113","msg":"    \u001b[1mFailed test stage percentage\u001b[22m:         \u001b[91m6.67%\u001b[0m"}
{"level":"info","time":"2026-04-15T13:20:08.095+0530","caller":"jobmanager/JobSummaryManager.go:113","msg":"    \u001b[1mPass post stage percentage\u001b[22m:           0.00%"}
{"level":"info","time":"2026-04-15T13:20:08.095+0530","caller":"jobmanager/JobSummaryManager.go:113","msg":"    \u001b[1mFailed post stage percentage\u001b[22m:         0.00%"}
{"level":"info","time":"2026-04-15T13:20:08.095+0530","caller":"jobmanager/JobSummaryManager.go:113","msg":"    \u001b[1mFailed Tasks\u001b[22m:                         1"}
{"level":"info","time":"2026-04-15T13:20:08.095+0530","caller":"jobmanager/JobSummaryManager.go:58","msg":""}
{"level":"debug","time":"2026-04-15T13:20:08.098+0530","caller":"core/lifecycle.go:924","msg":"Context canceled"}
{"level":"info","time":"2026-04-15T13:20:08.098+0530","caller":"events/manager.go:338","msg":"context done and stopping SSE"}
{"level":"debug","time":"2026-04-15T13:20:08.098+0530","caller":"events/manager.go:256","msg":"Stopping event manager"}
{"level":"info","time":"2026-04-15T13:20:08.098+0530","caller":"core/lifecycle.go:927","msg":"\u001b[2mStopping pipeline gracefully\u001b[22m"}
{"level":"error","time":"2026-04-15T13:20:08.098+0530","caller":"core/lifecycle.go:930","msg":"2026-04-15T13:14:36+05:30    error    Exiting with error: Failed tasks found."}
{"level":"info","time":"2026-04-15T13:20:08.098+0530","caller":"jobmanager/manager.go:138","msg":"Job Link: \u001b[4m\u001b[34mhttps://hyperexecute.lambdatest.com/hyperexecute/task?jobId=2dfb2f90-3d7e-4da2-9efe-fcfe487283ee\u001b[0m\u001b[24m\n"}
{"level":"debug","time":"2026-04-15T13:20:08.098+0530","caller":"core/lifecycle.go:59","msg":"Quit requested from main goroutine...."}
{"level":"debug","time":"2026-04-15T13:20:08.098+0530","caller":"core/lifecycle.go:60","msg":"Waiting for the goroutines to exit"}
{"level":"debug","time":"2026-04-15T13:20:08.098+0530","caller":"core/lifecycle.go:63","msg":"All lifecycle goroutines exited"}
{"level":"debug","time":"2026-04-15T13:20:08.098+0530","caller":"cmd/bin.go:361","msg":"main: all goroutines have finished."}
{"level":"debug","time":"2026-04-15T13:20:08.098+0530","caller":"cmd/bin.go:400","msg":"Exiting application due to error Failed tasks found."}
{"level":"debug","time":"2026-04-21T22:54:25.394+0530","caller":"cmd/bin.go:145","msg":"cli os: darwin, cli arch: arm64"}
{"level":"debug","time":"2026-04-21T22:54:26.116+0530","caller":"cmd/bin.go:154","msg":"Upstream version details: {Name:cli Min:0.2.265 Max:0.2.338} "}
{"level":"info","time":"2026-04-21T22:54:26.116+0530","caller":"cmd/bin.go:163","msg":"Current binary version 0.2.337 is less than max upstream version 0.2.338."}
{"level":"info","time":"2026-04-21T22:54:26.116+0530","caller":"updater/updater.go:58","msg":"Auto updating binary ..................."}
{"level":"debug","time":"2026-04-21T22:54:26.116+0530","caller":"updater/updater.go:59","msg":"Download url: https://downloads.hyperexecute.cloud/hyperexecute/cli/0.2.338/darwin/hyperexecute"}
{"level":"debug","time":"2026-04-21T22:54:45.848+0530","caller":"updater/updater.go:80","msg":"New binary downloaded successfully "}
{"level":"info","time":"2026-04-21T22:54:45.849+0530","caller":"cmd/bin.go:175","msg":"Update successfully installed. Restarting the binary..."}
{"level":"debug","time":"2026-04-21T22:54:47.524+0530","caller":"cmd/bin.go:145","msg":"cli os: darwin, cli arch: arm64"}
{"level":"debug","time":"2026-04-21T22:54:48.283+0530","caller":"cmd/bin.go:154","msg":"Upstream version details: {Name:cli Min:0.2.265 Max:0.2.338} "}
{"level":"info","time":"2026-04-21T22:54:48.283+0530","caller":"cmd/bin.go:202","msg":"Generating TraceID for tracking request: 01KPRH5DEJMCWQFWTGG129ZTDS \n"}
{"level":"debug","time":"2026-04-21T22:54:51.441+0530","caller":"core/lifecycle.go:107","msg":"Setting environment"}
{"level":"debug","time":"2026-04-21T22:54:51.442+0530","caller":"core/lifecycle.go:110","msg":"Parsing config"}
{"level":"debug","time":"2026-04-21T22:54:51.442+0530","caller":"yamlconfigmanager/setup.go:725","msg":"Custom location for .hyperexecute.yaml specified. Using: yaml/linux/junit_hyperexecute_autosplit_sample.yaml"}
{"level":"debug","time":"2026-04-21T22:54:51.442+0530","caller":"yamlconfigmanager/setup.go:117","msg":"using hyperexecute config from : yaml/linux/junit_hyperexecute_autosplit_sample.yaml"}
{"level":"debug","time":"2026-04-21T22:54:53.311+0530","caller":"yamlconfigmanager/setup.go:2157","msg":"Autodetecting test type in files of path : /Users/anmolg/Desktop/Projects/HyperExecute/junit-selenium-hyperexecute-sample-main"}
{"level":"debug","time":"2026-04-21T22:54:53.312+0530","caller":"yamlconfigmanager/setup.go:547","msg":"Tunnel: false"}
{"level":"info","time":"2026-04-21T22:54:53.312+0530","caller":"models/HypertestYamlConfig.go:971","msg":"\n\u001b[4m\u001b[1m\u001b[97mExecution Plan\u001b[0m\u001b[22m\u001b[24m"}
{"level":"info","time":"2026-04-21T22:54:53.313+0530","caller":"models/HypertestYamlConfig.go:772","msg":"Mode:    \u001b[36mautosplit\u001b[0m"}
{"level":"info","time":"2026-04-21T22:54:53.313+0530","caller":"models/HypertestYamlConfig.go:832","msg":"Runson:    \u001b[36mlinux\u001b[0m"}
{"level":"info","time":"2026-04-21T22:54:53.313+0530","caller":"models/HypertestYamlConfig.go:840","msg":"Concurrency:    \u001b[36m3\u001b[0m"}
{"level":"info","time":"2026-04-21T22:54:53.313+0530","caller":"models/HypertestYamlConfig.go:904","msg":"Report:    \u001b[36menabled\u001b[0m"}
{"level":"info","time":"2026-04-21T22:54:53.313+0530","caller":"models/HypertestYamlConfig.go:984","msg":""}
{"level":"debug","time":"2026-04-21T22:54:53.313+0530","caller":"filevalidator/setup.go:49","msg":"Warning: Checking data.json file in current directory, no dataJsonPath found in .hyperexecute.yaml"}
{"level":"debug","time":"2026-04-21T22:54:53.313+0530","caller":"filevalidator/setup.go:53","msg":"Warning: data.json file doesn't exist"}
{"level":"debug","time":"2026-04-21T22:54:58.200+0530","caller":"core/lifecycle.go:527","msg":"Job ID: 383be244-0ec5-4477-90a8-78c0b9acb396"}
{"level":"debug","time":"2026-04-21T22:54:58.200+0530","caller":"events/manager.go:97","msg":"Starting event manager"}
{"level":"debug","time":"2026-04-21T22:54:58.201+0530","caller":"events/manager.go:99","msg":"SSE enabled, getting SSE connection"}
{"level":"debug","time":"2026-04-21T22:54:58.201+0530","caller":"core/lifecycle.go:530","msg":"User - anmolgtestmuai, triggered job with ID 383be244-0ec5-4477-90a8-78c0b9acb396 from CLI"}
{"level":"debug","time":"2026-04-21T22:54:58.202+0530","caller":"archivemanager/setup.go:339","msg":"digestMap: map[]"}
{"level":"debug","time":"2026-04-21T22:54:58.202+0530","caller":"archivemanager/setup.go:345","msg":"Creating archive of target directory: /Users/anmolg/Desktop/Projects/HyperExecute/junit-selenium-hyperexecute-sample-main"}
{"level":"debug","time":"2026-04-21T22:54:58.236+0530","caller":"core/lifecycle.go:684","msg":"Zip file size: 225.36 kB"}
{"level":"debug","time":"2026-04-21T22:54:58.236+0530","caller":"core/lifecycle.go:694","msg":"Archive location: /Users/anmolg/Desktop/Projects/HyperExecute/junit-selenium-hyperexecute-sample-main/hyperexecute-code-383be244-0ec5-4477-90a8-78c0b9acb396.zip\n"}
{"level":"debug","time":"2026-04-21T22:54:58.236+0530","caller":"storage/azure.go:60","msg":"Payload size: 225.36 kB, source path /Users/anmolg/Desktop/Projects/HyperExecute/junit-selenium-hyperexecute-sample-main/hyperexecute-code-383be244-0ec5-4477-90a8-78c0b9acb396.zip"}
{"level":"debug","time":"2026-04-21T22:54:59.332+0530","caller":"events/manager.go:288","msg":"connection to hyperexecute server established successfully."}
{"level":"debug","time":"2026-04-21T22:55:02.817+0530","caller":"storage/azure.go:84","msg":"Azcopy output: \n\r100.0 %, 0 Done, 0 Failed, 1 Pending, 0 Skipped, 1 Total, 2-sec Throughput (Mb/s): 0.9005\r100.0 %, 1 Done, 0 Failed, 0 Pending, 0 Skipped, 1 Total,                                \nTotal time taken to upload(min) :0.0667\n, stderr: "}
{"level":"info","time":"2026-04-21T22:55:02.817+0530","caller":"storage/azure.go:123","msg":"File: /Users/anmolg/Desktop/Projects/HyperExecute/junit-selenium-hyperexecute-sample-main/hyperexecute-code-383be244-0ec5-4477-90a8-78c0b9acb396.zip upload completed in 4.580605542s"}
{"level":"debug","time":"2026-04-21T22:55:02.817+0530","caller":"receptionmanager/setup.go:284","msg":"only one runtime entry detected, mapping it to older yaml format"}
{"level":"debug","time":"2026-04-21T22:55:02.818+0530","caller":"receptionmanager/setup.go:313","msg":"only one partialreports entry detected, mapping it to older yaml format"}
{"level":"debug","time":"2026-04-21T22:55:02.818+0530","caller":"receptionmanager/setup.go:188","msg":"Uploading yaml : /Users/anmolg/Desktop/Projects/HyperExecute/junit-selenium-hyperexecute-sample-main/.updatedhyperexecute.yaml"}
{"level":"debug","time":"2026-04-21T22:55:02.818+0530","caller":"storage/azure.go:60","msg":"Payload size: 4.13 kB, source path /Users/anmolg/Desktop/Projects/HyperExecute/junit-selenium-hyperexecute-sample-main/.updatedhyperexecute.yaml"}
{"level":"debug","time":"2026-04-21T22:55:04.853+0530","caller":"storage/azure.go:84","msg":"Azcopy output: \n\r100.0 %, 1 Done, 0 Failed, 0 Pending, 0 Skipped, 1 Total, 2-sec Throughput (Mb/s): 0.0165\nTotal time taken to upload(min) :0.0333\n, stderr: "}
{"level":"info","time":"2026-04-21T22:55:04.853+0530","caller":"storage/azure.go:123","msg":"File: /Users/anmolg/Desktop/Projects/HyperExecute/junit-selenium-hyperexecute-sample-main/.updatedhyperexecute.yaml upload completed in 2.035253125s"}
{"level":"debug","time":"2026-04-21T22:55:04.854+0530","caller":"core/lifecycle.go:721","msg":"Successfully deleted code archive: /Users/anmolg/Desktop/Projects/HyperExecute/junit-selenium-hyperexecute-sample-main/hyperexecute-code-383be244-0ec5-4477-90a8-78c0b9acb396.zip\n"}
{"level":"debug","time":"2026-04-21T22:55:04.854+0530","caller":"storage/azure.go:60","msg":"Payload size: 595 B, source path yaml/linux/mask-383be244-0ec5-4477-90a8-78c0b9acb396.yaml"}
{"level":"debug","time":"2026-04-21T22:55:06.886+0530","caller":"storage/azure.go:84","msg":"Azcopy output: \n\r100.0 %, 1 Done, 0 Failed, 0 Pending, 0 Skipped, 1 Total, 2-sec Throughput (Mb/s): 0.0024\nTotal time taken to upload(min) :0.0333\n, stderr: "}
{"level":"info","time":"2026-04-21T22:55:06.886+0530","caller":"storage/azure.go:123","msg":"File: yaml/linux/mask-383be244-0ec5-4477-90a8-78c0b9acb396.yaml upload completed in 2.03164s"}
{"level":"debug","time":"2026-04-21T22:55:09.615+0530","caller":"jobmanager/sse_setup.go:192","msg":"Task id: HYPL-509662-1776792308338577451SAO"}
{"level":"debug","time":"2026-04-21T22:55:09.615+0530","caller":"jobmanager/sse_setup.go:193","msg":"Sending new task alert to stage manager for taskId: HYPL-509662-1776792308338577451SAO"}
{"level":"debug","time":"2026-04-21T22:55:09.615+0530","caller":"jobmanager/sse_setup.go:192","msg":"Task id: HYPL-509662-1776792308342332855FBX"}
{"level":"debug","time":"2026-04-21T22:55:09.615+0530","caller":"jobmanager/sse_setup.go:193","msg":"Sending new task alert to stage manager for taskId: HYPL-509662-1776792308342332855FBX"}
{"level":"debug","time":"2026-04-21T22:55:09.615+0530","caller":"jobmanager/sse_setup.go:192","msg":"Task id: HYPL-509662-1776792308346199658WUA"}
{"level":"debug","time":"2026-04-21T22:55:09.615+0530","caller":"jobmanager/sse_setup.go:193","msg":"Sending new task alert to stage manager for taskId: HYPL-509662-1776792308346199658WUA"}
{"level":"info","time":"2026-04-21T22:55:12.490+0530","caller":"jobmanager/sse_setup.go:84","msg":"\nJob \u001b[1m\u001b[4m383be244-0ec5-4477-90a8-78c0b9acb396\u001b[24m\u001b[22m has started \u001b[97mRUNNING\u001b[0m"}
{"level":"info","time":"2026-04-21T22:55:12.490+0530","caller":"jobmanager/manager.go:138","msg":"Job Link: \u001b[4m\u001b[34mhttps://hyperexecute.lambdatest.com/hyperexecute/task?jobId=383be244-0ec5-4477-90a8-78c0b9acb396\u001b[0m\u001b[24m\n"}
{"level":"info","time":"2026-04-21T22:55:19.885+0530","caller":"terminal/terminal.go:187","msg":"\u001b[32m✔\u001b[0m [2]  \u001b[2msetup-runtime (8s)\u001b[22m\n"}
{"level":"info","time":"2026-04-21T22:55:20.747+0530","caller":"terminal/terminal.go:187","msg":"\u001b[32m✔\u001b[0m [3]  \u001b[2msetup-runtime (9s)\u001b[22m\n"}
{"level":"info","time":"2026-04-21T22:55:20.899+0530","caller":"terminal/terminal.go:187","msg":"\u001b[32m✔\u001b[0m [1]  \u001b[2msetup-runtime (8s)\u001b[22m\n"}
{"level":"info","time":"2026-04-21T22:55:43.554+0530","caller":"terminal/terminal.go:187","msg":"\u001b[32m✔\u001b[0m [1]  \u001b[2mpre (22s)\u001b[22m\n"}
{"level":"info","time":"2026-04-21T22:55:43.704+0530","caller":"terminal/terminal.go:187","msg":"\u001b[32m✔\u001b[0m [1]  \u001b[2mdiscovery (1s)\u001b[22m\n"}
{"level":"info","time":"2026-04-21T22:55:45.507+0530","caller":"terminal/terminal.go:187","msg":"\u001b[32m✔\u001b[0m [2]  \u001b[2mpre (25s)\u001b[22m\n"}
{"level":"info","time":"2026-04-21T22:55:45.734+0530","caller":"terminal/terminal.go:187","msg":"\u001b[32m✔\u001b[0m [2]  \u001b[2mdiscovery (1s)\u001b[22m\n"}
{"level":"info","time":"2026-04-21T22:55:50.095+0530","caller":"terminal/terminal.go:187","msg":"\u001b[32m✔\u001b[0m [3]  \u001b[2mpre (29s)\u001b[22m\n"}
{"level":"info","time":"2026-04-21T22:55:50.245+0530","caller":"terminal/terminal.go:187","msg":"\u001b[32m✔\u001b[0m [3]  \u001b[2mdiscovery (0s)\u001b[22m\n"}
{"level":"debug","time":"2026-04-21T22:56:30.733+0530","caller":"events/manager.go:356","msg":"No new messages received from SSE for jobID: 383be244-0ec5-4477-90a8-78c0b9acb396. Fetching from APIs"}
{"level":"debug","time":"2026-04-21T22:57:02.295+0530","caller":"events/manager.go:356","msg":"No new messages received from SSE for jobID: 383be244-0ec5-4477-90a8-78c0b9acb396. Fetching from APIs"}
{"level":"info","time":"2026-04-21T22:57:15.498+0530","caller":"terminal/terminal.go:187","msg":"\u001b[32m✔\u001b[0m [1]  \u001b[2mSelPlayGroundTest10 (1m23s)\u001b[22m\n"}
{"level":"info","time":"2026-04-21T22:57:34.310+0530","caller":"terminal/terminal.go:187","msg":"\u001b[32m✔\u001b[0m [1]  \u001b[2mSelPlayGroundTest13 (19s)\u001b[22m\n"}
{"level":"info","time":"2026-04-21T22:57:43.540+0530","caller":"terminal/terminal.go:187","msg":"\u001b[32m✔\u001b[0m [2]  \u001b[2mSelPlayGroundTest11 (1m50s)\u001b[22m\n"}
{"level":"info","time":"2026-04-21T22:57:44.132+0530","caller":"terminal/terminal.go:187","msg":"\u001b[91mx\u001b[0m [3]  \u001b[2mSelPlayGroundTest12 (1m44s)\u001b[22m\n"}
{"level":"info","time":"2026-04-21T22:57:54.556+0530","caller":"terminal/terminal.go:187","msg":"\u001b[32m✔\u001b[0m [1]  \u001b[2mSelPlayGroundTest1 (20s)\u001b[22m\n"}
{"level":"info","time":"2026-04-21T22:58:12.616+0530","caller":"terminal/terminal.go:187","msg":"\u001b[32m✔\u001b[0m [1]  \u001b[2mSelPlayGroundTest4 (18s)\u001b[22m\n"}
{"level":"info","time":"2026-04-21T22:58:19.607+0530","caller":"terminal/terminal.go:187","msg":"\u001b[91mx\u001b[0m [3]  \u001b[2mSelPlayGroundTest15 (35s)\u001b[22m\n"}
{"level":"info","time":"2026-04-21T22:58:20.324+0530","caller":"terminal/terminal.go:187","msg":"\u001b[32m✔\u001b[0m [2]  \u001b[2mSelPlayGroundTest14 (37s)\u001b[22m\n"}
{"level":"info","time":"2026-04-21T22:58:39.083+0530","caller":"terminal/terminal.go:187","msg":"\u001b[32m✔\u001b[0m [1]  \u001b[2mSelPlayGroundTest7 (27s)\u001b[22m\n"}
{"level":"info","time":"2026-04-21T22:58:47.826+0530","caller":"terminal/terminal.go:187","msg":"\u001b[91mx\u001b[0m [2]  \u001b[2mSelPlayGroundTest2 (25s)\u001b[22m\n"}
{"level":"info","time":"2026-04-21T22:59:04.069+0530","caller":"terminal/terminal.go:187","msg":"\u001b[91mx\u001b[0m [3]  \u001b[2mSelPlayGroundTest3 (42s)\u001b[22m\n"}
{"level":"info","time":"2026-04-21T22:59:25.992+0530","caller":"terminal/terminal.go:187","msg":"\u001b[32m✔\u001b[0m [2]  \u001b[2mSelPlayGroundTest5 (38s)\u001b[22m\n"}
{"level":"info","time":"2026-04-21T22:59:41.913+0530","caller":"terminal/terminal.go:187","msg":"\u001b[91mx\u001b[0m [3]  \u001b[2mSelPlayGroundTest6 (38s)\u001b[22m\n"}
{"level":"info","time":"2026-04-21T23:00:06.677+0530","caller":"terminal/terminal.go:187","msg":"\u001b[32m✔\u001b[0m [2]  \u001b[2mSelPlayGroundTest8 (40s)\u001b[22m\n"}
{"level":"info","time":"2026-04-21T23:00:23.850+0530","caller":"terminal/terminal.go:187","msg":"\u001b[91mx\u001b[0m [3]  \u001b[2mSelPlayGroundTest9 (42s)\u001b[22m\n"}
{"level":"debug","time":"2026-04-21T23:00:56.372+0530","caller":"jobmanager/sse_setup.go:134","msg":"\n\nJob status"}
{"level":"info","time":"2026-04-21T23:00:56.373+0530","caller":"core/lifecycle.go:811","msg":"taskId:HYPL-509662-1776792308342332855FBX has failed with remark: Job failed as encountered a Test level failure\n"}
{"level":"info","time":"2026-04-21T23:00:56.373+0530","caller":"core/lifecycle.go:811","msg":"taskId:HYPL-509662-1776792308346199658WUA has failed with remark: Job failed as encountered a Test level failure\n"}
{"level":"info","time":"2026-04-21T23:00:57.191+0530","caller":"jobmanager/JobSummaryManager.go:54","msg":"\n\u001b[101m FAILED \u001b[0m\n"}
{"level":"info","time":"2026-04-21T23:00:57.191+0530","caller":"jobmanager/JobSummaryManager.go:113","msg":"    \u001b[1mTest Execution Time\u001b[22m:                  \u001b[91m3m30s\u001b[0m"}
{"level":"info","time":"2026-04-21T23:00:57.191+0530","caller":"jobmanager/JobSummaryManager.go:113","msg":"    \u001b[1mJob Duration Time\u001b[22m:                    5m43s"}
{"level":"info","time":"2026-04-21T23:00:57.191+0530","caller":"jobmanager/JobSummaryManager.go:113","msg":"    \u001b[1mTotal Tasks\u001b[22m:                          3"}
{"level":"info","time":"2026-04-21T23:00:57.191+0530","caller":"jobmanager/JobSummaryManager.go:113","msg":"    \u001b[1mCumulative Time Consumed\u001b[22m:             15m6s"}
{"level":"info","time":"2026-04-21T23:00:57.191+0530","caller":"jobmanager/JobSummaryManager.go:113","msg":"    \u001b[1mTotal Stages\u001b[22m:                         21"}
{"level":"info","time":"2026-04-21T23:00:57.191+0530","caller":"jobmanager/JobSummaryManager.go:113","msg":"    \u001b[1mPass discovery stage percentage\u001b[22m:      100.00%"}
{"level":"info","time":"2026-04-21T23:00:57.191+0530","caller":"jobmanager/JobSummaryManager.go:113","msg":"    \u001b[1mFailed discovery stage percentage\u001b[22m:    0.00%"}
{"level":"info","time":"2026-04-21T23:00:57.191+0530","caller":"jobmanager/JobSummaryManager.go:113","msg":"    \u001b[1mPass pre stage percentage\u001b[22m:            \u001b[92m100.00%\u001b[0m"}
{"level":"info","time":"2026-04-21T23:00:57.191+0530","caller":"jobmanager/JobSummaryManager.go:113","msg":"    \u001b[1mFailed pre stage percentage\u001b[22m:          0.00%"}
{"level":"info","time":"2026-04-21T23:00:57.191+0530","caller":"jobmanager/JobSummaryManager.go:113","msg":"    \u001b[1mPass test stage percentage\u001b[22m:           60.00%"}
{"level":"info","time":"2026-04-21T23:00:57.191+0530","caller":"jobmanager/JobSummaryManager.go:113","msg":"    \u001b[1mFailed test stage percentage\u001b[22m:         \u001b[91m40.00%\u001b[0m"}
{"level":"info","time":"2026-04-21T23:00:57.191+0530","caller":"jobmanager/JobSummaryManager.go:113","msg":"    \u001b[1mPass post stage percentage\u001b[22m:           0.00%"}
{"level":"info","time":"2026-04-21T23:00:57.191+0530","caller":"jobmanager/JobSummaryManager.go:113","msg":"    \u001b[1mFailed post stage percentage\u001b[22m:         0.00%"}
{"level":"info","time":"2026-04-21T23:00:57.191+0530","caller":"jobmanager/JobSummaryManager.go:113","msg":"    \u001b[1mFailed Tasks\u001b[22m:                         2"}
{"level":"info","time":"2026-04-21T23:00:57.191+0530","caller":"jobmanager/JobSummaryManager.go:58","msg":""}
{"level":"debug","time":"2026-04-21T23:00:57.193+0530","caller":"core/lifecycle.go:924","msg":"Context canceled"}
{"level":"info","time":"2026-04-21T23:00:57.193+0530","caller":"events/manager.go:338","msg":"context done and stopping SSE"}
{"level":"debug","time":"2026-04-21T23:00:57.193+0530","caller":"events/manager.go:256","msg":"Stopping event manager"}
{"level":"info","time":"2026-04-21T23:00:57.193+0530","caller":"core/lifecycle.go:927","msg":"\u001b[2mStopping pipeline gracefully\u001b[22m"}
{"level":"error","time":"2026-04-21T23:00:57.193+0530","caller":"core/lifecycle.go:930","msg":"2026-04-21T22:54:46+05:30    error    Exiting with error: Failed tasks found."}
{"level":"info","time":"2026-04-21T23:00:57.193+0530","caller":"jobmanager/manager.go:138","msg":"Job Link: \u001b[4m\u001b[34mhttps://hyperexecute.lambdatest.com/hyperexecute/task?jobId=383be244-0ec5-4477-90a8-78c0b9acb396\u001b[0m\u001b[24m\n"}
{"level":"debug","time":"2026-04-21T23:00:57.193+0530","caller":"core/lifecycle.go:59","msg":"Quit requested from main goroutine...."}
{"level":"debug","time":"2026-04-21T23:00:57.193+0530","caller":"core/lifecycle.go:60","msg":"Waiting for the goroutines to exit"}
{"level":"debug","time":"2026-04-21T23:00:57.193+0530","caller":"core/lifecycle.go:63","msg":"All lifecycle goroutines exited"}
{"level":"debug","time":"2026-04-21T23:00:57.193+0530","caller":"cmd/bin.go:361","msg":"main: all goroutines have finished."}
{"level":"debug","time":"2026-04-21T23:00:57.193+0530","caller":"cmd/bin.go:400","msg":"Exiting application due to error Failed tasks found."}
{"level":"debug","time":"2026-04-21T23:00:57.196+0530","caller":"cmd/bin.go:195","msg":"Child binary process exited with error: exit status 1"}
{"level":"debug","time":"2026-04-23T18:28:22.856+0530","caller":"cmd/bin.go:145","msg":"cli os: darwin, cli arch: arm64"}
{"level":"debug","time":"2026-04-23T18:28:23.611+0530","caller":"cmd/bin.go:154","msg":"Upstream version details: {Name:cli Min:0.2.265 Max:0.2.338} "}
{"level":"info","time":"2026-04-23T18:28:23.611+0530","caller":"cmd/bin.go:202","msg":"Generating TraceID for tracking request: 01KPX6Q1F2YW5RPVR7SGZ7PD99 \n"}
{"level":"debug","time":"2026-04-23T18:28:27.525+0530","caller":"core/lifecycle.go:107","msg":"Setting environment"}
{"level":"debug","time":"2026-04-23T18:28:27.525+0530","caller":"core/lifecycle.go:110","msg":"Parsing config"}
{"level":"debug","time":"2026-04-23T18:28:27.526+0530","caller":"yamlconfigmanager/setup.go:725","msg":"Custom location for .hyperexecute.yaml specified. Using: yaml/linux/junit_hyperexecute_autosplit_sample.yaml"}
{"level":"debug","time":"2026-04-23T18:28:27.526+0530","caller":"yamlconfigmanager/setup.go:117","msg":"using hyperexecute config from : yaml/linux/junit_hyperexecute_autosplit_sample.yaml"}
{"level":"debug","time":"2026-04-23T18:28:29.342+0530","caller":"yamlconfigmanager/setup.go:2157","msg":"Autodetecting test type in files of path : /Users/anmolg/Desktop/Projects/HyperExecute/junit-selenium-hyperexecute-sample-main"}
{"level":"debug","time":"2026-04-23T18:28:29.344+0530","caller":"yamlconfigmanager/setup.go:547","msg":"Tunnel: false"}
{"level":"info","time":"2026-04-23T18:28:29.345+0530","caller":"models/HypertestYamlConfig.go:971","msg":"\n\u001b[4m\u001b[1m\u001b[97mExecution Plan\u001b[0m\u001b[22m\u001b[24m"}
{"level":"info","time":"2026-04-23T18:28:29.345+0530","caller":"models/HypertestYamlConfig.go:772","msg":"Mode:    \u001b[36mautosplit\u001b[0m"}
{"level":"info","time":"2026-04-23T18:28:29.345+0530","caller":"models/HypertestYamlConfig.go:832","msg":"Runson:    \u001b[36mlinux\u001b[0m"}
{"level":"info","time":"2026-04-23T18:28:29.345+0530","caller":"models/HypertestYamlConfig.go:840","msg":"Concurrency:    \u001b[36m3\u001b[0m"}
{"level":"info","time":"2026-04-23T18:28:29.345+0530","caller":"models/HypertestYamlConfig.go:904","msg":"Report:    \u001b[36menabled\u001b[0m"}
{"level":"info","time":"2026-04-23T18:28:29.345+0530","caller":"models/HypertestYamlConfig.go:984","msg":""}
{"level":"debug","time":"2026-04-23T18:28:29.345+0530","caller":"filevalidator/setup.go:49","msg":"Warning: Checking data.json file in current directory, no dataJsonPath found in .hyperexecute.yaml"}
{"level":"debug","time":"2026-04-23T18:28:29.345+0530","caller":"filevalidator/setup.go:53","msg":"Warning: data.json file doesn't exist"}
{"level":"debug","time":"2026-04-23T18:28:32.835+0530","caller":"core/lifecycle.go:527","msg":"Job ID: faf36040-a799-481d-96fb-901716f91b99"}
{"level":"debug","time":"2026-04-23T18:28:32.835+0530","caller":"core/lifecycle.go:530","msg":"User - anmolgtestmuai, triggered job with ID faf36040-a799-481d-96fb-901716f91b99 from CLI"}
{"level":"debug","time":"2026-04-23T18:28:32.835+0530","caller":"events/manager.go:97","msg":"Starting event manager"}
{"level":"debug","time":"2026-04-23T18:28:32.835+0530","caller":"events/manager.go:99","msg":"SSE enabled, getting SSE connection"}
{"level":"debug","time":"2026-04-23T18:28:32.836+0530","caller":"archivemanager/setup.go:339","msg":"digestMap: map[]"}
{"level":"debug","time":"2026-04-23T18:28:32.836+0530","caller":"archivemanager/setup.go:345","msg":"Creating archive of target directory: /Users/anmolg/Desktop/Projects/HyperExecute/junit-selenium-hyperexecute-sample-main"}
{"level":"debug","time":"2026-04-23T18:28:32.856+0530","caller":"core/lifecycle.go:684","msg":"Zip file size: 225.36 kB"}
{"level":"debug","time":"2026-04-23T18:28:32.856+0530","caller":"core/lifecycle.go:694","msg":"Archive location: /Users/anmolg/Desktop/Projects/HyperExecute/junit-selenium-hyperexecute-sample-main/hyperexecute-code-faf36040-a799-481d-96fb-901716f91b99.zip\n"}
{"level":"debug","time":"2026-04-23T18:28:32.857+0530","caller":"storage/azure.go:60","msg":"Payload size: 225.36 kB, source path /Users/anmolg/Desktop/Projects/HyperExecute/junit-selenium-hyperexecute-sample-main/hyperexecute-code-faf36040-a799-481d-96fb-901716f91b99.zip"}
{"level":"debug","time":"2026-04-23T18:28:34.072+0530","caller":"events/manager.go:288","msg":"connection to hyperexecute server established successfully."}
{"level":"debug","time":"2026-04-23T18:28:37.461+0530","caller":"storage/azure.go:84","msg":"Azcopy output: \n\r100.0 %, 0 Done, 0 Failed, 1 Pending, 0 Skipped, 1 Total, 2-sec Throughput (Mb/s): 0.9011\r100.0 %, 1 Done, 0 Failed, 0 Pending, 0 Skipped, 1 Total,                                \nTotal time taken to upload(min) :0.0667\n, stderr: "}
{"level":"info","time":"2026-04-23T18:28:37.462+0530","caller":"storage/azure.go:123","msg":"File: /Users/anmolg/Desktop/Projects/HyperExecute/junit-selenium-hyperexecute-sample-main/hyperexecute-code-faf36040-a799-481d-96fb-901716f91b99.zip upload completed in 4.605099542s"}
{"level":"debug","time":"2026-04-23T18:28:37.462+0530","caller":"receptionmanager/setup.go:284","msg":"only one runtime entry detected, mapping it to older yaml format"}
{"level":"debug","time":"2026-04-23T18:28:37.462+0530","caller":"receptionmanager/setup.go:313","msg":"only one partialreports entry detected, mapping it to older yaml format"}
{"level":"debug","time":"2026-04-23T18:28:37.463+0530","caller":"receptionmanager/setup.go:188","msg":"Uploading yaml : /Users/anmolg/Desktop/Projects/HyperExecute/junit-selenium-hyperexecute-sample-main/.updatedhyperexecute.yaml"}
{"level":"debug","time":"2026-04-23T18:28:37.463+0530","caller":"storage/azure.go:60","msg":"Payload size: 4.13 kB, source path /Users/anmolg/Desktop/Projects/HyperExecute/junit-selenium-hyperexecute-sample-main/.updatedhyperexecute.yaml"}
{"level":"debug","time":"2026-04-23T18:28:39.499+0530","caller":"storage/azure.go:84","msg":"Azcopy output: \n\r100.0 %, 1 Done, 0 Failed, 0 Pending, 0 Skipped, 1 Total, 2-sec Throughput (Mb/s): 0.0165\nTotal time taken to upload(min) :0.0333\n, stderr: "}
{"level":"info","time":"2026-04-23T18:28:39.499+0530","caller":"storage/azure.go:123","msg":"File: /Users/anmolg/Desktop/Projects/HyperExecute/junit-selenium-hyperexecute-sample-main/.updatedhyperexecute.yaml upload completed in 2.03592875s"}
{"level":"debug","time":"2026-04-23T18:28:39.499+0530","caller":"core/lifecycle.go:721","msg":"Successfully deleted code archive: /Users/anmolg/Desktop/Projects/HyperExecute/junit-selenium-hyperexecute-sample-main/hyperexecute-code-faf36040-a799-481d-96fb-901716f91b99.zip\n"}
{"level":"debug","time":"2026-04-23T18:28:39.500+0530","caller":"storage/azure.go:60","msg":"Payload size: 595 B, source path yaml/linux/mask-faf36040-a799-481d-96fb-901716f91b99.yaml"}
{"level":"debug","time":"2026-04-23T18:28:41.535+0530","caller":"storage/azure.go:84","msg":"Azcopy output: \n\r100.0 %, 1 Done, 0 Failed, 0 Pending, 0 Skipped, 1 Total, 2-sec Throughput (Mb/s): 0.0024\nTotal time taken to upload(min) :0.0333\n, stderr: "}
{"level":"info","time":"2026-04-23T18:28:41.536+0530","caller":"storage/azure.go:123","msg":"File: yaml/linux/mask-faf36040-a799-481d-96fb-901716f91b99.yaml upload completed in 2.035846792s"}
{"level":"debug","time":"2026-04-23T18:28:44.010+0530","caller":"jobmanager/sse_setup.go:192","msg":"Task id: HYPL-509662-1776949122687367023OWM"}
{"level":"debug","time":"2026-04-23T18:28:44.011+0530","caller":"jobmanager/sse_setup.go:193","msg":"Sending new task alert to stage manager for taskId: HYPL-509662-1776949122687367023OWM"}
{"level":"debug","time":"2026-04-23T18:28:44.011+0530","caller":"jobmanager/sse_setup.go:192","msg":"Task id: HYPL-509662-1776949122690886056PHV"}
{"level":"debug","time":"2026-04-23T18:28:44.011+0530","caller":"jobmanager/sse_setup.go:193","msg":"Sending new task alert to stage manager for taskId: HYPL-509662-1776949122690886056PHV"}
{"level":"debug","time":"2026-04-23T18:28:44.011+0530","caller":"jobmanager/sse_setup.go:192","msg":"Task id: HYPL-509662-1776949122694256731ZIN"}
{"level":"debug","time":"2026-04-23T18:28:44.011+0530","caller":"jobmanager/sse_setup.go:193","msg":"Sending new task alert to stage manager for taskId: HYPL-509662-1776949122694256731ZIN"}
{"level":"info","time":"2026-04-23T18:28:46.768+0530","caller":"jobmanager/sse_setup.go:84","msg":"\nJob \u001b[1m\u001b[4mfaf36040-a799-481d-96fb-901716f91b99\u001b[24m\u001b[22m has started \u001b[97mRUNNING\u001b[0m"}
{"level":"info","time":"2026-04-23T18:28:46.768+0530","caller":"jobmanager/manager.go:138","msg":"Job Link: \u001b[4m\u001b[34mhttps://hyperexecute.lambdatest.com/hyperexecute/task?jobId=faf36040-a799-481d-96fb-901716f91b99\u001b[0m\u001b[24m\n"}
{"level":"info","time":"2026-04-23T18:28:53.630+0530","caller":"terminal/terminal.go:187","msg":"\u001b[32m✔\u001b[0m [1]  \u001b[2msetup-runtime (7s)\u001b[22m\n"}
{"level":"info","time":"2026-04-23T18:28:53.648+0530","caller":"terminal/terminal.go:187","msg":"\u001b[32m✔\u001b[0m [3]  \u001b[2msetup-runtime (7s)\u001b[22m\n"}
{"level":"info","time":"2026-04-23T18:28:54.540+0530","caller":"terminal/terminal.go:187","msg":"\u001b[32m✔\u001b[0m [2]  \u001b[2msetup-runtime (8s)\u001b[22m\n"}
{"level":"info","time":"2026-04-23T18:29:21.820+0530","caller":"terminal/terminal.go:187","msg":"\u001b[32m✔\u001b[0m [3]  \u001b[2mpre (29s)\u001b[22m\n"}
{"level":"info","time":"2026-04-23T18:29:21.962+0530","caller":"terminal/terminal.go:187","msg":"\u001b[32m✔\u001b[0m [3]  \u001b[2mdiscovery (1s)\u001b[22m\n"}
{"level":"info","time":"2026-04-23T18:29:24.846+0530","caller":"terminal/terminal.go:187","msg":"\u001b[32m✔\u001b[0m [1]  \u001b[2mpre (32s)\u001b[22m\n"}
{"level":"info","time":"2026-04-23T18:29:24.997+0530","caller":"terminal/terminal.go:187","msg":"\u001b[32m✔\u001b[0m [1]  \u001b[2mdiscovery (1s)\u001b[22m\n"}
{"level":"info","time":"2026-04-23T18:29:33.243+0530","caller":"terminal/terminal.go:187","msg":"\u001b[32m✔\u001b[0m [2]  \u001b[2mpre (39s)\u001b[22m\n"}
{"level":"info","time":"2026-04-23T18:29:33.380+0530","caller":"terminal/terminal.go:187","msg":"\u001b[32m✔\u001b[0m [2]  \u001b[2mdiscovery (0s)\u001b[22m\n"}
{"level":"debug","time":"2026-04-23T18:30:11.918+0530","caller":"events/manager.go:356","msg":"No new messages received from SSE for jobID: faf36040-a799-481d-96fb-901716f91b99. Fetching from APIs"}
{"level":"debug","time":"2026-04-23T18:30:43.386+0530","caller":"events/manager.go:356","msg":"No new messages received from SSE for jobID: faf36040-a799-481d-96fb-901716f91b99. Fetching from APIs"}
{"level":"debug","time":"2026-04-23T18:31:15.083+0530","caller":"events/manager.go:356","msg":"No new messages received from SSE for jobID: faf36040-a799-481d-96fb-901716f91b99. Fetching from APIs"}
{"level":"info","time":"2026-04-23T18:31:32.896+0530","caller":"terminal/terminal.go:187","msg":"\u001b[91mx\u001b[0m [3]  \u001b[2mSelPlayGroundTest12 (2m4s)\u001b[22m\n"}
{"level":"info","time":"2026-04-23T18:31:34.190+0530","caller":"terminal/terminal.go:187","msg":"\u001b[32m✔\u001b[0m [1]  \u001b[2mSelPlayGroundTest10 (2m2s)\u001b[22m\n"}
{"level":"info","time":"2026-04-23T18:31:53.580+0530","caller":"terminal/terminal.go:187","msg":"\u001b[32m✔\u001b[0m [1]  \u001b[2mSelPlayGroundTest13 (19s)\u001b[22m\n"}
{"level":"info","time":"2026-04-23T18:32:11.503+0530","caller":"terminal/terminal.go:187","msg":"\u001b[91mx\u001b[0m [3]  \u001b[2mSelPlayGroundTest15 (38s)\u001b[22m\n"}
{"level":"info","time":"2026-04-23T18:32:13.618+0530","caller":"terminal/terminal.go:187","msg":"\u001b[32m✔\u001b[0m [1]  \u001b[2mSelPlayGroundTest1 (20s)\u001b[22m\n"}
{"level":"info","time":"2026-04-23T18:32:34.037+0530","caller":"terminal/terminal.go:187","msg":"\u001b[32m✔\u001b[0m [1]  \u001b[2mSelPlayGroundTest4 (20s)\u001b[22m\n"}
{"level":"info","time":"2026-04-23T18:32:36.493+0530","caller":"terminal/terminal.go:187","msg":"\u001b[32m✔\u001b[0m [2]  \u001b[2mSelPlayGroundTest11 (2m55s)\u001b[22m\n"}
{"level":"info","time":"2026-04-23T18:32:48.105+0530","caller":"terminal/terminal.go:187","msg":"\u001b[91mx\u001b[0m [3]  \u001b[2mSelPlayGroundTest3 (37s)\u001b[22m\n"}
{"level":"info","time":"2026-04-23T18:32:57.192+0530","caller":"terminal/terminal.go:187","msg":"\u001b[32m✔\u001b[0m [1]  \u001b[2mSelPlayGroundTest7 (24s)\u001b[22m\n"}
{"level":"info","time":"2026-04-23T18:33:14.800+0530","caller":"terminal/terminal.go:187","msg":"\u001b[32m✔\u001b[0m [2]  \u001b[2mSelPlayGroundTest14 (38s)\u001b[22m\n"}
{"level":"info","time":"2026-04-23T18:33:27.213+0530","caller":"terminal/terminal.go:187","msg":"\u001b[91mx\u001b[0m [3]  \u001b[2mSelPlayGroundTest6 (39s)\u001b[22m\n"}
{"level":"info","time":"2026-04-23T18:33:41.226+0530","caller":"terminal/terminal.go:187","msg":"\u001b[91mx\u001b[0m [2]  \u001b[2mSelPlayGroundTest2 (26s)\u001b[22m\n"}
{"level":"info","time":"2026-04-23T18:34:07.369+0530","caller":"terminal/terminal.go:187","msg":"\u001b[91mx\u001b[0m [3]  \u001b[2mSelPlayGroundTest9 (40s)\u001b[22m\n"}
{"level":"info","time":"2026-04-23T18:34:18.952+0530","caller":"terminal/terminal.go:187","msg":"\u001b[32m✔\u001b[0m [2]  \u001b[2mSelPlayGroundTest5 (38s)\u001b[22m\n"}
{"level":"info","time":"2026-04-23T18:35:00.973+0530","caller":"terminal/terminal.go:187","msg":"\u001b[32m✔\u001b[0m [2]  \u001b[2mSelPlayGroundTest8 (42s)\u001b[22m\n"}
{"level":"debug","time":"2026-04-23T18:35:30.974+0530","caller":"events/manager.go:356","msg":"No new messages received from SSE for jobID: faf36040-a799-481d-96fb-901716f91b99. Fetching from APIs"}
{"level":"debug","time":"2026-04-23T18:35:32.640+0530","caller":"jobmanager/sse_setup.go:134","msg":"\n\nJob status"}
{"level":"info","time":"2026-04-23T18:35:32.640+0530","caller":"core/lifecycle.go:811","msg":"taskId:HYPL-509662-1776949122690886056PHV has failed with remark: Job failed as encountered a Test level failure\n"}
{"level":"info","time":"2026-04-23T18:35:32.640+0530","caller":"core/lifecycle.go:811","msg":"taskId:HYPL-509662-1776949122694256731ZIN has failed with remark: Job failed as encountered a Test level failure\n"}
{"level":"info","time":"2026-04-23T18:35:33.402+0530","caller":"jobmanager/JobSummaryManager.go:54","msg":"\n\u001b[101m FAILED \u001b[0m\n"}
{"level":"info","time":"2026-04-23T18:35:33.402+0530","caller":"jobmanager/JobSummaryManager.go:113","msg":"    \u001b[1mTest Execution Time\u001b[22m:                  \u001b[91m3m57s\u001b[0m"}
{"level":"info","time":"2026-04-23T18:35:33.402+0530","caller":"jobmanager/JobSummaryManager.go:113","msg":"    \u001b[1mJob Duration Time\u001b[22m:                    6m46s"}
{"level":"info","time":"2026-04-23T18:35:33.402+0530","caller":"jobmanager/JobSummaryManager.go:113","msg":"    \u001b[1mTotal Tasks\u001b[22m:                          3"}
{"level":"info","time":"2026-04-23T18:35:33.402+0530","caller":"jobmanager/JobSummaryManager.go:113","msg":"    \u001b[1mCumulative Time Consumed\u001b[22m:             17m20s"}
{"level":"info","time":"2026-04-23T18:35:33.402+0530","caller":"jobmanager/JobSummaryManager.go:113","msg":"    \u001b[1mTotal Stages\u001b[22m:                         21"}
{"level":"info","time":"2026-04-23T18:35:33.402+0530","caller":"jobmanager/JobSummaryManager.go:113","msg":"    \u001b[1mPass discovery stage percentage\u001b[22m:      100.00%"}
{"level":"info","time":"2026-04-23T18:35:33.402+0530","caller":"jobmanager/JobSummaryManager.go:113","msg":"    \u001b[1mFailed discovery stage percentage\u001b[22m:    0.00%"}
{"level":"info","time":"2026-04-23T18:35:33.402+0530","caller":"jobmanager/JobSummaryManager.go:113","msg":"    \u001b[1mPass pre stage percentage\u001b[22m:            \u001b[92m100.00%\u001b[0m"}
{"level":"info","time":"2026-04-23T18:35:33.402+0530","caller":"jobmanager/JobSummaryManager.go:113","msg":"    \u001b[1mFailed pre stage percentage\u001b[22m:          0.00%"}
{"level":"info","time":"2026-04-23T18:35:33.402+0530","caller":"jobmanager/JobSummaryManager.go:113","msg":"    \u001b[1mPass test stage percentage\u001b[22m:           60.00%"}
{"level":"info","time":"2026-04-23T18:35:33.402+0530","caller":"jobmanager/JobSummaryManager.go:113","msg":"    \u001b[1mFailed test stage percentage\u001b[22m:         \u001b[91m40.00%\u001b[0m"}
{"level":"info","time":"2026-04-23T18:35:33.403+0530","caller":"jobmanager/JobSummaryManager.go:113","msg":"    \u001b[1mPass post stage percentage\u001b[22m:           0.00%"}
{"level":"info","time":"2026-04-23T18:35:33.403+0530","caller":"jobmanager/JobSummaryManager.go:113","msg":"    \u001b[1mFailed post stage percentage\u001b[22m:         0.00%"}
{"level":"info","time":"2026-04-23T18:35:33.403+0530","caller":"jobmanager/JobSummaryManager.go:113","msg":"    \u001b[1mFailed Tasks\u001b[22m:                         2"}
{"level":"info","time":"2026-04-23T18:35:33.403+0530","caller":"jobmanager/JobSummaryManager.go:58","msg":""}
{"level":"debug","time":"2026-04-23T18:35:33.406+0530","caller":"core/lifecycle.go:924","msg":"Context canceled"}
{"level":"info","time":"2026-04-23T18:35:33.406+0530","caller":"events/manager.go:338","msg":"context done and stopping SSE"}
{"level":"info","time":"2026-04-23T18:35:33.406+0530","caller":"core/lifecycle.go:927","msg":"\u001b[2mStopping pipeline gracefully\u001b[22m"}
{"level":"debug","time":"2026-04-23T18:35:33.406+0530","caller":"events/manager.go:256","msg":"Stopping event manager"}
{"level":"error","time":"2026-04-23T18:35:33.406+0530","caller":"core/lifecycle.go:930","msg":"2026-04-23T18:28:22+05:30    error    Exiting with error: Failed tasks found."}
{"level":"info","time":"2026-04-23T18:35:33.406+0530","caller":"jobmanager/manager.go:138","msg":"Job Link: \u001b[4m\u001b[34mhttps://hyperexecute.lambdatest.com/hyperexecute/task?jobId=faf36040-a799-481d-96fb-901716f91b99\u001b[0m\u001b[24m\n"}
{"level":"debug","time":"2026-04-23T18:35:33.406+0530","caller":"core/lifecycle.go:59","msg":"Quit requested from main goroutine...."}
{"level":"debug","time":"2026-04-23T18:35:33.406+0530","caller":"core/lifecycle.go:60","msg":"Waiting for the goroutines to exit"}
{"level":"debug","time":"2026-04-23T18:35:33.406+0530","caller":"core/lifecycle.go:63","msg":"All lifecycle goroutines exited"}
{"level":"debug","time":"2026-04-23T18:35:33.406+0530","caller":"cmd/bin.go:361","msg":"main: all goroutines have finished."}
{"level":"debug","time":"2026-04-23T18:35:33.406+0530","caller":"cmd/bin.go:400","msg":"Exiting application due to error Failed tasks found."}
{"level":"debug","time":"2026-04-30T20:02:02.606+0530","caller":"cmd/bin.go:145","msg":"cli os: darwin, cli arch: arm64"}
{"level":"debug","time":"2026-04-30T20:02:03.351+0530","caller":"cmd/bin.go:154","msg":"Upstream version details: {Name:cli Min:0.2.265 Max:0.2.339} "}
{"level":"info","time":"2026-04-30T20:02:03.351+0530","caller":"cmd/bin.go:163","msg":"Current binary version 0.2.338 is less than max upstream version 0.2.339."}
{"level":"info","time":"2026-04-30T20:02:03.351+0530","caller":"updater/updater.go:58","msg":"Auto updating binary ..................."}
{"level":"debug","time":"2026-04-30T20:02:03.351+0530","caller":"updater/updater.go:59","msg":"Download url: https://downloads.hyperexecute.cloud/hyperexecute/cli/0.2.339/darwin/hyperexecute"}
{"level":"debug","time":"2026-05-04T20:27:37.129+0530","caller":"cmd/bin.go:145","msg":"cli os: darwin, cli arch: arm64"}
{"level":"debug","time":"2026-05-04T20:27:37.860+0530","caller":"cmd/bin.go:154","msg":"Upstream version details: {Name:cli Min:0.2.265 Max:0.2.339} "}
{"level":"info","time":"2026-05-04T20:27:37.860+0530","caller":"cmd/bin.go:163","msg":"Current binary version 0.2.338 is less than max upstream version 0.2.339."}
{"level":"info","time":"2026-05-04T20:27:37.860+0530","caller":"updater/updater.go:58","msg":"Auto updating binary ..................."}
{"level":"debug","time":"2026-05-04T20:27:37.860+0530","caller":"updater/updater.go:59","msg":"Download url: https://downloads.hyperexecute.cloud/hyperexecute/cli/0.2.339/darwin/hyperexecute"}
{"level":"debug","time":"2026-05-05T16:35:05.083+0530","caller":"cmd/bin.go:145","msg":"cli os: darwin, cli arch: arm64"}
{"level":"debug","time":"2026-05-05T16:35:05.832+0530","caller":"cmd/bin.go:154","msg":"Upstream version details: {Name:cli Min:0.2.265 Max:0.2.339} "}
{"level":"info","time":"2026-05-05T16:35:05.832+0530","caller":"cmd/bin.go:163","msg":"Current binary version 0.2.338 is less than max upstream version 0.2.339."}
{"level":"info","time":"2026-05-05T16:35:05.832+0530","caller":"updater/updater.go:58","msg":"Auto updating binary ..................."}
{"level":"debug","time":"2026-05-05T16:35:05.832+0530","caller":"updater/updater.go:59","msg":"Download url: https://downloads.hyperexecute.cloud/hyperexecute/cli/0.2.339/darwin/hyperexecute"}
{"level":"debug","time":"2026-05-05T16:35:19.308+0530","caller":"updater/updater.go:80","msg":"New binary downloaded successfully "}
{"level":"info","time":"2026-05-05T16:35:19.309+0530","caller":"cmd/bin.go:175","msg":"Update successfully installed. Restarting the binary..."}
{"level":"debug","time":"2026-05-05T16:35:20.825+0530","caller":"cmd/bin.go:145","msg":"cli os: darwin, cli arch: arm64"}
{"level":"debug","time":"2026-05-05T16:35:22.414+0530","caller":"cmd/bin.go:154","msg":"Upstream version details: {Name:cli Min:0.2.265 Max:0.2.339} "}
{"level":"info","time":"2026-05-05T16:35:22.415+0530","caller":"cmd/bin.go:202","msg":"Generating TraceID for tracking request: 01KQVX0PFNTZRTAG6AKHXX09YQ \n"}
{"level":"debug","time":"2026-05-05T16:35:26.105+0530","caller":"core/lifecycle.go:107","msg":"Setting environment"}
{"level":"debug","time":"2026-05-05T16:35:26.105+0530","caller":"core/lifecycle.go:110","msg":"Parsing config"}
{"level":"debug","time":"2026-05-05T16:35:26.105+0530","caller":"yamlconfigmanager/setup.go:748","msg":"Trying config: /Users/anmolg/Desktop/Projects/HyperExecute/junit-selenium-hyperexecute-sample-main/hyperexecute.yaml"}
{"level":"debug","time":"2026-05-05T16:35:26.106+0530","caller":"yamlconfigmanager/setup.go:752","msg":"Config not found /Users/anmolg/Desktop/Projects/HyperExecute/junit-selenium-hyperexecute-sample-main/hyperexecute.yaml"}
{"level":"debug","time":"2026-05-05T16:35:26.106+0530","caller":"yamlconfigmanager/setup.go:748","msg":"Trying config: /Users/anmolg/Desktop/Projects/HyperExecute/junit-selenium-hyperexecute-sample-main/hyperexecute.yml"}
{"level":"debug","time":"2026-05-05T16:35:26.106+0530","caller":"yamlconfigmanager/setup.go:752","msg":"Config not found /Users/anmolg/Desktop/Projects/HyperExecute/junit-selenium-hyperexecute-sample-main/hyperexecute.yml"}
{"level":"debug","time":"2026-05-05T16:35:26.106+0530","caller":"yamlconfigmanager/setup.go:748","msg":"Trying config: /Users/anmolg/Desktop/Projects/HyperExecute/junit-selenium-hyperexecute-sample-main/.hyperexecute.yaml"}
{"level":"debug","time":"2026-05-05T16:35:26.106+0530","caller":"yamlconfigmanager/setup.go:752","msg":"Config not found /Users/anmolg/Desktop/Projects/HyperExecute/junit-selenium-hyperexecute-sample-main/.hyperexecute.yaml"}
{"level":"debug","time":"2026-05-05T16:35:26.106+0530","caller":"yamlconfigmanager/setup.go:748","msg":"Trying config: /Users/anmolg/Desktop/Projects/HyperExecute/junit-selenium-hyperexecute-sample-main/.hyperexecute.yml"}
{"level":"debug","time":"2026-05-05T16:35:26.106+0530","caller":"yamlconfigmanager/setup.go:752","msg":"Config not found /Users/anmolg/Desktop/Projects/HyperExecute/junit-selenium-hyperexecute-sample-main/.hyperexecute.yml"}
{"level":"debug","time":"2026-05-05T16:35:26.106+0530","caller":"yamlconfigmanager/setup.go:748","msg":"Trying config: /Users/anmolg/Desktop/Projects/HyperExecute/junit-selenium-hyperexecute-sample-main/.hypertest.yaml"}
{"level":"debug","time":"2026-05-05T16:35:26.106+0530","caller":"yamlconfigmanager/setup.go:752","msg":"Config not found /Users/anmolg/Desktop/Projects/HyperExecute/junit-selenium-hyperexecute-sample-main/.hypertest.yaml"}
{"level":"debug","time":"2026-05-05T16:35:26.106+0530","caller":"yamlconfigmanager/setup.go:748","msg":"Trying config: /Users/anmolg/Desktop/Projects/HyperExecute/junit-selenium-hyperexecute-sample-main/.hypertest.yml"}
{"level":"debug","time":"2026-05-05T16:35:26.106+0530","caller":"yamlconfigmanager/setup.go:752","msg":"Config not found /Users/anmolg/Desktop/Projects/HyperExecute/junit-selenium-hyperexecute-sample-main/.hypertest.yml"}
{"level":"error","time":"2026-05-05T16:35:26.106+0530","caller":"core/lifecycle.go:115","msg":"2026-05-05T16:35:20+05:30    error    stat /Users/anmolg/Desktop/Projects/HyperExecute/junit-selenium-hyperexecute-sample-main/.hypertest.yml: no such file or directory"}
{"level":"debug","time":"2026-05-05T16:35:26.106+0530","caller":"core/lifecycle.go:59","msg":"Quit requested from main goroutine...."}
{"level":"debug","time":"2026-05-05T16:35:26.106+0530","caller":"core/lifecycle.go:60","msg":"Waiting for the goroutines to exit"}
{"level":"debug","time":"2026-05-05T16:35:26.106+0530","caller":"core/lifecycle.go:63","msg":"All lifecycle goroutines exited"}
{"level":"debug","time":"2026-05-05T16:35:26.106+0530","caller":"cmd/bin.go:361","msg":"main: all goroutines have finished."}
{"level":"debug","time":"2026-05-05T16:35:26.106+0530","caller":"cmd/bin.go:400","msg":"Exiting application due to error stat /Users/anmolg/Desktop/Projects/HyperExecute/junit-selenium-hyperexecute-sample-main/.hypertest.yml: no such file or directory"}
{"level":"debug","time":"2026-05-05T16:35:26.110+0530","caller":"cmd/bin.go:195","msg":"Child binary process exited with error: exit status 1"}
{"level":"debug","time":"2026-05-05T16:35:31.118+0530","caller":"cmd/bin.go:145","msg":"cli os: darwin, cli arch: arm64"}
{"level":"debug","time":"2026-05-05T16:35:32.167+0530","caller":"cmd/bin.go:154","msg":"Upstream version details: {Name:cli Min:0.2.265 Max:0.2.339} "}
{"level":"info","time":"2026-05-05T16:35:32.167+0530","caller":"cmd/bin.go:202","msg":"Generating TraceID for tracking request: 01KQVX10DAZR02CXECSAF32V8S \n"}
{"level":"debug","time":"2026-05-05T16:35:34.094+0530","caller":"core/lifecycle.go:107","msg":"Setting environment"}
{"level":"debug","time":"2026-05-05T16:35:34.095+0530","caller":"core/lifecycle.go:110","msg":"Parsing config"}
{"level":"debug","time":"2026-05-05T16:35:34.095+0530","caller":"yamlconfigmanager/setup.go:748","msg":"Trying config: /Users/anmolg/Desktop/Projects/HyperExecute/junit-selenium-hyperexecute-sample-main/hyperexecute.yaml"}
{"level":"debug","time":"2026-05-05T16:35:34.095+0530","caller":"yamlconfigmanager/setup.go:752","msg":"Config not found /Users/anmolg/Desktop/Projects/HyperExecute/junit-selenium-hyperexecute-sample-main/hyperexecute.yaml"}
{"level":"debug","time":"2026-05-05T16:35:34.095+0530","caller":"yamlconfigmanager/setup.go:748","msg":"Trying config: /Users/anmolg/Desktop/Projects/HyperExecute/junit-selenium-hyperexecute-sample-main/hyperexecute.yml"}
{"level":"debug","time":"2026-05-05T16:35:34.095+0530","caller":"yamlconfigmanager/setup.go:752","msg":"Config not found /Users/anmolg/Desktop/Projects/HyperExecute/junit-selenium-hyperexecute-sample-main/hyperexecute.yml"}
{"level":"debug","time":"2026-05-05T16:35:34.095+0530","caller":"yamlconfigmanager/setup.go:748","msg":"Trying config: /Users/anmolg/Desktop/Projects/HyperExecute/junit-selenium-hyperexecute-sample-main/.hyperexecute.yaml"}
{"level":"debug","time":"2026-05-05T16:35:34.095+0530","caller":"yamlconfigmanager/setup.go:752","msg":"Config not found /Users/anmolg/Desktop/Projects/HyperExecute/junit-selenium-hyperexecute-sample-main/.hyperexecute.yaml"}
{"level":"debug","time":"2026-05-05T16:35:34.095+0530","caller":"yamlconfigmanager/setup.go:748","msg":"Trying config: /Users/anmolg/Desktop/Projects/HyperExecute/junit-selenium-hyperexecute-sample-main/.hyperexecute.yml"}
{"level":"debug","time":"2026-05-05T16:35:34.095+0530","caller":"yamlconfigmanager/setup.go:752","msg":"Config not found /Users/anmolg/Desktop/Projects/HyperExecute/junit-selenium-hyperexecute-sample-main/.hyperexecute.yml"}
{"level":"debug","time":"2026-05-05T16:35:34.095+0530","caller":"yamlconfigmanager/setup.go:748","msg":"Trying config: /Users/anmolg/Desktop/Projects/HyperExecute/junit-selenium-hyperexecute-sample-main/.hypertest.yaml"}
{"level":"debug","time":"2026-05-05T16:35:34.095+0530","caller":"yamlconfigmanager/setup.go:752","msg":"Config not found /Users/anmolg/Desktop/Projects/HyperExecute/junit-selenium-hyperexecute-sample-main/.hypertest.yaml"}
{"level":"debug","time":"2026-05-05T16:35:34.095+0530","caller":"yamlconfigmanager/setup.go:748","msg":"Trying config: /Users/anmolg/Desktop/Projects/HyperExecute/junit-selenium-hyperexecute-sample-main/.hypertest.yml"}
{"level":"debug","time":"2026-05-05T16:35:34.095+0530","caller":"yamlconfigmanager/setup.go:752","msg":"Config not found /Users/anmolg/Desktop/Projects/HyperExecute/junit-selenium-hyperexecute-sample-main/.hypertest.yml"}
{"level":"error","time":"2026-05-05T16:35:34.095+0530","caller":"core/lifecycle.go:115","msg":"2026-05-05T16:35:30+05:30    error    stat /Users/anmolg/Desktop/Projects/HyperExecute/junit-selenium-hyperexecute-sample-main/.hypertest.yml: no such file or directory"}
{"level":"debug","time":"2026-05-05T16:35:34.095+0530","caller":"core/lifecycle.go:59","msg":"Quit requested from main goroutine...."}
{"level":"debug","time":"2026-05-05T16:35:34.095+0530","caller":"core/lifecycle.go:60","msg":"Waiting for the goroutines to exit"}
{"level":"debug","time":"2026-05-05T16:35:34.095+0530","caller":"core/lifecycle.go:63","msg":"All lifecycle goroutines exited"}
{"level":"debug","time":"2026-05-05T16:35:34.095+0530","caller":"cmd/bin.go:361","msg":"main: all goroutines have finished."}
{"level":"debug","time":"2026-05-05T16:35:34.095+0530","caller":"cmd/bin.go:400","msg":"Exiting application due to error stat /Users/anmolg/Desktop/Projects/HyperExecute/junit-selenium-hyperexecute-sample-main/.hypertest.yml: no such file or directory"}
{"level":"debug","time":"2026-05-05T16:36:20.592+0530","caller":"cmd/bin.go:145","msg":"cli os: darwin, cli arch: arm64"}
{"level":"debug","time":"2026-05-05T16:36:21.395+0530","caller":"cmd/bin.go:154","msg":"Upstream version details: {Name:cli Min:0.2.265 Max:0.2.339} "}
{"level":"info","time":"2026-05-05T16:36:21.395+0530","caller":"cmd/bin.go:202","msg":"Generating TraceID for tracking request: 01KQVX2GSARYJ7KDJQMBKBV9GX \n"}
{"level":"debug","time":"2026-05-05T16:36:23.126+0530","caller":"core/lifecycle.go:107","msg":"Setting environment"}
{"level":"debug","time":"2026-05-05T16:36:23.126+0530","caller":"core/lifecycle.go:110","msg":"Parsing config"}
{"level":"debug","time":"2026-05-05T16:36:23.127+0530","caller":"yamlconfigmanager/setup.go:748","msg":"Trying config: /Users/anmolg/Desktop/Projects/HyperExecute/junit-selenium-hyperexecute-sample-main/hyperexecute.yaml"}
{"level":"debug","time":"2026-05-05T16:36:23.127+0530","caller":"yamlconfigmanager/setup.go:752","msg":"Config not found /Users/anmolg/Desktop/Projects/HyperExecute/junit-selenium-hyperexecute-sample-main/hyperexecute.yaml"}
{"level":"debug","time":"2026-05-05T16:36:23.127+0530","caller":"yamlconfigmanager/setup.go:748","msg":"Trying config: /Users/anmolg/Desktop/Projects/HyperExecute/junit-selenium-hyperexecute-sample-main/hyperexecute.yml"}
{"level":"debug","time":"2026-05-05T16:36:23.127+0530","caller":"yamlconfigmanager/setup.go:752","msg":"Config not found /Users/anmolg/Desktop/Projects/HyperExecute/junit-selenium-hyperexecute-sample-main/hyperexecute.yml"}
{"level":"debug","time":"2026-05-05T16:36:23.127+0530","caller":"yamlconfigmanager/setup.go:748","msg":"Trying config: /Users/anmolg/Desktop/Projects/HyperExecute/junit-selenium-hyperexecute-sample-main/.hyperexecute.yaml"}
{"level":"debug","time":"2026-05-05T16:36:23.128+0530","caller":"yamlconfigmanager/setup.go:752","msg":"Config not found /Users/anmolg/Desktop/Projects/HyperExecute/junit-selenium-hyperexecute-sample-main/.hyperexecute.yaml"}
{"level":"debug","time":"2026-05-05T16:36:23.128+0530","caller":"yamlconfigmanager/setup.go:748","msg":"Trying config: /Users/anmolg/Desktop/Projects/HyperExecute/junit-selenium-hyperexecute-sample-main/.hyperexecute.yml"}
{"level":"debug","time":"2026-05-05T16:36:23.128+0530","caller":"yamlconfigmanager/setup.go:752","msg":"Config not found /Users/anmolg/Desktop/Projects/HyperExecute/junit-selenium-hyperexecute-sample-main/.hyperexecute.yml"}
{"level":"debug","time":"2026-05-05T16:36:23.128+0530","caller":"yamlconfigmanager/setup.go:748","msg":"Trying config: /Users/anmolg/Desktop/Projects/HyperExecute/junit-selenium-hyperexecute-sample-main/.hypertest.yaml"}
{"level":"debug","time":"2026-05-05T16:36:23.128+0530","caller":"yamlconfigmanager/setup.go:752","msg":"Config not found /Users/anmolg/Desktop/Projects/HyperExecute/junit-selenium-hyperexecute-sample-main/.hypertest.yaml"}
{"level":"debug","time":"2026-05-05T16:36:23.128+0530","caller":"yamlconfigmanager/setup.go:748","msg":"Trying config: /Users/anmolg/Desktop/Projects/HyperExecute/junit-selenium-hyperexecute-sample-main/.hypertest.yml"}
{"level":"debug","time":"2026-05-05T16:36:23.128+0530","caller":"yamlconfigmanager/setup.go:752","msg":"Config not found /Users/anmolg/Desktop/Projects/HyperExecute/junit-selenium-hyperexecute-sample-main/.hypertest.yml"}
{"level":"error","time":"2026-05-05T16:36:23.128+0530","caller":"core/lifecycle.go:115","msg":"2026-05-05T16:36:19+05:30    error    stat /Users/anmolg/Desktop/Projects/HyperExecute/junit-selenium-hyperexecute-sample-main/.hypertest.yml: no such file or directory"}
{"level":"debug","time":"2026-05-05T16:36:23.128+0530","caller":"core/lifecycle.go:59","msg":"Quit requested from main goroutine...."}
{"level":"debug","time":"2026-05-05T16:36:23.128+0530","caller":"core/lifecycle.go:60","msg":"Waiting for the goroutines to exit"}
{"level":"debug","time":"2026-05-05T16:36:23.128+0530","caller":"core/lifecycle.go:63","msg":"All lifecycle goroutines exited"}
{"level":"debug","time":"2026-05-05T16:36:23.128+0530","caller":"cmd/bin.go:361","msg":"main: all goroutines have finished."}
{"level":"debug","time":"2026-05-05T16:36:23.128+0530","caller":"cmd/bin.go:400","msg":"Exiting application due to error stat /Users/anmolg/Desktop/Projects/HyperExecute/junit-selenium-hyperexecute-sample-main/.hypertest.yml: no such file or directory"}
{"level":"debug","time":"2026-05-05T17:01:39.955+0530","caller":"config/model.go:120","msg":"Found dashboard host hyperexecute-onprem-dashboard.hyperexecute.cloud"}
{"level":"debug","time":"2026-05-05T17:01:39.969+0530","caller":"config/model.go:131","msg":"Found auth host hyperexecute-onprem-auth.hyperexecute.cloud"}
{"level":"debug","time":"2026-05-05T17:01:40.265+0530","caller":"cmd/bin.go:145","msg":"cli os: darwin, cli arch: arm64"}
{"level":"debug","time":"2026-05-05T17:01:40.932+0530","caller":"cmd/bin.go:154","msg":"Upstream version details: {Name:cli Min:0.2.310 Max:0.2.320} "}
{"level":"info","time":"2026-05-05T17:01:40.932+0530","caller":"cmd/bin.go:163","msg":"Current binary version 0.2.339 is not in range 0.2.310-0.2.320,"}
{"level":"info","time":"2026-05-05T17:01:40.932+0530","caller":"updater/updater.go:58","msg":"Auto updating binary ..................."}
{"level":"debug","time":"2026-05-05T17:01:40.932+0530","caller":"updater/updater.go:59","msg":"Download url: https://downloads.hyperexecute.cloud/hyperexecute/cli/0.2.320/darwin/hyperexecute"}
{"level":"debug","time":"2026-05-05T17:01:53.708+0530","caller":"updater/updater.go:80","msg":"New binary downloaded successfully "}
{"level":"info","time":"2026-05-05T17:01:53.709+0530","caller":"cmd/bin.go:175","msg":"Update successfully installed. Restarting the binary..."}
{"level":"debug","time":"2026-05-05T17:01:54.548+0530","caller":"config/model.go:120","msg":"Found dashboard host hyperexecute-onprem-dashboard.hyperexecute.cloud"}
{"level":"debug","time":"2026-05-05T17:01:54.549+0530","caller":"config/model.go:131","msg":"Found auth host hyperexecute-onprem-auth.hyperexecute.cloud"}
{"level":"debug","time":"2026-05-05T17:01:54.970+0530","caller":"cmd/bin.go:145","msg":"cli os: darwin, cli arch: arm64"}
{"level":"debug","time":"2026-05-05T17:01:55.915+0530","caller":"cmd/bin.go:154","msg":"Upstream version details: {Name:cli Min:0.2.310 Max:0.2.320} "}
{"level":"info","time":"2026-05-05T17:01:55.915+0530","caller":"cmd/bin.go:202","msg":"Generating TraceID for tracking request: 01KQVYHBHH2V0JAXCBA74FY5RD \n"}
{"level":"debug","time":"2026-05-05T17:01:58.197+0530","caller":"core/lifecycle.go:107","msg":"Setting environment"}
{"level":"debug","time":"2026-05-05T17:01:58.197+0530","caller":"core/lifecycle.go:110","msg":"Parsing config"}
{"level":"debug","time":"2026-05-05T17:01:58.198+0530","caller":"yamlconfigmanager/setup.go:724","msg":"Custom location for .hyperexecute.yaml specified. Using: /Users/anmolg/Desktop/Projects/HyperExecute/junit-selenium-hyperexecute-sample-main/yaml/linux/junit_hyperexecute_autosplit_sample.yaml"}
{"level":"debug","time":"2026-05-05T17:01:58.198+0530","caller":"yamlconfigmanager/setup.go:116","msg":"using hyperexecute config from : /Users/anmolg/Desktop/Projects/HyperExecute/junit-selenium-hyperexecute-sample-main/yaml/linux/junit_hyperexecute_autosplit_sample.yaml"}
{"level":"debug","time":"2026-05-05T17:01:58.938+0530","caller":"yamlconfigmanager/setup.go:2137","msg":"Autodetecting test type in files of path : /Users/anmolg/Desktop/Projects/HyperExecute/junit-selenium-hyperexecute-sample-main"}
{"level":"debug","time":"2026-05-05T17:01:58.939+0530","caller":"yamlconfigmanager/setup.go:546","msg":"Tunnel: false"}
{"level":"info","time":"2026-05-05T17:01:58.939+0530","caller":"models/HypertestYamlConfig.go:902","msg":"\n\u001b[4m\u001b[1m\u001b[97mExecution Plan\u001b[0m\u001b[22m\u001b[24m"}
{"level":"info","time":"2026-05-05T17:01:58.939+0530","caller":"models/HypertestYamlConfig.go:703","msg":"Mode:    \u001b[36mautosplit\u001b[0m"}
{"level":"info","time":"2026-05-05T17:01:58.939+0530","caller":"models/HypertestYamlConfig.go:755","msg":"Parallelism:    \u001b[36m 6\u001b[0m"}
{"level":"info","time":"2026-05-05T17:01:58.939+0530","caller":"models/HypertestYamlConfig.go:763","msg":"Runson:    \u001b[36mlinux\u001b[0m"}
{"level":"info","time":"2026-05-05T17:01:58.939+0530","caller":"models/HypertestYamlConfig.go:771","msg":"Concurrency:    \u001b[36m6\u001b[0m"}
{"level":"info","time":"2026-05-05T17:01:58.939+0530","caller":"models/HypertestYamlConfig.go:835","msg":"Report:    \u001b[36menabled\u001b[0m"}
{"level":"info","time":"2026-05-05T17:01:58.939+0530","caller":"models/HypertestYamlConfig.go:915","msg":""}
{"level":"debug","time":"2026-05-05T17:01:58.939+0530","caller":"filevalidator/setup.go:49","msg":"Warning: Checking data.json file in current directory, no dataJsonPath found in .hyperexecute.yaml"}
{"level":"debug","time":"2026-05-05T17:01:58.939+0530","caller":"filevalidator/setup.go:53","msg":"Warning: data.json file doesn't exist"}
{"level":"error","time":"2026-05-05T17:01:58.939+0530","caller":"core/lifecycle.go:155","msg":"2026-05-05T17:01:54+05:30    error    either provide project ID or project name and type in the yaml    Error while validating project"}
{"level":"debug","time":"2026-05-05T17:01:58.939+0530","caller":"core/lifecycle.go:59","msg":"Quit requested from main goroutine...."}
{"level":"debug","time":"2026-05-05T17:01:58.939+0530","caller":"core/lifecycle.go:60","msg":"Waiting for the goroutines to exit"}
{"level":"debug","time":"2026-05-05T17:01:58.939+0530","caller":"core/lifecycle.go:63","msg":"All lifecycle goroutines exited"}
{"level":"debug","time":"2026-05-05T17:01:58.939+0530","caller":"cmd/bin.go:400","msg":"Exiting application due to error either provide project ID or project name and type in the yaml"}
{"level":"debug","time":"2026-05-05T17:01:58.939+0530","caller":"cmd/bin.go:361","msg":"main: all goroutines have finished."}
{"level":"debug","time":"2026-05-05T17:01:58.942+0530","caller":"cmd/bin.go:195","msg":"Child binary process exited with error: exit status 1"}
{"level":"debug","time":"2026-05-05T17:02:38.842+0530","caller":"config/model.go:120","msg":"Found dashboard host hyperexecute-onprem-dashboard.hyperexecute.cloud"}
{"level":"debug","time":"2026-05-05T17:02:38.844+0530","caller":"config/model.go:131","msg":"Found auth host hyperexecute-onprem-auth.hyperexecute.cloud"}
{"level":"debug","time":"2026-05-05T17:02:39.127+0530","caller":"cmd/bin.go:145","msg":"cli os: darwin, cli arch: arm64"}
{"level":"debug","time":"2026-05-05T17:02:39.418+0530","caller":"cmd/bin.go:154","msg":"Upstream version details: {Name:cli Min:0.2.310 Max:0.2.320} "}
{"level":"info","time":"2026-05-05T17:02:39.419+0530","caller":"cmd/bin.go:202","msg":"Generating TraceID for tracking request: 01KQVYJPSK1XMF4PD31R1V470H \n"}
{"level":"debug","time":"2026-05-05T17:02:40.787+0530","caller":"core/lifecycle.go:107","msg":"Setting environment"}
{"level":"debug","time":"2026-05-05T17:02:40.787+0530","caller":"core/lifecycle.go:110","msg":"Parsing config"}
{"level":"debug","time":"2026-05-05T17:02:40.788+0530","caller":"yamlconfigmanager/setup.go:724","msg":"Custom location for .hyperexecute.yaml specified. Using: /Users/anmolg/Desktop/Projects/HyperExecute/junit-selenium-hyperexecute-sample-main/yaml/linux/junit_hyperexecute_autosplit_sample.yaml"}
{"level":"debug","time":"2026-05-05T17:02:40.788+0530","caller":"yamlconfigmanager/setup.go:116","msg":"using hyperexecute config from : /Users/anmolg/Desktop/Projects/HyperExecute/junit-selenium-hyperexecute-sample-main/yaml/linux/junit_hyperexecute_autosplit_sample.yaml"}
{"level":"debug","time":"2026-05-05T17:02:41.101+0530","caller":"yamlconfigmanager/setup.go:2137","msg":"Autodetecting test type in files of path : /Users/anmolg/Desktop/Projects/HyperExecute/junit-selenium-hyperexecute-sample-main"}
{"level":"debug","time":"2026-05-05T17:02:41.102+0530","caller":"yamlconfigmanager/setup.go:546","msg":"Tunnel: false"}
{"level":"info","time":"2026-05-05T17:02:41.102+0530","caller":"models/HypertestYamlConfig.go:902","msg":"\n\u001b[4m\u001b[1m\u001b[97mExecution Plan\u001b[0m\u001b[22m\u001b[24m"}
{"level":"info","time":"2026-05-05T17:02:41.103+0530","caller":"models/HypertestYamlConfig.go:703","msg":"Mode:    \u001b[36mautosplit\u001b[0m"}
{"level":"info","time":"2026-05-05T17:02:41.103+0530","caller":"models/HypertestYamlConfig.go:755","msg":"Parallelism:    \u001b[36m 6\u001b[0m"}
{"level":"info","time":"2026-05-05T17:02:41.103+0530","caller":"models/HypertestYamlConfig.go:763","msg":"Runson:    \u001b[36mlinux\u001b[0m"}
{"level":"info","time":"2026-05-05T17:02:41.103+0530","caller":"models/HypertestYamlConfig.go:771","msg":"Concurrency:    \u001b[36m6\u001b[0m"}
{"level":"info","time":"2026-05-05T17:02:41.103+0530","caller":"models/HypertestYamlConfig.go:835","msg":"Report:    \u001b[36menabled\u001b[0m"}
{"level":"info","time":"2026-05-05T17:02:41.104+0530","caller":"models/HypertestYamlConfig.go:915","msg":""}
{"level":"debug","time":"2026-05-05T17:02:41.104+0530","caller":"filevalidator/setup.go:49","msg":"Warning: Checking data.json file in current directory, no dataJsonPath found in .hyperexecute.yaml"}
{"level":"debug","time":"2026-05-05T17:02:41.104+0530","caller":"filevalidator/setup.go:53","msg":"Warning: data.json file doesn't exist"}
{"level":"error","time":"2026-05-05T17:02:41.104+0530","caller":"core/lifecycle.go:155","msg":"2026-05-05T17:02:38+05:30    error    either provide project ID or project name and type in the yaml    Error while validating project"}
{"level":"debug","time":"2026-05-05T17:02:41.104+0530","caller":"core/lifecycle.go:59","msg":"Quit requested from main goroutine...."}
{"level":"debug","time":"2026-05-05T17:02:41.104+0530","caller":"core/lifecycle.go:60","msg":"Waiting for the goroutines to exit"}
{"level":"debug","time":"2026-05-05T17:02:41.104+0530","caller":"core/lifecycle.go:63","msg":"All lifecycle goroutines exited"}
{"level":"debug","time":"2026-05-05T17:02:41.104+0530","caller":"cmd/bin.go:400","msg":"Exiting application due to error either provide project ID or project name and type in the yaml"}
{"level":"debug","time":"2026-05-05T17:03:22.647+0530","caller":"cmd/bin.go:145","msg":"cli os: darwin, cli arch: arm64"}
{"level":"debug","time":"2026-05-05T17:03:23.313+0530","caller":"cmd/bin.go:154","msg":"Upstream version details: {Name:cli Min:0.2.265 Max:0.2.339} "}
{"level":"info","time":"2026-05-05T17:03:23.313+0530","caller":"cmd/bin.go:163","msg":"Current binary version 0.2.320 is less than max upstream version 0.2.339."}
{"level":"info","time":"2026-05-05T17:03:23.313+0530","caller":"updater/updater.go:63","msg":"Auto updating binary ..................."}
{"level":"debug","time":"2026-05-05T17:03:23.313+0530","caller":"updater/updater.go:64","msg":"Download url: https://downloads.hyperexecute.cloud/hyperexecute/cli/0.2.339/darwin/hyperexecute"}
{"level":"debug","time":"2026-05-05T17:03:34.795+0530","caller":"updater/updater.go:85","msg":"New binary downloaded successfully "}
{"level":"info","time":"2026-05-05T17:03:34.796+0530","caller":"cmd/bin.go:175","msg":"Update successfully installed. Restarting the binary..."}
{"level":"debug","time":"2026-05-05T17:03:36.348+0530","caller":"cmd/bin.go:145","msg":"cli os: darwin, cli arch: arm64"}
{"level":"debug","time":"2026-05-05T17:03:37.024+0530","caller":"cmd/bin.go:154","msg":"Upstream version details: {Name:cli Min:0.2.265 Max:0.2.339} "}
{"level":"info","time":"2026-05-05T17:03:37.025+0530","caller":"cmd/bin.go:202","msg":"Generating TraceID for tracking request: 01KQVYME7ZVT3VEZPK96VM9BJ9 \n"}
{"level":"debug","time":"2026-05-05T17:03:40.300+0530","caller":"core/lifecycle.go:107","msg":"Setting environment"}
{"level":"debug","time":"2026-05-05T17:03:40.301+0530","caller":"core/lifecycle.go:110","msg":"Parsing config"}
{"level":"debug","time":"2026-05-05T17:03:40.301+0530","caller":"yamlconfigmanager/setup.go:725","msg":"Custom location for .hyperexecute.yaml specified. Using: /Users/anmolg/Desktop/Projects/HyperExecute/junit-selenium-hyperexecute-sample-main/yaml/linux/junit_hyperexecute_autosplit_sample.yaml"}
{"level":"debug","time":"2026-05-05T17:03:40.301+0530","caller":"yamlconfigmanager/setup.go:117","msg":"using hyperexecute config from : /Users/anmolg/Desktop/Projects/HyperExecute/junit-selenium-hyperexecute-sample-main/yaml/linux/junit_hyperexecute_autosplit_sample.yaml"}
{"level":"debug","time":"2026-05-05T17:03:42.357+0530","caller":"yamlconfigmanager/setup.go:2157","msg":"Autodetecting test type in files of path : /Users/anmolg/Desktop/Projects/HyperExecute/junit-selenium-hyperexecute-sample-main"}
{"level":"debug","time":"2026-05-05T17:03:42.359+0530","caller":"yamlconfigmanager/setup.go:547","msg":"Tunnel: false"}
{"level":"info","time":"2026-05-05T17:03:42.359+0530","caller":"models/HypertestYamlConfig.go:974","msg":"\n\u001b[4m\u001b[1m\u001b[97mExecution Plan\u001b[0m\u001b[22m\u001b[24m"}
{"level":"info","time":"2026-05-05T17:03:42.359+0530","caller":"models/HypertestYamlConfig.go:775","msg":"Mode:    \u001b[36mautosplit\u001b[0m"}
{"level":"info","time":"2026-05-05T17:03:42.359+0530","caller":"models/HypertestYamlConfig.go:827","msg":"Parallelism:    \u001b[36m 6\u001b[0m"}
{"level":"info","time":"2026-05-05T17:03:42.359+0530","caller":"models/HypertestYamlConfig.go:835","msg":"Runson:    \u001b[36mlinux\u001b[0m"}
{"level":"info","time":"2026-05-05T17:03:42.359+0530","caller":"models/HypertestYamlConfig.go:843","msg":"Concurrency:    \u001b[36m6\u001b[0m"}
{"level":"info","time":"2026-05-05T17:03:42.359+0530","caller":"models/HypertestYamlConfig.go:907","msg":"Report:    \u001b[36menabled\u001b[0m"}
{"level":"info","time":"2026-05-05T17:03:42.359+0530","caller":"models/HypertestYamlConfig.go:987","msg":""}
{"level":"debug","time":"2026-05-05T17:03:42.359+0530","caller":"filevalidator/setup.go:49","msg":"Warning: Checking data.json file in current directory, no dataJsonPath found in .hyperexecute.yaml"}
{"level":"debug","time":"2026-05-05T17:03:42.360+0530","caller":"filevalidator/setup.go:53","msg":"Warning: data.json file doesn't exist"}
{"level":"debug","time":"2026-05-05T17:03:46.484+0530","caller":"core/lifecycle.go:527","msg":"Job ID: 58ed9f8d-cc53-4a19-a696-e2a32d2bf4ae"}
{"level":"debug","time":"2026-05-05T17:03:46.485+0530","caller":"core/lifecycle.go:530","msg":"User - anmolgtestmuai, triggered job with ID 58ed9f8d-cc53-4a19-a696-e2a32d2bf4ae from CLI"}
{"level":"debug","time":"2026-05-05T17:03:46.484+0530","caller":"events/manager.go:97","msg":"Starting event manager"}
{"level":"debug","time":"2026-05-05T17:03:46.485+0530","caller":"events/manager.go:99","msg":"SSE enabled, getting SSE connection"}
{"level":"debug","time":"2026-05-05T17:03:46.485+0530","caller":"archivemanager/setup.go:339","msg":"digestMap: map[]"}
{"level":"debug","time":"2026-05-05T17:03:46.485+0530","caller":"archivemanager/setup.go:345","msg":"Creating archive of target directory: /Users/anmolg/Desktop/Projects/HyperExecute/junit-selenium-hyperexecute-sample-main"}
{"level":"debug","time":"2026-05-05T17:03:46.539+0530","caller":"core/lifecycle.go:684","msg":"Zip file size: 225.16 kB"}
{"level":"debug","time":"2026-05-05T17:03:46.539+0530","caller":"core/lifecycle.go:694","msg":"Archive location: /Users/anmolg/Desktop/Projects/HyperExecute/junit-selenium-hyperexecute-sample-main/hyperexecute-code-58ed9f8d-cc53-4a19-a696-e2a32d2bf4ae.zip\n"}
{"level":"debug","time":"2026-05-05T17:03:46.539+0530","caller":"storage/azure.go:60","msg":"Payload size: 225.16 kB, source path /Users/anmolg/Desktop/Projects/HyperExecute/junit-selenium-hyperexecute-sample-main/hyperexecute-code-58ed9f8d-cc53-4a19-a696-e2a32d2bf4ae.zip"}
{"level":"debug","time":"2026-05-05T17:03:47.494+0530","caller":"events/manager.go:288","msg":"connection to hyperexecute server established successfully."}
{"level":"debug","time":"2026-05-05T17:03:49.558+0530","caller":"storage/azure.go:84","msg":"Azcopy output: \n\r100.0 %, 1 Done, 0 Failed, 0 Pending, 0 Skipped, 1 Total, 2-sec Throughput (Mb/s): 0.8995\nTotal time taken to upload(min) :0.0334\n, stderr: "}
{"level":"info","time":"2026-05-05T17:03:49.558+0530","caller":"storage/azure.go:123","msg":"File: /Users/anmolg/Desktop/Projects/HyperExecute/junit-selenium-hyperexecute-sample-main/hyperexecute-code-58ed9f8d-cc53-4a19-a696-e2a32d2bf4ae.zip upload completed in 3.018568083s"}
{"level":"debug","time":"2026-05-05T17:03:49.559+0530","caller":"receptionmanager/setup.go:284","msg":"only one runtime entry detected, mapping it to older yaml format"}
{"level":"debug","time":"2026-05-05T17:03:49.559+0530","caller":"receptionmanager/setup.go:313","msg":"only one partialreports entry detected, mapping it to older yaml format"}
{"level":"debug","time":"2026-05-05T17:03:49.560+0530","caller":"receptionmanager/setup.go:188","msg":"Uploading yaml : /Users/anmolg/Desktop/Projects/HyperExecute/junit-selenium-hyperexecute-sample-main/.updatedhyperexecute.yaml"}
{"level":"debug","time":"2026-05-05T17:03:49.560+0530","caller":"storage/azure.go:60","msg":"Payload size: 4.13 kB, source path /Users/anmolg/Desktop/Projects/HyperExecute/junit-selenium-hyperexecute-sample-main/.updatedhyperexecute.yaml"}
{"level":"debug","time":"2026-05-05T17:03:51.601+0530","caller":"storage/azure.go:84","msg":"Azcopy output: \n\r100.0 %, 1 Done, 0 Failed, 0 Pending, 0 Skipped, 1 Total, 2-sec Throughput (Mb/s): 0.0165\nTotal time taken to upload(min) :0.0333\n, stderr: "}
{"level":"info","time":"2026-05-05T17:03:51.601+0530","caller":"storage/azure.go:123","msg":"File: /Users/anmolg/Desktop/Projects/HyperExecute/junit-selenium-hyperexecute-sample-main/.updatedhyperexecute.yaml upload completed in 2.04066425s"}
{"level":"debug","time":"2026-05-05T17:03:51.601+0530","caller":"core/lifecycle.go:721","msg":"Successfully deleted code archive: /Users/anmolg/Desktop/Projects/HyperExecute/junit-selenium-hyperexecute-sample-main/hyperexecute-code-58ed9f8d-cc53-4a19-a696-e2a32d2bf4ae.zip\n"}
{"level":"debug","time":"2026-05-05T17:03:51.601+0530","caller":"storage/azure.go:60","msg":"Payload size: 595 B, source path /Users/anmolg/Desktop/Projects/HyperExecute/junit-selenium-hyperexecute-sample-main/yaml/linux/mask-58ed9f8d-cc53-4a19-a696-e2a32d2bf4ae.yaml"}
{"level":"debug","time":"2026-05-05T17:03:53.637+0530","caller":"storage/azure.go:84","msg":"Azcopy output: \n\r100.0 %, 1 Done, 0 Failed, 0 Pending, 0 Skipped, 1 Total, 2-sec Throughput (Mb/s): 0.0024\nTotal time taken to upload(min) :0.0333\n, stderr: "}
{"level":"info","time":"2026-05-05T17:03:53.638+0530","caller":"storage/azure.go:123","msg":"File: /Users/anmolg/Desktop/Projects/HyperExecute/junit-selenium-hyperexecute-sample-main/yaml/linux/mask-58ed9f8d-cc53-4a19-a696-e2a32d2bf4ae.yaml upload completed in 2.036193833s"}
{"level":"debug","time":"2026-05-05T17:03:56.094+0530","caller":"jobmanager/sse_setup.go:192","msg":"Task id: HYPL-509662-1777980834881814007CPS"}
{"level":"debug","time":"2026-05-05T17:03:56.094+0530","caller":"jobmanager/sse_setup.go:193","msg":"Sending new task alert to stage manager for taskId: HYPL-509662-1777980834881814007CPS"}
{"level":"debug","time":"2026-05-05T17:03:56.094+0530","caller":"jobmanager/sse_setup.go:192","msg":"Task id: HYPL-509662-1777980834886070839NJO"}
{"level":"debug","time":"2026-05-05T17:03:56.094+0530","caller":"jobmanager/sse_setup.go:193","msg":"Sending new task alert to stage manager for taskId: HYPL-509662-1777980834886070839NJO"}
{"level":"debug","time":"2026-05-05T17:03:56.094+0530","caller":"jobmanager/sse_setup.go:192","msg":"Task id: HYPL-509662-1777980834890170331ITL"}
{"level":"debug","time":"2026-05-05T17:03:56.094+0530","caller":"jobmanager/sse_setup.go:193","msg":"Sending new task alert to stage manager for taskId: HYPL-509662-1777980834890170331ITL"}
{"level":"debug","time":"2026-05-05T17:03:56.094+0530","caller":"jobmanager/sse_setup.go:192","msg":"Task id: HYPL-509662-1777980834894425586SNC"}
{"level":"debug","time":"2026-05-05T17:03:56.094+0530","caller":"jobmanager/sse_setup.go:193","msg":"Sending new task alert to stage manager for taskId: HYPL-509662-1777980834894425586SNC"}
{"level":"debug","time":"2026-05-05T17:03:56.094+0530","caller":"jobmanager/sse_setup.go:192","msg":"Task id: HYPL-509662-1777980834899707961DQW"}
{"level":"debug","time":"2026-05-05T17:03:56.094+0530","caller":"jobmanager/sse_setup.go:193","msg":"Sending new task alert to stage manager for taskId: HYPL-509662-1777980834899707961DQW"}
{"level":"debug","time":"2026-05-05T17:03:56.094+0530","caller":"jobmanager/sse_setup.go:192","msg":"Task id: HYPL-509662-1777980834904988660GZV"}
{"level":"debug","time":"2026-05-05T17:03:56.094+0530","caller":"jobmanager/sse_setup.go:193","msg":"Sending new task alert to stage manager for taskId: HYPL-509662-1777980834904988660GZV"}
{"level":"info","time":"2026-05-05T17:03:59.092+0530","caller":"jobmanager/sse_setup.go:84","msg":"\nJob \u001b[1m\u001b[4m58ed9f8d-cc53-4a19-a696-e2a32d2bf4ae\u001b[24m\u001b[22m has started \u001b[97mRUNNING\u001b[0m"}
{"level":"info","time":"2026-05-05T17:03:59.092+0530","caller":"jobmanager/manager.go:138","msg":"Job Link: \u001b[4m\u001b[34mhttps://hyperexecute.lambdatest.com/hyperexecute/task?jobId=58ed9f8d-cc53-4a19-a696-e2a32d2bf4ae\u001b[0m\u001b[24m\n"}
{"level":"info","time":"2026-05-05T17:04:05.181+0530","caller":"terminal/terminal.go:187","msg":"\u001b[32m✔\u001b[0m [3]  \u001b[2msetup-runtime (7s)\u001b[22m\n"}
{"level":"info","time":"2026-05-05T17:04:05.504+0530","caller":"terminal/terminal.go:187","msg":"\u001b[32m✔\u001b[0m [2]  \u001b[2msetup-runtime (7s)\u001b[22m\n"}
{"level":"info","time":"2026-05-05T17:04:05.565+0530","caller":"terminal/terminal.go:187","msg":"\u001b[32m✔\u001b[0m [1]  \u001b[2msetup-runtime (7s)\u001b[22m\n"}
{"level":"info","time":"2026-05-05T17:04:06.038+0530","caller":"terminal/terminal.go:187","msg":"\u001b[32m✔\u001b[0m [6]  \u001b[2msetup-runtime (8s)\u001b[22m\n"}
{"level":"info","time":"2026-05-05T17:04:06.871+0530","caller":"terminal/terminal.go:187","msg":"\u001b[32m✔\u001b[0m [4]  \u001b[2msetup-runtime (8s)\u001b[22m\n"}
{"level":"info","time":"2026-05-05T17:04:06.873+0530","caller":"terminal/terminal.go:187","msg":"\u001b[32m✔\u001b[0m [5]  \u001b[2msetup-runtime (8s)\u001b[22m\n"}
{"level":"info","time":"2026-05-05T17:04:28.508+0530","caller":"terminal/terminal.go:187","msg":"\u001b[32m✔\u001b[0m [2]  \u001b[2mpre (23s)\u001b[22m\n"}
{"level":"info","time":"2026-05-05T17:04:28.508+0530","caller":"terminal/terminal.go:187","msg":"\u001b[32m✔\u001b[0m [2]  \u001b[2mdiscovery (1s)\u001b[22m\n"}
{"level":"info","time":"2026-05-05T17:04:32.000+0530","caller":"terminal/terminal.go:187","msg":"\u001b[32m✔\u001b[0m [6]  \u001b[2mpre (26s)\u001b[22m\n"}
{"level":"info","time":"2026-05-05T17:04:32.137+0530","caller":"terminal/terminal.go:187","msg":"\u001b[32m✔\u001b[0m [6]  \u001b[2mdiscovery (0s)\u001b[22m\n"}
{"level":"info","time":"2026-05-05T17:04:32.323+0530","caller":"terminal/terminal.go:187","msg":"\u001b[32m✔\u001b[0m [3]  \u001b[2mpre (27s)\u001b[22m\n"}
{"level":"info","time":"2026-05-05T17:04:32.460+0530","caller":"terminal/terminal.go:187","msg":"\u001b[32m✔\u001b[0m [3]  \u001b[2mdiscovery (0s)\u001b[22m\n"}
{"level":"info","time":"2026-05-05T17:04:37.501+0530","caller":"terminal/terminal.go:187","msg":"\u001b[32m✔\u001b[0m [1]  \u001b[2mpre (32s)\u001b[22m\n"}
{"level":"info","time":"2026-05-05T17:04:37.653+0530","caller":"terminal/terminal.go:187","msg":"\u001b[32m✔\u001b[0m [1]  \u001b[2mdiscovery (1s)\u001b[22m\n"}
{"level":"info","time":"2026-05-05T17:04:37.834+0530","caller":"terminal/terminal.go:187","msg":"\u001b[32m✔\u001b[0m [5]  \u001b[2mpre (32s)\u001b[22m\n"}
{"level":"info","time":"2026-05-05T17:04:37.981+0530","caller":"terminal/terminal.go:187","msg":"\u001b[32m✔\u001b[0m [5]  \u001b[2mdiscovery (1s)\u001b[22m\n"}
{"level":"info","time":"2026-05-05T17:04:41.346+0530","caller":"terminal/terminal.go:187","msg":"\u001b[32m✔\u001b[0m [4]  \u001b[2mpre (35s)\u001b[22m\n"}
{"level":"info","time":"2026-05-05T17:04:41.489+0530","caller":"terminal/terminal.go:187","msg":"\u001b[32m✔\u001b[0m [4]  \u001b[2mdiscovery (0s)\u001b[22m\n"}
{"level":"debug","time":"2026-05-05T17:05:20.572+0530","caller":"events/manager.go:356","msg":"No new messages received from SSE for jobID: 58ed9f8d-cc53-4a19-a696-e2a32d2bf4ae. Fetching from APIs"}
{"level":"debug","time":"2026-05-05T17:05:25.615+0530","caller":"cmd/bin.go:369","msg":"main: received C-c - attempting graceful shutdown ...."}
{"level":"debug","time":"2026-05-05T17:05:25.615+0530","caller":"cmd/bin.go:370","msg":"Sending abort job signal to sentinel"}
{"level":"debug","time":"2026-05-05T17:05:25.615+0530","caller":"cmd/bin.go:376","msg":"Sending request to abort job"}
{"level":"debug","time":"2026-05-05T17:05:27.699+0530","caller":"cmd/bin.go:385","msg":"main: telling goroutines to stop"}
{"level":"info","time":"2026-05-05T17:05:27.699+0530","caller":"events/manager.go:338","msg":"context done and stopping SSE"}
{"level":"debug","time":"2026-05-05T17:05:27.699+0530","caller":"events/manager.go:256","msg":"Stopping event manager"}
{"level":"error","time":"2026-05-05T17:06:27.700+0530","caller":"cmd/bin.go:392","msg":"2026-05-05T17:03:35+05:30    error    \u001b[91mERR::TIME::OUT\u001b[0m     Time Exceeded.    Graceful timeout exceeded. Brutally killing the application"}
{"level":"debug","time":"2026-05-05T17:08:13.997+0530","caller":"cmd/bin.go:145","msg":"cli os: darwin, cli arch: arm64"}
{"level":"error","time":"2026-05-05T17:08:15.148+0530","caller":"cmd/bin.go:151","msg":"2026-05-05T17:08:12+05:30    error    \u001b[91mERR::UP::VER\u001b[0m     Unable to fetch latest version from upstream  \u001b[91mERR::HTTP::RESP\u001b[0m     non-20x status code 401    Invalid user/key credentials"}
{"level":"debug","time":"2026-05-05T17:09:21.583+0530","caller":"cmd/bin.go:145","msg":"cli os: darwin, cli arch: arm64"}
{"level":"error","time":"2026-05-05T17:09:22.598+0530","caller":"cmd/bin.go:151","msg":"2026-05-05T17:09:20+05:30    error    \u001b[91mERR::UP::VER\u001b[0m     Unable to fetch latest version from upstream  \u001b[91mERR::HTTP::RESP\u001b[0m     non-20x status code 401    Invalid user/key credentials"}
{"level":"debug","time":"2026-05-05T17:09:56.203+0530","caller":"cmd/bin.go:145","msg":"cli os: darwin, cli arch: arm64"}
{"level":"error","time":"2026-05-05T17:09:57.193+0530","caller":"cmd/bin.go:151","msg":"2026-05-05T17:09:54+05:30    error    \u001b[91mERR::UP::VER\u001b[0m     Unable to fetch latest version from upstream  \u001b[91mERR::HTTP::RESP\u001b[0m     non-20x status code 401    Invalid user/key credentials"}
{"level":"debug","time":"2026-05-05T17:12:30.624+0530","caller":"config/model.go:112","msg":"Not Found host hyperexecute-onprem-dashboard.hyperexecute.cloud/, error lookup hyperexecute-onprem-dashboard.hyperexecute.cloud/: no such host"}
{"level":"error","time":"2026-05-05T17:12:30.625+0530","caller":"cmd/bin.go:136","msg":"2026-05-05T17:12:30+05:30    error    Unable to update onprem  domains: lookup hyperexecute-onprem-dashboard.hyperexecute.cloud/: no such host"}
{"level":"error","time":"2026-05-05T17:12:31.759+0530","caller":"configmanager/configManager.go:53","msg":"2026-05-05T17:12:30+05:30    error    \u001b[91mERR::HTTP::RESP\u001b[0m     non-20x status code 422 - error in authenticating user."}
{"level":"error","time":"2026-05-05T17:12:31.760+0530","caller":"cmd/bin.go:266","msg":"2026-05-05T17:12:30+05:30    error    Error while updating host configuration: \u001b[91mERR::HTTP::RESP\u001b[0m     non-20x status code 422"}
{"level":"debug","time":"2026-05-05T17:26:35.424+0530","caller":"config/model.go:120","msg":"Found dashboard host hyperexecute-onprem-dashboard.hyperexecute.cloud"}
{"level":"debug","time":"2026-05-05T17:26:35.436+0530","caller":"config/model.go:131","msg":"Found auth host hyperexecute-onprem-auth.hyperexecute.cloud"}
{"level":"debug","time":"2026-05-05T17:26:35.711+0530","caller":"cmd/bin.go:145","msg":"cli os: darwin, cli arch: arm64"}
{"level":"debug","time":"2026-05-05T17:26:35.998+0530","caller":"cmd/bin.go:154","msg":"Upstream version details: {Name:cli Min:0.2.310 Max:0.2.320} "}
{"level":"info","time":"2026-05-05T17:26:35.999+0530","caller":"cmd/bin.go:163","msg":"Current binary version 0.2.339 is not in range 0.2.310-0.2.320,"}
{"level":"info","time":"2026-05-05T17:26:35.999+0530","caller":"updater/updater.go:58","msg":"Auto updating binary ..................."}
{"level":"debug","time":"2026-05-05T17:26:35.999+0530","caller":"updater/updater.go:59","msg":"Download url: https://downloads.hyperexecute.cloud/hyperexecute/cli/0.2.320/darwin/hyperexecute"}
{"level":"debug","time":"2026-05-05T17:26:51.262+0530","caller":"updater/updater.go:80","msg":"New binary downloaded successfully "}
{"level":"info","time":"2026-05-05T17:26:51.263+0530","caller":"cmd/bin.go:175","msg":"Update successfully installed. Restarting the binary..."}
{"level":"debug","time":"2026-05-05T17:26:52.207+0530","caller":"config/model.go:120","msg":"Found dashboard host hyperexecute-onprem-dashboard.hyperexecute.cloud"}
{"level":"debug","time":"2026-05-05T17:26:52.229+0530","caller":"config/model.go:131","msg":"Found auth host hyperexecute-onprem-auth.hyperexecute.cloud"}
{"level":"debug","time":"2026-05-05T17:26:53.192+0530","caller":"cmd/bin.go:145","msg":"cli os: darwin, cli arch: arm64"}
{"level":"debug","time":"2026-05-05T17:26:53.489+0530","caller":"cmd/bin.go:154","msg":"Upstream version details: {Name:cli Min:0.2.310 Max:0.2.320} "}
{"level":"info","time":"2026-05-05T17:26:53.489+0530","caller":"cmd/bin.go:202","msg":"Generating TraceID for tracking request: 01KQVZZ1YEM6STEGJFN1Q8V01K \n"}
{"level":"debug","time":"2026-05-05T17:26:55.723+0530","caller":"core/lifecycle.go:107","msg":"Setting environment"}
{"level":"debug","time":"2026-05-05T17:26:55.724+0530","caller":"core/lifecycle.go:110","msg":"Parsing config"}
{"level":"debug","time":"2026-05-05T17:26:55.724+0530","caller":"yamlconfigmanager/setup.go:724","msg":"Custom location for .hyperexecute.yaml specified. Using: /Users/anmolg/Desktop/Projects/HyperExecute/junit-selenium-hyperexecute-sample-main/yaml/linux/junit_hyperexecute_autosplit_sample.yaml"}
{"level":"debug","time":"2026-05-05T17:26:55.724+0530","caller":"yamlconfigmanager/setup.go:116","msg":"using hyperexecute config from : /Users/anmolg/Desktop/Projects/HyperExecute/junit-selenium-hyperexecute-sample-main/yaml/linux/junit_hyperexecute_autosplit_sample.yaml"}
{"level":"debug","time":"2026-05-05T17:26:56.158+0530","caller":"yamlconfigmanager/setup.go:2137","msg":"Autodetecting test type in files of path : /Users/anmolg/Desktop/Projects/HyperExecute/junit-selenium-hyperexecute-sample-main"}
{"level":"debug","time":"2026-05-05T17:26:56.160+0530","caller":"yamlconfigmanager/setup.go:546","msg":"Tunnel: false"}
{"level":"info","time":"2026-05-05T17:26:56.160+0530","caller":"models/HypertestYamlConfig.go:902","msg":"\n\u001b[4m\u001b[1m\u001b[97mExecution Plan\u001b[0m\u001b[22m\u001b[24m"}
{"level":"info","time":"2026-05-05T17:26:56.160+0530","caller":"models/HypertestYamlConfig.go:703","msg":"Mode:    \u001b[36mautosplit\u001b[0m"}
{"level":"info","time":"2026-05-05T17:26:56.160+0530","caller":"models/HypertestYamlConfig.go:755","msg":"Parallelism:    \u001b[36m 6\u001b[0m"}
{"level":"info","time":"2026-05-05T17:26:56.160+0530","caller":"models/HypertestYamlConfig.go:763","msg":"Runson:    \u001b[36mlinux\u001b[0m"}
{"level":"info","time":"2026-05-05T17:26:56.160+0530","caller":"models/HypertestYamlConfig.go:771","msg":"Concurrency:    \u001b[36m6\u001b[0m"}
{"level":"info","time":"2026-05-05T17:26:56.160+0530","caller":"models/HypertestYamlConfig.go:835","msg":"Report:    \u001b[36menabled\u001b[0m"}
{"level":"info","time":"2026-05-05T17:26:56.160+0530","caller":"models/HypertestYamlConfig.go:915","msg":""}
{"level":"debug","time":"2026-05-05T17:26:56.160+0530","caller":"filevalidator/setup.go:49","msg":"Warning: Checking data.json file in current directory, no dataJsonPath found in .hyperexecute.yaml"}
{"level":"debug","time":"2026-05-05T17:26:56.160+0530","caller":"filevalidator/setup.go:53","msg":"Warning: data.json file doesn't exist"}
{"level":"error","time":"2026-05-05T17:26:56.160+0530","caller":"core/lifecycle.go:155","msg":"2026-05-05T17:26:52+05:30    error    either provide project ID or project name and type in the yaml    Error while validating project"}
{"level":"debug","time":"2026-05-05T17:26:56.160+0530","caller":"core/lifecycle.go:59","msg":"Quit requested from main goroutine...."}
{"level":"debug","time":"2026-05-05T17:26:56.160+0530","caller":"core/lifecycle.go:60","msg":"Waiting for the goroutines to exit"}
{"level":"debug","time":"2026-05-05T17:26:56.160+0530","caller":"core/lifecycle.go:63","msg":"All lifecycle goroutines exited"}
{"level":"debug","time":"2026-05-05T17:26:56.160+0530","caller":"cmd/bin.go:400","msg":"Exiting application due to error either provide project ID or project name and type in the yaml"}
{"level":"debug","time":"2026-05-05T17:26:56.160+0530","caller":"cmd/bin.go:361","msg":"main: all goroutines have finished."}
{"level":"debug","time":"2026-05-05T17:26:56.167+0530","caller":"cmd/bin.go:195","msg":"Child binary process exited with error: exit status 1"}
{"level":"debug","time":"2026-05-05T17:29:00.565+0530","caller":"config/model.go:120","msg":"Found dashboard host hyperexecute-onprem-dashboard.hyperexecute.cloud"}
{"level":"debug","time":"2026-05-05T17:29:00.588+0530","caller":"config/model.go:131","msg":"Found auth host hyperexecute-onprem-auth.hyperexecute.cloud"}
{"level":"debug","time":"2026-05-05T17:29:00.866+0530","caller":"cmd/bin.go:145","msg":"cli os: darwin, cli arch: arm64"}
{"level":"debug","time":"2026-05-05T17:29:01.147+0530","caller":"cmd/bin.go:154","msg":"Upstream version details: {Name:cli Min:0.2.310 Max:0.2.320} "}
{"level":"info","time":"2026-05-05T17:29:01.147+0530","caller":"cmd/bin.go:202","msg":"Generating TraceID for tracking request: 01KQW02Z98B21QGKMJF2KKK5BE \n"}
{"level":"debug","time":"2026-05-05T17:29:02.376+0530","caller":"core/lifecycle.go:107","msg":"Setting environment"}
{"level":"debug","time":"2026-05-05T17:29:02.377+0530","caller":"core/lifecycle.go:110","msg":"Parsing config"}
{"level":"debug","time":"2026-05-05T17:29:02.377+0530","caller":"yamlconfigmanager/setup.go:724","msg":"Custom location for .hyperexecute.yaml specified. Using: /Users/anmolg/Desktop/Projects/HyperExecute/junit-selenium-hyperexecute-sample-main/yaml/linux/junit_hyperexecute_autosplit_sample.yaml"}
{"level":"debug","time":"2026-05-05T17:29:02.377+0530","caller":"yamlconfigmanager/setup.go:116","msg":"using hyperexecute config from : /Users/anmolg/Desktop/Projects/HyperExecute/junit-selenium-hyperexecute-sample-main/yaml/linux/junit_hyperexecute_autosplit_sample.yaml"}
{"level":"debug","time":"2026-05-05T17:29:02.703+0530","caller":"yamlconfigmanager/setup.go:2137","msg":"Autodetecting test type in files of path : /Users/anmolg/Desktop/Projects/HyperExecute/junit-selenium-hyperexecute-sample-main"}
{"level":"debug","time":"2026-05-05T17:29:02.705+0530","caller":"yamlconfigmanager/setup.go:546","msg":"Tunnel: false"}
{"level":"info","time":"2026-05-05T17:29:02.706+0530","caller":"models/HypertestYamlConfig.go:902","msg":"\n\u001b[4m\u001b[1m\u001b[97mExecution Plan\u001b[0m\u001b[22m\u001b[24m"}
{"level":"info","time":"2026-05-05T17:29:02.706+0530","caller":"models/HypertestYamlConfig.go:703","msg":"Mode:    \u001b[36mautosplit\u001b[0m"}
{"level":"info","time":"2026-05-05T17:29:02.706+0530","caller":"models/HypertestYamlConfig.go:755","msg":"Parallelism:    \u001b[36m 6\u001b[0m"}
{"level":"info","time":"2026-05-05T17:29:02.706+0530","caller":"models/HypertestYamlConfig.go:763","msg":"Runson:    \u001b[36mlinux\u001b[0m"}
{"level":"info","time":"2026-05-05T17:29:02.706+0530","caller":"models/HypertestYamlConfig.go:771","msg":"Concurrency:    \u001b[36m6\u001b[0m"}
{"level":"info","time":"2026-05-05T17:29:02.706+0530","caller":"models/HypertestYamlConfig.go:835","msg":"Report:    \u001b[36menabled\u001b[0m"}
{"level":"info","time":"2026-05-05T17:29:02.706+0530","caller":"models/HypertestYamlConfig.go:915","msg":""}
{"level":"debug","time":"2026-05-05T17:29:02.706+0530","caller":"filevalidator/setup.go:49","msg":"Warning: Checking data.json file in current directory, no dataJsonPath found in .hyperexecute.yaml"}
{"level":"debug","time":"2026-05-05T17:29:02.706+0530","caller":"filevalidator/setup.go:53","msg":"Warning: data.json file doesn't exist"}
{"level":"error","time":"2026-05-05T17:29:02.706+0530","caller":"core/lifecycle.go:155","msg":"2026-05-05T17:29:00+05:30    error    either provide project ID or project name and type in the yaml    Error while validating project"}
{"level":"debug","time":"2026-05-05T17:29:02.706+0530","caller":"core/lifecycle.go:59","msg":"Quit requested from main goroutine...."}
{"level":"debug","time":"2026-05-05T17:29:02.706+0530","caller":"core/lifecycle.go:60","msg":"Waiting for the goroutines to exit"}
{"level":"debug","time":"2026-05-05T17:29:02.706+0530","caller":"core/lifecycle.go:63","msg":"All lifecycle goroutines exited"}
{"level":"debug","time":"2026-05-05T17:29:02.706+0530","caller":"cmd/bin.go:400","msg":"Exiting application due to error either provide project ID or project name and type in the yaml"}
{"level":"debug","time":"2026-05-05T17:29:02.706+0530","caller":"cmd/bin.go:361","msg":"main: all goroutines have finished."}
{"level":"debug","time":"2026-05-05T17:29:16.977+0530","caller":"config/model.go:120","msg":"Found dashboard host hyperexecute-onprem-dashboard.hyperexecute.cloud"}
{"level":"debug","time":"2026-05-05T17:29:16.978+0530","caller":"config/model.go:131","msg":"Found auth host hyperexecute-onprem-auth.hyperexecute.cloud"}
{"level":"debug","time":"2026-05-05T17:29:17.298+0530","caller":"cmd/bin.go:145","msg":"cli os: darwin, cli arch: arm64"}
{"level":"debug","time":"2026-05-05T17:29:17.592+0530","caller":"cmd/bin.go:154","msg":"Upstream version details: {Name:cli Min:0.2.310 Max:0.2.320} "}
{"level":"info","time":"2026-05-05T17:29:17.592+0530","caller":"cmd/bin.go:202","msg":"Generating TraceID for tracking request: 01KQW03FEQ9A7KBFJQ6W92CXFS \n"}
{"level":"debug","time":"2026-05-05T17:29:18.831+0530","caller":"core/lifecycle.go:107","msg":"Setting environment"}
{"level":"debug","time":"2026-05-05T17:29:18.831+0530","caller":"core/lifecycle.go:110","msg":"Parsing config"}
{"level":"debug","time":"2026-05-05T17:29:18.832+0530","caller":"yamlconfigmanager/setup.go:724","msg":"Custom location for .hyperexecute.yaml specified. Using: /Users/anmolg/Desktop/Projects/HyperExecute/junit-selenium-hyperexecute-sample-main/yaml/linux/junit_hyperexecute_autosplit_sample.yaml"}
{"level":"debug","time":"2026-05-05T17:29:18.832+0530","caller":"yamlconfigmanager/setup.go:116","msg":"using hyperexecute config from : /Users/anmolg/Desktop/Projects/HyperExecute/junit-selenium-hyperexecute-sample-main/yaml/linux/junit_hyperexecute_autosplit_sample.yaml"}
{"level":"debug","time":"2026-05-05T17:29:19.118+0530","caller":"yamlconfigmanager/setup.go:2137","msg":"Autodetecting test type in files of path : /Users/anmolg/Desktop/Projects/HyperExecute/junit-selenium-hyperexecute-sample-main"}
{"level":"debug","time":"2026-05-05T17:29:19.119+0530","caller":"yamlconfigmanager/setup.go:546","msg":"Tunnel: false"}
{"level":"info","time":"2026-05-05T17:29:19.120+0530","caller":"models/HypertestYamlConfig.go:902","msg":"\n\u001b[4m\u001b[1m\u001b[97mExecution Plan\u001b[0m\u001b[22m\u001b[24m"}
{"level":"info","time":"2026-05-05T17:29:19.120+0530","caller":"models/HypertestYamlConfig.go:703","msg":"Mode:    \u001b[36mautosplit\u001b[0m"}
{"level":"info","time":"2026-05-05T17:29:19.120+0530","caller":"models/HypertestYamlConfig.go:755","msg":"Parallelism:    \u001b[36m 6\u001b[0m"}
{"level":"info","time":"2026-05-05T17:29:19.120+0530","caller":"models/HypertestYamlConfig.go:763","msg":"Runson:    \u001b[36mlinux\u001b[0m"}
{"level":"info","time":"2026-05-05T17:29:19.120+0530","caller":"models/HypertestYamlConfig.go:771","msg":"Concurrency:    \u001b[36m6\u001b[0m"}
{"level":"info","time":"2026-05-05T17:29:19.120+0530","caller":"models/HypertestYamlConfig.go:835","msg":"Report:    \u001b[36menabled\u001b[0m"}
{"level":"info","time":"2026-05-05T17:29:19.120+0530","caller":"models/HypertestYamlConfig.go:915","msg":""}
{"level":"debug","time":"2026-05-05T17:29:19.120+0530","caller":"filevalidator/setup.go:49","msg":"Warning: Checking data.json file in current directory, no dataJsonPath found in .hyperexecute.yaml"}
{"level":"debug","time":"2026-05-05T17:29:19.120+0530","caller":"filevalidator/setup.go:53","msg":"Warning: data.json file doesn't exist"}
{"level":"error","time":"2026-05-05T17:29:19.120+0530","caller":"core/lifecycle.go:155","msg":"2026-05-05T17:29:16+05:30    error    either provide project ID or project name and type in the yaml    Error while validating project"}
{"level":"debug","time":"2026-05-05T17:29:19.120+0530","caller":"core/lifecycle.go:59","msg":"Quit requested from main goroutine...."}
{"level":"debug","time":"2026-05-05T17:29:19.120+0530","caller":"core/lifecycle.go:60","msg":"Waiting for the goroutines to exit"}
{"level":"debug","time":"2026-05-05T17:29:19.120+0530","caller":"core/lifecycle.go:63","msg":"All lifecycle goroutines exited"}
{"level":"debug","time":"2026-05-05T17:29:19.120+0530","caller":"cmd/bin.go:361","msg":"main: all goroutines have finished."}
{"level":"debug","time":"2026-05-05T17:29:19.120+0530","caller":"cmd/bin.go:400","msg":"Exiting application due to error either provide project ID or project name and type in the yaml"}
{"level":"debug","time":"2026-05-05T17:31:45.304+0530","caller":"config/model.go:120","msg":"Found dashboard host hyperexecute-onprem-dashboard.hyperexecute.cloud"}
{"level":"debug","time":"2026-05-05T17:31:45.318+0530","caller":"config/model.go:131","msg":"Found auth host hyperexecute-onprem-auth.hyperexecute.cloud"}
{"level":"debug","time":"2026-05-05T17:31:45.602+0530","caller":"cmd/bin.go:145","msg":"cli os: darwin, cli arch: arm64"}
{"level":"debug","time":"2026-05-05T17:31:45.888+0530","caller":"cmd/bin.go:154","msg":"Upstream version details: {Name:cli Min:0.2.310 Max:0.2.320} "}
{"level":"info","time":"2026-05-05T17:31:45.889+0530","caller":"cmd/bin.go:202","msg":"Generating TraceID for tracking request: 01KQW07ZDPDCN80CYBX8QTW1SC \n"}
{"level":"debug","time":"2026-05-05T17:31:47.329+0530","caller":"core/lifecycle.go:107","msg":"Setting environment"}
{"level":"debug","time":"2026-05-05T17:31:47.329+0530","caller":"core/lifecycle.go:110","msg":"Parsing config"}
{"level":"debug","time":"2026-05-05T17:31:47.329+0530","caller":"yamlconfigmanager/setup.go:724","msg":"Custom location for .hyperexecute.yaml specified. Using: /Users/anmolg/Desktop/Projects/HyperExecute/junit-selenium-hyperexecute-sample-main/yaml/linux/junit_hyperexecute_autosplit_sample.yaml"}
{"level":"debug","time":"2026-05-05T17:31:47.330+0530","caller":"yamlconfigmanager/setup.go:116","msg":"using hyperexecute config from : /Users/anmolg/Desktop/Projects/HyperExecute/junit-selenium-hyperexecute-sample-main/yaml/linux/junit_hyperexecute_autosplit_sample.yaml"}
{"level":"debug","time":"2026-05-05T17:31:47.658+0530","caller":"yamlconfigmanager/setup.go:2137","msg":"Autodetecting test type in files of path : /Users/anmolg/Desktop/Projects/HyperExecute/junit-selenium-hyperexecute-sample-main"}
{"level":"debug","time":"2026-05-05T17:31:47.659+0530","caller":"yamlconfigmanager/setup.go:546","msg":"Tunnel: false"}
{"level":"info","time":"2026-05-05T17:31:47.659+0530","caller":"models/HypertestYamlConfig.go:902","msg":"\n\u001b[4m\u001b[1m\u001b[97mExecution Plan\u001b[0m\u001b[22m\u001b[24m"}
{"level":"info","time":"2026-05-05T17:31:47.659+0530","caller":"models/HypertestYamlConfig.go:703","msg":"Mode:    \u001b[36mautosplit\u001b[0m"}
{"level":"info","time":"2026-05-05T17:31:47.659+0530","caller":"models/HypertestYamlConfig.go:755","msg":"Parallelism:    \u001b[36m 6\u001b[0m"}
{"level":"info","time":"2026-05-05T17:31:47.659+0530","caller":"models/HypertestYamlConfig.go:763","msg":"Runson:    \u001b[36mlinux\u001b[0m"}
{"level":"info","time":"2026-05-05T17:31:47.659+0530","caller":"models/HypertestYamlConfig.go:771","msg":"Concurrency:    \u001b[36m6\u001b[0m"}
{"level":"info","time":"2026-05-05T17:31:47.659+0530","caller":"models/HypertestYamlConfig.go:835","msg":"Report:    \u001b[36menabled\u001b[0m"}
{"level":"info","time":"2026-05-05T17:31:47.659+0530","caller":"models/HypertestYamlConfig.go:915","msg":""}
{"level":"debug","time":"2026-05-05T17:31:47.659+0530","caller":"filevalidator/setup.go:49","msg":"Warning: Checking data.json file in current directory, no dataJsonPath found in .hyperexecute.yaml"}
{"level":"debug","time":"2026-05-05T17:31:47.659+0530","caller":"filevalidator/setup.go:53","msg":"Warning: data.json file doesn't exist"}
{"level":"error","time":"2026-05-05T17:31:47.659+0530","caller":"core/lifecycle.go:155","msg":"2026-05-05T17:31:44+05:30    error    either provide project ID or project name and type in the yaml    Error while validating project"}
{"level":"debug","time":"2026-05-05T17:31:47.659+0530","caller":"core/lifecycle.go:59","msg":"Quit requested from main goroutine...."}
{"level":"debug","time":"2026-05-05T17:31:47.659+0530","caller":"core/lifecycle.go:60","msg":"Waiting for the goroutines to exit"}
{"level":"debug","time":"2026-05-05T17:31:47.659+0530","caller":"core/lifecycle.go:63","msg":"All lifecycle goroutines exited"}
{"level":"debug","time":"2026-05-05T17:31:47.659+0530","caller":"cmd/bin.go:400","msg":"Exiting application due to error either provide project ID or project name and type in the yaml"}
{"level":"debug","time":"2026-05-05T17:31:47.659+0530","caller":"cmd/bin.go:361","msg":"main: all goroutines have finished."}
{"level":"debug","time":"2026-05-05T18:03:14.614+0530","caller":"config/model.go:120","msg":"Found dashboard host hyperexecute-onprem-dashboard.hyperexecute.cloud"}
{"level":"debug","time":"2026-05-05T18:03:14.638+0530","caller":"config/model.go:131","msg":"Found auth host hyperexecute-onprem-auth.hyperexecute.cloud"}
{"level":"debug","time":"2026-05-05T18:03:14.916+0530","caller":"cmd/bin.go:145","msg":"cli os: darwin, cli arch: arm64"}
{"level":"debug","time":"2026-05-05T18:03:15.246+0530","caller":"cmd/bin.go:154","msg":"Upstream version details: {Name:cli Min:0.2.310 Max:0.2.320} "}
{"level":"info","time":"2026-05-05T18:03:15.246+0530","caller":"cmd/bin.go:202","msg":"Generating TraceID for tracking request: 01KQW21NA5ABVJS71ZBNYQF7XR \n"}
{"level":"debug","time":"2026-05-05T18:03:16.503+0530","caller":"core/lifecycle.go:107","msg":"Setting environment"}
{"level":"debug","time":"2026-05-05T18:03:16.503+0530","caller":"core/lifecycle.go:110","msg":"Parsing config"}
{"level":"debug","time":"2026-05-05T18:03:16.503+0530","caller":"yamlconfigmanager/setup.go:724","msg":"Custom location for .hyperexecute.yaml specified. Using: /Users/anmolg/Desktop/Projects/HyperExecute/junit-selenium-hyperexecute-sample-main/yaml/linux/junit_hyperexecute_autosplit_sample.yaml"}
{"level":"debug","time":"2026-05-05T18:03:16.503+0530","caller":"yamlconfigmanager/setup.go:116","msg":"using hyperexecute config from : /Users/anmolg/Desktop/Projects/HyperExecute/junit-selenium-hyperexecute-sample-main/yaml/linux/junit_hyperexecute_autosplit_sample.yaml"}
{"level":"debug","time":"2026-05-05T18:03:16.834+0530","caller":"yamlconfigmanager/setup.go:2137","msg":"Autodetecting test type in files of path : /Users/anmolg/Desktop/Projects/HyperExecute/junit-selenium-hyperexecute-sample-main"}
{"level":"debug","time":"2026-05-05T18:03:16.835+0530","caller":"yamlconfigmanager/setup.go:546","msg":"Tunnel: false"}
{"level":"info","time":"2026-05-05T18:03:16.835+0530","caller":"models/HypertestYamlConfig.go:902","msg":"\n\u001b[4m\u001b[1m\u001b[97mExecution Plan\u001b[0m\u001b[22m\u001b[24m"}
{"level":"info","time":"2026-05-05T18:03:16.835+0530","caller":"models/HypertestYamlConfig.go:703","msg":"Mode:    \u001b[36mautosplit\u001b[0m"}
{"level":"info","time":"2026-05-05T18:03:16.835+0530","caller":"models/HypertestYamlConfig.go:755","msg":"Parallelism:    \u001b[36m 6\u001b[0m"}
{"level":"info","time":"2026-05-05T18:03:16.835+0530","caller":"models/HypertestYamlConfig.go:763","msg":"Runson:    \u001b[36mlinux\u001b[0m"}
{"level":"info","time":"2026-05-05T18:03:16.835+0530","caller":"models/HypertestYamlConfig.go:771","msg":"Concurrency:    \u001b[36m6\u001b[0m"}
{"level":"info","time":"2026-05-05T18:03:16.835+0530","caller":"models/HypertestYamlConfig.go:835","msg":"Report:    \u001b[36menabled\u001b[0m"}
{"level":"info","time":"2026-05-05T18:03:16.835+0530","caller":"models/HypertestYamlConfig.go:915","msg":""}
{"level":"debug","time":"2026-05-05T18:03:16.835+0530","caller":"filevalidator/setup.go:49","msg":"Warning: Checking data.json file in current directory, no dataJsonPath found in .hyperexecute.yaml"}
{"level":"debug","time":"2026-05-05T18:03:16.835+0530","caller":"filevalidator/setup.go:53","msg":"Warning: data.json file doesn't exist"}
{"level":"error","time":"2026-05-05T18:03:16.835+0530","caller":"core/lifecycle.go:155","msg":"2026-05-05T18:03:14+05:30    error    either provide project ID or project name and type in the yaml    Error while validating project"}
{"level":"debug","time":"2026-05-05T18:03:16.835+0530","caller":"core/lifecycle.go:59","msg":"Quit requested from main goroutine...."}
{"level":"debug","time":"2026-05-05T18:03:16.835+0530","caller":"core/lifecycle.go:60","msg":"Waiting for the goroutines to exit"}
{"level":"debug","time":"2026-05-05T18:03:16.835+0530","caller":"core/lifecycle.go:63","msg":"All lifecycle goroutines exited"}
{"level":"debug","time":"2026-05-05T18:03:16.835+0530","caller":"cmd/bin.go:400","msg":"Exiting application due to error either provide project ID or project name and type in the yaml"}
{"level":"debug","time":"2026-05-05T18:03:16.835+0530","caller":"cmd/bin.go:361","msg":"main: all goroutines have finished."}
{"level":"debug","time":"2026-05-05T18:18:16.790+0530","caller":"config/model.go:120","msg":"Found dashboard host hyperexecute-onprem-dashboard.hyperexecute.cloud"}
{"level":"debug","time":"2026-05-05T18:18:16.816+0530","caller":"config/model.go:131","msg":"Found auth host hyperexecute-onprem-auth.hyperexecute.cloud"}
{"level":"debug","time":"2026-05-05T18:18:17.143+0530","caller":"cmd/bin.go:145","msg":"cli os: darwin, cli arch: arm64"}
{"level":"debug","time":"2026-05-05T18:18:17.467+0530","caller":"cmd/bin.go:154","msg":"Upstream version details: {Name:cli Min:0.2.310 Max:0.2.320} "}
{"level":"info","time":"2026-05-05T18:18:17.468+0530","caller":"cmd/bin.go:202","msg":"Generating TraceID for tracking request: 01KQW2X6BE1091NP9417ZZ8PZQ \n"}
{"level":"debug","time":"2026-05-05T18:18:18.854+0530","caller":"core/lifecycle.go:107","msg":"Setting environment"}
{"level":"debug","time":"2026-05-05T18:18:18.854+0530","caller":"core/lifecycle.go:110","msg":"Parsing config"}
{"level":"debug","time":"2026-05-05T18:18:18.855+0530","caller":"yamlconfigmanager/setup.go:724","msg":"Custom location for .hyperexecute.yaml specified. Using: /Users/anmolg/Desktop/Projects/HyperExecute/junit-selenium-hyperexecute-sample-main/yaml/linux/junit_hyperexecute_autosplit_sample.yaml"}
{"level":"debug","time":"2026-05-05T18:18:18.855+0530","caller":"yamlconfigmanager/setup.go:116","msg":"using hyperexecute config from : /Users/anmolg/Desktop/Projects/HyperExecute/junit-selenium-hyperexecute-sample-main/yaml/linux/junit_hyperexecute_autosplit_sample.yaml"}
{"level":"debug","time":"2026-05-05T18:18:19.147+0530","caller":"yamlconfigmanager/setup.go:2137","msg":"Autodetecting test type in files of path : /Users/anmolg/Desktop/Projects/HyperExecute/junit-selenium-hyperexecute-sample-main"}
{"level":"debug","time":"2026-05-05T18:18:19.148+0530","caller":"yamlconfigmanager/setup.go:546","msg":"Tunnel: false"}
{"level":"info","time":"2026-05-05T18:18:19.148+0530","caller":"models/HypertestYamlConfig.go:902","msg":"\n\u001b[4m\u001b[1m\u001b[97mExecution Plan\u001b[0m\u001b[22m\u001b[24m"}
{"level":"info","time":"2026-05-05T18:18:19.148+0530","caller":"models/HypertestYamlConfig.go:703","msg":"Mode:    \u001b[36mautosplit\u001b[0m"}
{"level":"info","time":"2026-05-05T18:18:19.148+0530","caller":"models/HypertestYamlConfig.go:755","msg":"Parallelism:    \u001b[36m 6\u001b[0m"}
{"level":"info","time":"2026-05-05T18:18:19.148+0530","caller":"models/HypertestYamlConfig.go:763","msg":"Runson:    \u001b[36mlinux\u001b[0m"}
{"level":"info","time":"2026-05-05T18:18:19.148+0530","caller":"models/HypertestYamlConfig.go:771","msg":"Concurrency:    \u001b[36m6\u001b[0m"}
{"level":"info","time":"2026-05-05T18:18:19.148+0530","caller":"models/HypertestYamlConfig.go:835","msg":"Report:    \u001b[36menabled\u001b[0m"}
{"level":"info","time":"2026-05-05T18:18:19.148+0530","caller":"models/HypertestYamlConfig.go:915","msg":""}
{"level":"debug","time":"2026-05-05T18:18:19.148+0530","caller":"filevalidator/setup.go:49","msg":"Warning: Checking data.json file in current directory, no dataJsonPath found in .hyperexecute.yaml"}
{"level":"debug","time":"2026-05-05T18:18:19.148+0530","caller":"filevalidator/setup.go:53","msg":"Warning: data.json file doesn't exist"}
{"level":"error","time":"2026-05-05T18:18:19.148+0530","caller":"core/lifecycle.go:155","msg":"2026-05-05T18:18:16+05:30    error    either provide project ID or project name and type in the yaml    Error while validating project"}
{"level":"debug","time":"2026-05-05T18:18:19.148+0530","caller":"core/lifecycle.go:59","msg":"Quit requested from main goroutine...."}
{"level":"debug","time":"2026-05-05T18:18:19.148+0530","caller":"core/lifecycle.go:60","msg":"Waiting for the goroutines to exit"}
{"level":"debug","time":"2026-05-05T18:18:19.148+0530","caller":"core/lifecycle.go:63","msg":"All lifecycle goroutines exited"}
{"level":"debug","time":"2026-05-05T18:18:19.148+0530","caller":"cmd/bin.go:361","msg":"main: all goroutines have finished."}
{"level":"debug","time":"2026-05-05T18:18:19.148+0530","caller":"cmd/bin.go:400","msg":"Exiting application due to error either provide project ID or project name and type in the yaml"}
{"level":"debug","time":"2026-05-05T18:23:17.910+0530","caller":"config/model.go:120","msg":"Found dashboard host hyperexecute-onprem-dashboard.hyperexecute.cloud"}
{"level":"debug","time":"2026-05-05T18:23:17.922+0530","caller":"config/model.go:131","msg":"Found auth host hyperexecute-onprem-auth.hyperexecute.cloud"}
{"level":"debug","time":"2026-05-05T18:23:18.201+0530","caller":"cmd/bin.go:145","msg":"cli os: darwin, cli arch: arm64"}
{"level":"debug","time":"2026-05-05T18:23:18.489+0530","caller":"cmd/bin.go:154","msg":"Upstream version details: {Name:cli Min:0.2.310 Max:0.2.320} "}
{"level":"info","time":"2026-05-05T18:23:18.489+0530","caller":"cmd/bin.go:202","msg":"Generating TraceID for tracking request: 01KQW36C8V81Y0T6D57YD56QFF \n"}
{"level":"debug","time":"2026-05-05T18:23:19.737+0530","caller":"core/lifecycle.go:107","msg":"Setting environment"}
{"level":"debug","time":"2026-05-05T18:23:19.740+0530","caller":"core/lifecycle.go:110","msg":"Parsing config"}
{"level":"debug","time":"2026-05-05T18:23:19.740+0530","caller":"yamlconfigmanager/setup.go:724","msg":"Custom location for .hyperexecute.yaml specified. Using: /Users/anmolg/Desktop/Projects/HyperExecute/junit-selenium-hyperexecute-sample-main/yaml/linux/junit_hyperexecute_autosplit_sample.yaml"}
{"level":"debug","time":"2026-05-05T18:23:19.740+0530","caller":"yamlconfigmanager/setup.go:116","msg":"using hyperexecute config from : /Users/anmolg/Desktop/Projects/HyperExecute/junit-selenium-hyperexecute-sample-main/yaml/linux/junit_hyperexecute_autosplit_sample.yaml"}
{"level":"debug","time":"2026-05-05T18:23:20.186+0530","caller":"yamlconfigmanager/setup.go:2137","msg":"Autodetecting test type in files of path : /Users/anmolg/Desktop/Projects/HyperExecute/junit-selenium-hyperexecute-sample-main"}
{"level":"debug","time":"2026-05-05T18:23:20.187+0530","caller":"yamlconfigmanager/setup.go:546","msg":"Tunnel: false"}
{"level":"info","time":"2026-05-05T18:23:20.187+0530","caller":"models/HypertestYamlConfig.go:902","msg":"\n\u001b[4m\u001b[1m\u001b[97mExecution Plan\u001b[0m\u001b[22m\u001b[24m"}
{"level":"info","time":"2026-05-05T18:23:20.188+0530","caller":"models/HypertestYamlConfig.go:703","msg":"Mode:    \u001b[36mautosplit\u001b[0m"}
{"level":"info","time":"2026-05-05T18:23:20.188+0530","caller":"models/HypertestYamlConfig.go:755","msg":"Parallelism:    \u001b[36m 6\u001b[0m"}
{"level":"info","time":"2026-05-05T18:23:20.188+0530","caller":"models/HypertestYamlConfig.go:763","msg":"Runson:    \u001b[36mlinux\u001b[0m"}
{"level":"info","time":"2026-05-05T18:23:20.188+0530","caller":"models/HypertestYamlConfig.go:771","msg":"Concurrency:    \u001b[36m6\u001b[0m"}
{"level":"info","time":"2026-05-05T18:23:20.188+0530","caller":"models/HypertestYamlConfig.go:835","msg":"Report:    \u001b[36menabled\u001b[0m"}
{"level":"info","time":"2026-05-05T18:23:20.188+0530","caller":"models/HypertestYamlConfig.go:915","msg":""}
{"level":"debug","time":"2026-05-05T18:23:20.188+0530","caller":"filevalidator/setup.go:49","msg":"Warning: Checking data.json file in current directory, no dataJsonPath found in .hyperexecute.yaml"}
{"level":"debug","time":"2026-05-05T18:23:20.188+0530","caller":"filevalidator/setup.go:53","msg":"Warning: data.json file doesn't exist"}
{"level":"error","time":"2026-05-05T18:23:20.188+0530","caller":"core/lifecycle.go:155","msg":"2026-05-05T18:23:17+05:30    error    either provide project ID or project name and type in the yaml    Error while validating project"}
{"level":"debug","time":"2026-05-05T18:23:20.188+0530","caller":"core/lifecycle.go:59","msg":"Quit requested from main goroutine...."}
{"level":"debug","time":"2026-05-05T18:23:20.188+0530","caller":"core/lifecycle.go:60","msg":"Waiting for the goroutines to exit"}
{"level":"debug","time":"2026-05-05T18:23:20.188+0530","caller":"core/lifecycle.go:63","msg":"All lifecycle goroutines exited"}
{"level":"debug","time":"2026-05-05T18:23:20.188+0530","caller":"cmd/bin.go:400","msg":"Exiting application due to error either provide project ID or project name and type in the yaml"}
{"level":"debug","time":"2026-05-05T18:23:20.188+0530","caller":"cmd/bin.go:361","msg":"main: all goroutines have finished."}
{"level":"debug","time":"2026-05-05T18:23:30.694+0530","caller":"config/model.go:120","msg":"Found dashboard host hyperexecute-onprem-dashboard.hyperexecute.cloud"}
{"level":"debug","time":"2026-05-05T18:23:30.695+0530","caller":"config/model.go:131","msg":"Found auth host hyperexecute-onprem-auth.hyperexecute.cloud"}
{"level":"debug","time":"2026-05-05T18:23:30.991+0530","caller":"cmd/bin.go:145","msg":"cli os: darwin, cli arch: arm64"}
{"level":"debug","time":"2026-05-05T18:23:31.281+0530","caller":"cmd/bin.go:154","msg":"Upstream version details: {Name:cli Min:0.2.310 Max:0.2.320} "}
{"level":"info","time":"2026-05-05T18:23:31.281+0530","caller":"cmd/bin.go:202","msg":"Generating TraceID for tracking request: 01KQW36RY2RC6YRS75KH0XH7AD \n"}
{"level":"debug","time":"2026-05-05T18:23:32.526+0530","caller":"core/lifecycle.go:107","msg":"Setting environment"}
{"level":"debug","time":"2026-05-05T18:23:32.527+0530","caller":"core/lifecycle.go:110","msg":"Parsing config"}
{"level":"debug","time":"2026-05-05T18:23:32.527+0530","caller":"yamlconfigmanager/setup.go:724","msg":"Custom location for .hyperexecute.yaml specified. Using: /Users/anmolg/Desktop/Projects/HyperExecute/junit-selenium-hyperexecute-sample-main/yaml/linux/junit_hyperexecute_autosplit_sample.yaml"}
{"level":"debug","time":"2026-05-05T18:23:32.527+0530","caller":"yamlconfigmanager/setup.go:116","msg":"using hyperexecute config from : /Users/anmolg/Desktop/Projects/HyperExecute/junit-selenium-hyperexecute-sample-main/yaml/linux/junit_hyperexecute_autosplit_sample.yaml"}
{"level":"debug","time":"2026-05-05T18:23:32.812+0530","caller":"yamlconfigmanager/setup.go:2137","msg":"Autodetecting test type in files of path : /Users/anmolg/Desktop/Projects/HyperExecute/junit-selenium-hyperexecute-sample-main"}
{"level":"debug","time":"2026-05-05T18:23:32.813+0530","caller":"yamlconfigmanager/setup.go:546","msg":"Tunnel: false"}
{"level":"info","time":"2026-05-05T18:23:32.813+0530","caller":"models/HypertestYamlConfig.go:902","msg":"\n\u001b[4m\u001b[1m\u001b[97mExecution Plan\u001b[0m\u001b[22m\u001b[24m"}
{"level":"info","time":"2026-05-05T18:23:32.813+0530","caller":"models/HypertestYamlConfig.go:703","msg":"Mode:    \u001b[36mautosplit\u001b[0m"}
{"level":"info","time":"2026-05-05T18:23:32.813+0530","caller":"models/HypertestYamlConfig.go:755","msg":"Parallelism:    \u001b[36m 6\u001b[0m"}
{"level":"info","time":"2026-05-05T18:23:32.813+0530","caller":"models/HypertestYamlConfig.go:763","msg":"Runson:    \u001b[36mlinux\u001b[0m"}
{"level":"info","time":"2026-05-05T18:23:32.813+0530","caller":"models/HypertestYamlConfig.go:771","msg":"Concurrency:    \u001b[36m6\u001b[0m"}
{"level":"info","time":"2026-05-05T18:23:32.813+0530","caller":"models/HypertestYamlConfig.go:835","msg":"Report:    \u001b[36menabled\u001b[0m"}
{"level":"info","time":"2026-05-05T18:23:32.813+0530","caller":"models/HypertestYamlConfig.go:915","msg":""}
{"level":"debug","time":"2026-05-05T18:23:32.813+0530","caller":"filevalidator/setup.go:49","msg":"Warning: Checking data.json file in current directory, no dataJsonPath found in .hyperexecute.yaml"}
{"level":"debug","time":"2026-05-05T18:23:32.814+0530","caller":"filevalidator/setup.go:53","msg":"Warning: data.json file doesn't exist"}
{"level":"error","time":"2026-05-05T18:23:32.814+0530","caller":"core/lifecycle.go:155","msg":"2026-05-05T18:23:30+05:30    error    either provide project ID or project name and type in the yaml    Error while validating project"}
{"level":"debug","time":"2026-05-05T18:23:32.814+0530","caller":"core/lifecycle.go:59","msg":"Quit requested from main goroutine...."}
{"level":"debug","time":"2026-05-05T18:23:32.814+0530","caller":"core/lifecycle.go:60","msg":"Waiting for the goroutines to exit"}
{"level":"debug","time":"2026-05-05T18:23:32.814+0530","caller":"core/lifecycle.go:63","msg":"All lifecycle goroutines exited"}
{"level":"debug","time":"2026-05-05T18:23:32.814+0530","caller":"cmd/bin.go:361","msg":"main: all goroutines have finished."}
{"level":"debug","time":"2026-05-05T18:23:32.814+0530","caller":"cmd/bin.go:400","msg":"Exiting application due to error either provide project ID or project name and type in the yaml"}
{"level":"debug","time":"2026-05-05T18:23:42.899+0530","caller":"config/model.go:120","msg":"Found dashboard host hyperexecute-onprem-dashboard.hyperexecute.cloud"}
{"level":"debug","time":"2026-05-05T18:23:42.915+0530","caller":"config/model.go:131","msg":"Found auth host hyperexecute-onprem-auth.hyperexecute.cloud"}
{"level":"debug","time":"2026-05-05T18:23:43.242+0530","caller":"cmd/bin.go:145","msg":"cli os: darwin, cli arch: arm64"}
{"level":"debug","time":"2026-05-05T18:23:43.544+0530","caller":"cmd/bin.go:154","msg":"Upstream version details: {Name:cli Min:0.2.310 Max:0.2.320} "}
{"level":"info","time":"2026-05-05T18:23:43.544+0530","caller":"cmd/bin.go:202","msg":"Generating TraceID for tracking request: 01KQW374MQCX228XN57JCHQMCK \n"}
{"level":"debug","time":"2026-05-05T18:23:44.776+0530","caller":"core/lifecycle.go:107","msg":"Setting environment"}
{"level":"debug","time":"2026-05-05T18:23:44.777+0530","caller":"core/lifecycle.go:110","msg":"Parsing config"}
{"level":"debug","time":"2026-05-05T18:23:44.777+0530","caller":"yamlconfigmanager/setup.go:724","msg":"Custom location for .hyperexecute.yaml specified. Using: /Users/anmolg/Desktop/Projects/HyperExecute/junit-selenium-hyperexecute-sample-main/yaml/linux/junit_hyperexecute_autosplit_sample.yaml"}
{"level":"debug","time":"2026-05-05T18:23:44.777+0530","caller":"yamlconfigmanager/setup.go:116","msg":"using hyperexecute config from : /Users/anmolg/Desktop/Projects/HyperExecute/junit-selenium-hyperexecute-sample-main/yaml/linux/junit_hyperexecute_autosplit_sample.yaml"}
{"level":"debug","time":"2026-05-05T18:23:45.088+0530","caller":"yamlconfigmanager/setup.go:2137","msg":"Autodetecting test type in files of path : /Users/anmolg/Desktop/Projects/HyperExecute/junit-selenium-hyperexecute-sample-main"}
{"level":"debug","time":"2026-05-05T18:23:45.089+0530","caller":"yamlconfigmanager/setup.go:546","msg":"Tunnel: false"}
{"level":"info","time":"2026-05-05T18:23:45.089+0530","caller":"models/HypertestYamlConfig.go:902","msg":"\n\u001b[4m\u001b[1m\u001b[97mExecution Plan\u001b[0m\u001b[22m\u001b[24m"}
{"level":"info","time":"2026-05-05T18:23:45.089+0530","caller":"models/HypertestYamlConfig.go:703","msg":"Mode:    \u001b[36mautosplit\u001b[0m"}
{"level":"info","time":"2026-05-05T18:23:45.089+0530","caller":"models/HypertestYamlConfig.go:755","msg":"Parallelism:    \u001b[36m 6\u001b[0m"}
{"level":"info","time":"2026-05-05T18:23:45.089+0530","caller":"models/HypertestYamlConfig.go:763","msg":"Runson:    \u001b[36mlinux\u001b[0m"}
{"level":"info","time":"2026-05-05T18:23:45.089+0530","caller":"models/HypertestYamlConfig.go:771","msg":"Concurrency:    \u001b[36m6\u001b[0m"}
{"level":"info","time":"2026-05-05T18:23:45.089+0530","caller":"models/HypertestYamlConfig.go:835","msg":"Report:    \u001b[36menabled\u001b[0m"}
{"level":"info","time":"2026-05-05T18:23:45.090+0530","caller":"models/HypertestYamlConfig.go:915","msg":""}
{"level":"debug","time":"2026-05-05T18:23:45.090+0530","caller":"filevalidator/setup.go:49","msg":"Warning: Checking data.json file in current directory, no dataJsonPath found in .hyperexecute.yaml"}
{"level":"debug","time":"2026-05-05T18:23:45.090+0530","caller":"filevalidator/setup.go:53","msg":"Warning: data.json file doesn't exist"}
{"level":"error","time":"2026-05-05T18:23:45.090+0530","caller":"core/lifecycle.go:155","msg":"2026-05-05T18:23:42+05:30    error    either provide project ID or project name and type in the yaml    Error while validating project"}
{"level":"debug","time":"2026-05-05T18:23:45.090+0530","caller":"core/lifecycle.go:59","msg":"Quit requested from main goroutine...."}
{"level":"debug","time":"2026-05-05T18:23:45.090+0530","caller":"core/lifecycle.go:60","msg":"Waiting for the goroutines to exit"}
{"level":"debug","time":"2026-05-05T18:23:45.090+0530","caller":"core/lifecycle.go:63","msg":"All lifecycle goroutines exited"}
{"level":"debug","time":"2026-05-05T18:23:45.090+0530","caller":"cmd/bin.go:400","msg":"Exiting application due to error either provide project ID or project name and type in the yaml"}
{"level":"debug","time":"2026-05-05T18:23:45.090+0530","caller":"cmd/bin.go:361","msg":"main: all goroutines have finished."}
{"level":"debug","time":"2026-05-05T19:16:03.284+0530","caller":"config/model.go:120","msg":"Found dashboard host hyperexecute-onprem-dashboard.hyperexecute.cloud"}
{"level":"debug","time":"2026-05-05T19:16:03.325+0530","caller":"config/model.go:131","msg":"Found auth host hyperexecute-onprem-auth.hyperexecute.cloud"}
{"level":"debug","time":"2026-05-05T19:16:03.694+0530","caller":"cmd/bin.go:145","msg":"cli os: darwin, cli arch: arm64"}
{"level":"debug","time":"2026-05-05T19:16:03.992+0530","caller":"cmd/bin.go:154","msg":"Upstream version details: {Name:cli Min:0.2.310 Max:0.2.320} "}
{"level":"info","time":"2026-05-05T19:16:03.992+0530","caller":"cmd/bin.go:202","msg":"Generating TraceID for tracking request: 01KQW66Z64W9H6GBNZ6FMYM1BQ \n"}
{"level":"debug","time":"2026-05-05T19:16:05.445+0530","caller":"core/lifecycle.go:107","msg":"Setting environment"}
{"level":"debug","time":"2026-05-05T19:16:05.445+0530","caller":"core/lifecycle.go:110","msg":"Parsing config"}
{"level":"debug","time":"2026-05-05T19:16:05.445+0530","caller":"yamlconfigmanager/setup.go:724","msg":"Custom location for .hyperexecute.yaml specified. Using: /Users/anmolg/Desktop/Projects/HyperExecute/junit-selenium-hyperexecute-sample-main/yaml/linux/junit_hyperexecute_autosplit_sample.yaml"}
{"level":"debug","time":"2026-05-05T19:16:05.445+0530","caller":"yamlconfigmanager/setup.go:116","msg":"using hyperexecute config from : /Users/anmolg/Desktop/Projects/HyperExecute/junit-selenium-hyperexecute-sample-main/yaml/linux/junit_hyperexecute_autosplit_sample.yaml"}
{"level":"debug","time":"2026-05-05T19:16:05.776+0530","caller":"yamlconfigmanager/setup.go:2137","msg":"Autodetecting test type in files of path : /Users/anmolg/Desktop/Projects/HyperExecute/junit-selenium-hyperexecute-sample-main"}
{"level":"debug","time":"2026-05-05T19:16:05.777+0530","caller":"yamlconfigmanager/setup.go:546","msg":"Tunnel: false"}
{"level":"info","time":"2026-05-05T19:16:05.777+0530","caller":"models/HypertestYamlConfig.go:902","msg":"\n\u001b[4m\u001b[1m\u001b[97mExecution Plan\u001b[0m\u001b[22m\u001b[24m"}
{"level":"info","time":"2026-05-05T19:16:05.777+0530","caller":"models/HypertestYamlConfig.go:703","msg":"Mode:    \u001b[36mautosplit\u001b[0m"}
{"level":"info","time":"2026-05-05T19:16:05.777+0530","caller":"models/HypertestYamlConfig.go:755","msg":"Parallelism:    \u001b[36m 6\u001b[0m"}
{"level":"info","time":"2026-05-05T19:16:05.777+0530","caller":"models/HypertestYamlConfig.go:763","msg":"Runson:    \u001b[36mlinux\u001b[0m"}
{"level":"info","time":"2026-05-05T19:16:05.777+0530","caller":"models/HypertestYamlConfig.go:771","msg":"Concurrency:    \u001b[36m6\u001b[0m"}
{"level":"info","time":"2026-05-05T19:16:05.777+0530","caller":"models/HypertestYamlConfig.go:835","msg":"Report:    \u001b[36menabled\u001b[0m"}
{"level":"info","time":"2026-05-05T19:16:05.777+0530","caller":"models/HypertestYamlConfig.go:915","msg":""}
{"level":"debug","time":"2026-05-05T19:16:05.777+0530","caller":"filevalidator/setup.go:49","msg":"Warning: Checking data.json file in current directory, no dataJsonPath found in .hyperexecute.yaml"}
{"level":"debug","time":"2026-05-05T19:16:05.777+0530","caller":"filevalidator/setup.go:53","msg":"Warning: data.json file doesn't exist"}
{"level":"error","time":"2026-05-05T19:16:05.778+0530","caller":"core/lifecycle.go:155","msg":"2026-05-05T19:16:02+05:30    error    either provide project ID or project name and type in the yaml    Error while validating project"}
{"level":"debug","time":"2026-05-05T19:16:05.778+0530","caller":"core/lifecycle.go:59","msg":"Quit requested from main goroutine...."}
{"level":"debug","time":"2026-05-05T19:16:05.778+0530","caller":"core/lifecycle.go:60","msg":"Waiting for the goroutines to exit"}
{"level":"debug","time":"2026-05-05T19:16:05.778+0530","caller":"core/lifecycle.go:63","msg":"All lifecycle goroutines exited"}
{"level":"debug","time":"2026-05-05T19:16:05.778+0530","caller":"cmd/bin.go:400","msg":"Exiting application due to error either provide project ID or project name and type in the yaml"}
{"level":"debug","time":"2026-05-05T19:16:05.778+0530","caller":"cmd/bin.go:361","msg":"main: all goroutines have finished."}
{"level":"debug","time":"2026-05-05T19:17:09.434+0530","caller":"config/model.go:120","msg":"Found dashboard host hyperexecute-onprem-dashboard.hyperexecute.cloud"}
{"level":"debug","time":"2026-05-05T19:17:09.861+0530","caller":"config/model.go:131","msg":"Found auth host hyperexecute-onprem-auth.hyperexecute.cloud"}
{"level":"debug","time":"2026-05-05T19:17:10.789+0530","caller":"cmd/bin.go:145","msg":"cli os: darwin, cli arch: arm64"}
{"level":"debug","time":"2026-05-05T19:17:11.075+0530","caller":"cmd/bin.go:154","msg":"Upstream version details: {Name:cli Min:0.2.310 Max:0.2.320} "}
{"level":"info","time":"2026-05-05T19:17:11.076+0530","caller":"cmd/bin.go:202","msg":"Generating TraceID for tracking request: 01KQW690754JDSJ9N22PQ1TMNJ \n"}
{"level":"debug","time":"2026-05-05T19:17:12.391+0530","caller":"core/lifecycle.go:107","msg":"Setting environment"}
{"level":"debug","time":"2026-05-05T19:17:12.391+0530","caller":"core/lifecycle.go:110","msg":"Parsing config"}
{"level":"debug","time":"2026-05-05T19:17:12.392+0530","caller":"yamlconfigmanager/setup.go:724","msg":"Custom location for .hyperexecute.yaml specified. Using: /Users/anmolg/Desktop/Projects/HyperExecute/junit-selenium-hyperexecute-sample-main/yaml/linux/junit_hyperexecute_autosplit_sample.yaml"}
{"level":"debug","time":"2026-05-05T19:17:12.392+0530","caller":"yamlconfigmanager/setup.go:116","msg":"using hyperexecute config from : /Users/anmolg/Desktop/Projects/HyperExecute/junit-selenium-hyperexecute-sample-main/yaml/linux/junit_hyperexecute_autosplit_sample.yaml"}
{"level":"debug","time":"2026-05-05T19:17:12.737+0530","caller":"yamlconfigmanager/setup.go:2137","msg":"Autodetecting test type in files of path : /Users/anmolg/Desktop/Projects/HyperExecute/junit-selenium-hyperexecute-sample-main"}
{"level":"debug","time":"2026-05-05T19:17:12.738+0530","caller":"yamlconfigmanager/setup.go:546","msg":"Tunnel: false"}
{"level":"info","time":"2026-05-05T19:17:12.739+0530","caller":"models/HypertestYamlConfig.go:902","msg":"\n\u001b[4m\u001b[1m\u001b[97mExecution Plan\u001b[0m\u001b[22m\u001b[24m"}
{"level":"info","time":"2026-05-05T19:17:12.739+0530","caller":"models/HypertestYamlConfig.go:703","msg":"Mode:    \u001b[36mautosplit\u001b[0m"}
{"level":"info","time":"2026-05-05T19:17:12.739+0530","caller":"models/HypertestYamlConfig.go:755","msg":"Parallelism:    \u001b[36m 6\u001b[0m"}
{"level":"info","time":"2026-05-05T19:17:12.739+0530","caller":"models/HypertestYamlConfig.go:763","msg":"Runson:    \u001b[36mlinux\u001b[0m"}
{"level":"info","time":"2026-05-05T19:17:12.739+0530","caller":"models/HypertestYamlConfig.go:771","msg":"Concurrency:    \u001b[36m6\u001b[0m"}
{"level":"info","time":"2026-05-05T19:17:12.739+0530","caller":"models/HypertestYamlConfig.go:835","msg":"Report:    \u001b[36menabled\u001b[0m"}
{"level":"info","time":"2026-05-05T19:17:12.739+0530","caller":"models/HypertestYamlConfig.go:915","msg":""}
{"level":"debug","time":"2026-05-05T19:17:12.740+0530","caller":"filevalidator/setup.go:49","msg":"Warning: Checking data.json file in current directory, no dataJsonPath found in .hyperexecute.yaml"}
{"level":"debug","time":"2026-05-05T19:17:12.740+0530","caller":"filevalidator/setup.go:53","msg":"Warning: data.json file doesn't exist"}
{"level":"error","time":"2026-05-05T19:17:12.740+0530","caller":"core/lifecycle.go:155","msg":"2026-05-05T19:17:09+05:30    error    either provide project ID or project name and type in the yaml    Error while validating project"}
{"level":"debug","time":"2026-05-05T19:17:12.740+0530","caller":"core/lifecycle.go:59","msg":"Quit requested from main goroutine...."}
{"level":"debug","time":"2026-05-05T19:17:12.740+0530","caller":"core/lifecycle.go:60","msg":"Waiting for the goroutines to exit"}
{"level":"debug","time":"2026-05-05T19:17:12.740+0530","caller":"core/lifecycle.go:63","msg":"All lifecycle goroutines exited"}
{"level":"debug","time":"2026-05-05T19:17:12.740+0530","caller":"cmd/bin.go:400","msg":"Exiting application due to error either provide project ID or project name and type in the yaml"}
{"level":"debug","time":"2026-05-05T19:17:12.740+0530","caller":"cmd/bin.go:361","msg":"main: all goroutines have finished."}
{"level":"warn","time":"2026-05-05T20:07:56.629+0530","caller":"globalconfigvalidator/setup.go:45","msg":"Found user credentials in env and cli flag both, credentials in env will be ignored"}
{"level":"warn","time":"2026-05-05T20:07:56.629+0530","caller":"globalconfigvalidator/setup.go:50","msg":"Found key credentials in env and cli flag both, credentials in env will be ignored"}
{"level":"debug","time":"2026-05-05T20:07:56.671+0530","caller":"config/model.go:120","msg":"Found dashboard host hyperexecute-onprem-dashboard.hyperexecute.cloud"}
{"level":"debug","time":"2026-05-05T20:07:56.690+0530","caller":"config/model.go:131","msg":"Found auth host hyperexecute-onprem-auth.hyperexecute.cloud"}
{"level":"debug","time":"2026-05-05T20:07:56.996+0530","caller":"cmd/bin.go:145","msg":"cli os: darwin, cli arch: arm64"}
{"level":"debug","time":"2026-05-05T20:07:57.370+0530","caller":"cmd/bin.go:154","msg":"Upstream version details: {Name:cli Min:0.2.310 Max:0.2.320} "}
{"level":"info","time":"2026-05-05T20:07:57.371+0530","caller":"cmd/bin.go:202","msg":"Generating TraceID for tracking request: 01KQW9600MD364JH18YX1EZPB2 \n"}
{"level":"warn","time":"2026-05-05T20:07:57.372+0530","caller":"globalconfigvalidator/setup.go:45","msg":"Found user credentials in env and cli flag both, credentials in env will be ignored"}
{"level":"warn","time":"2026-05-05T20:07:57.373+0530","caller":"globalconfigvalidator/setup.go:50","msg":"Found key credentials in env and cli flag both, credentials in env will be ignored"}
{"level":"debug","time":"2026-05-05T20:07:58.712+0530","caller":"core/lifecycle.go:107","msg":"Setting environment"}
{"level":"debug","time":"2026-05-05T20:07:58.712+0530","caller":"core/lifecycle.go:110","msg":"Parsing config"}
{"level":"debug","time":"2026-05-05T20:07:58.712+0530","caller":"yamlconfigmanager/setup.go:724","msg":"Custom location for .hyperexecute.yaml specified. Using: /Users/anmolg/Desktop/Projects/HyperExecute/junit-selenium-hyperexecute-sample-main/yaml/linux/junit_hyperexecute_autosplit_sample.yaml"}
{"level":"debug","time":"2026-05-05T20:07:58.713+0530","caller":"yamlconfigmanager/setup.go:116","msg":"using hyperexecute config from : /Users/anmolg/Desktop/Projects/HyperExecute/junit-selenium-hyperexecute-sample-main/yaml/linux/junit_hyperexecute_autosplit_sample.yaml"}
{"level":"debug","time":"2026-05-05T20:07:59.115+0530","caller":"yamlconfigmanager/setup.go:2137","msg":"Autodetecting test type in files of path : /Users/anmolg/Desktop/Projects/HyperExecute/junit-selenium-hyperexecute-sample-main"}
{"level":"debug","time":"2026-05-05T20:07:59.117+0530","caller":"yamlconfigmanager/setup.go:546","msg":"Tunnel: false"}
{"level":"info","time":"2026-05-05T20:07:59.117+0530","caller":"models/HypertestYamlConfig.go:902","msg":"\nExecution Plan"}
{"level":"info","time":"2026-05-05T20:07:59.117+0530","caller":"models/HypertestYamlConfig.go:703","msg":"Mode:    autosplit"}
{"level":"info","time":"2026-05-05T20:07:59.117+0530","caller":"models/HypertestYamlConfig.go:755","msg":"Parallelism:     6"}
{"level":"info","time":"2026-05-05T20:07:59.117+0530","caller":"models/HypertestYamlConfig.go:763","msg":"Runson:    linux"}
{"level":"info","time":"2026-05-05T20:07:59.117+0530","caller":"models/HypertestYamlConfig.go:771","msg":"Concurrency:    6"}
{"level":"info","time":"2026-05-05T20:07:59.117+0530","caller":"models/HypertestYamlConfig.go:835","msg":"Report:    enabled"}
{"level":"info","time":"2026-05-05T20:07:59.117+0530","caller":"models/HypertestYamlConfig.go:915","msg":""}
{"level":"debug","time":"2026-05-05T20:07:59.117+0530","caller":"filevalidator/setup.go:49","msg":"Warning: Checking data.json file in current directory, no dataJsonPath found in .hyperexecute.yaml"}
{"level":"debug","time":"2026-05-05T20:07:59.117+0530","caller":"filevalidator/setup.go:53","msg":"Warning: data.json file doesn't exist"}
{"level":"error","time":"2026-05-05T20:07:59.117+0530","caller":"core/lifecycle.go:155","msg":"2026-05-05T20:07:56+05:30    error    either provide project ID or project name and type in the yaml    Error while validating project"}
{"level":"debug","time":"2026-05-05T20:07:59.117+0530","caller":"core/lifecycle.go:59","msg":"Quit requested from main goroutine...."}
{"level":"debug","time":"2026-05-05T20:07:59.117+0530","caller":"core/lifecycle.go:60","msg":"Waiting for the goroutines to exit"}
{"level":"debug","time":"2026-05-05T20:07:59.117+0530","caller":"core/lifecycle.go:63","msg":"All lifecycle goroutines exited"}
{"level":"debug","time":"2026-05-05T20:07:59.118+0530","caller":"cmd/bin.go:400","msg":"Exiting application due to error either provide project ID or project name and type in the yaml"}
{"level":"debug","time":"2026-05-05T20:07:59.118+0530","caller":"cmd/bin.go:361","msg":"main: all goroutines have finished."}
{"level":"warn","time":"2026-05-05T20:26:45.567+0530","caller":"globalconfigvalidator/setup.go:45","msg":"Found user credentials in env and cli flag both, credentials in env will be ignored"}
{"level":"warn","time":"2026-05-05T20:26:45.567+0530","caller":"globalconfigvalidator/setup.go:50","msg":"Found key credentials in env and cli flag both, credentials in env will be ignored"}
{"level":"debug","time":"2026-05-05T20:26:45.603+0530","caller":"config/model.go:120","msg":"Found dashboard host hyperexecute-onprem-dashboard.hyperexecute.cloud"}
{"level":"debug","time":"2026-05-05T20:26:45.619+0530","caller":"config/model.go:131","msg":"Found auth host hyperexecute-onprem-auth.hyperexecute.cloud"}
{"level":"warn","time":"2026-05-05T20:27:30.623+0530","caller":"globalconfigvalidator/setup.go:45","msg":"Found user credentials in env and cli flag both, credentials in env will be ignored"}
{"level":"warn","time":"2026-05-05T20:27:30.623+0530","caller":"globalconfigvalidator/setup.go:50","msg":"Found key credentials in env and cli flag both, credentials in env will be ignored"}
{"level":"debug","time":"2026-05-05T20:27:30.686+0530","caller":"config/model.go:120","msg":"Found dashboard host hyperexecute-onprem-dashboard.hyperexecute.cloud"}
{"level":"debug","time":"2026-05-05T20:27:30.701+0530","caller":"config/model.go:131","msg":"Found auth host hyperexecute-onprem-auth.hyperexecute.cloud"}
{"level":"debug","time":"2026-05-05T20:27:30.974+0530","caller":"cmd/bin.go:145","msg":"cli os: darwin, cli arch: arm64"}
{"level":"debug","time":"2026-05-05T20:27:31.293+0530","caller":"cmd/bin.go:154","msg":"Upstream version details: {Name:cli Min:0.2.310 Max:0.2.320} "}
{"level":"info","time":"2026-05-05T20:27:31.294+0530","caller":"cmd/bin.go:202","msg":"Generating TraceID for tracking request: 01KQWA9TFYB4REMC51MS9ZQC25 \n"}
{"level":"warn","time":"2026-05-05T20:27:31.296+0530","caller":"globalconfigvalidator/setup.go:45","msg":"Found user credentials in env and cli flag both, credentials in env will be ignored"}
{"level":"warn","time":"2026-05-05T20:27:31.296+0530","caller":"globalconfigvalidator/setup.go:50","msg":"Found key credentials in env and cli flag both, credentials in env will be ignored"}
{"level":"debug","time":"2026-05-05T20:27:32.702+0530","caller":"core/lifecycle.go:107","msg":"Setting environment"}
{"level":"debug","time":"2026-05-05T20:27:32.703+0530","caller":"core/lifecycle.go:110","msg":"Parsing config"}
{"level":"debug","time":"2026-05-05T20:27:32.703+0530","caller":"yamlconfigmanager/setup.go:724","msg":"Custom location for .hyperexecute.yaml specified. Using: /Users/anmolg/Desktop/Projects/HyperExecute/junit-selenium-hyperexecute-sample-main/yaml/linux/junit_onprem_autosplit.yaml"}
{"level":"debug","time":"2026-05-05T20:27:32.703+0530","caller":"yamlconfigmanager/setup.go:116","msg":"using hyperexecute config from : /Users/anmolg/Desktop/Projects/HyperExecute/junit-selenium-hyperexecute-sample-main/yaml/linux/junit_onprem_autosplit.yaml"}
{"level":"debug","time":"2026-05-05T20:27:33.067+0530","caller":"yamlconfigmanager/setup.go:2137","msg":"Autodetecting test type in files of path : /Users/anmolg/Desktop/Projects/HyperExecute/junit-selenium-hyperexecute-sample-main"}
{"level":"debug","time":"2026-05-05T20:27:33.068+0530","caller":"yamlconfigmanager/setup.go:546","msg":"Tunnel: false"}
{"level":"info","time":"2026-05-05T20:27:33.068+0530","caller":"models/HypertestYamlConfig.go:902","msg":"\nExecution Plan"}
{"level":"info","time":"2026-05-05T20:27:33.068+0530","caller":"models/HypertestYamlConfig.go:703","msg":"Mode:    autosplit"}
{"level":"info","time":"2026-05-05T20:27:33.068+0530","caller":"models/HypertestYamlConfig.go:755","msg":"Parallelism:     6"}
{"level":"info","time":"2026-05-05T20:27:33.068+0530","caller":"models/HypertestYamlConfig.go:763","msg":"Runson:    linux"}
{"level":"info","time":"2026-05-05T20:27:33.068+0530","caller":"models/HypertestYamlConfig.go:771","msg":"Concurrency:    6"}
{"level":"info","time":"2026-05-05T20:27:33.068+0530","caller":"models/HypertestYamlConfig.go:835","msg":"Report:    enabled"}
{"level":"info","time":"2026-05-05T20:27:33.068+0530","caller":"models/HypertestYamlConfig.go:915","msg":""}
{"level":"debug","time":"2026-05-05T20:27:33.068+0530","caller":"filevalidator/setup.go:49","msg":"Warning: Checking data.json file in current directory, no dataJsonPath found in .hyperexecute.yaml"}
{"level":"debug","time":"2026-05-05T20:27:33.069+0530","caller":"filevalidator/setup.go:53","msg":"Warning: data.json file doesn't exist"}
{"level":"debug","time":"2026-05-05T20:27:33.973+0530","caller":"core/lifecycle.go:527","msg":"Job ID: 23a95e3d-7ff5-4d4f-a95f-14ea106257e3"}
{"level":"debug","time":"2026-05-05T20:27:33.973+0530","caller":"core/lifecycle.go:530","msg":"User - onpremezztt, triggered job with ID 23a95e3d-7ff5-4d4f-a95f-14ea106257e3 from CLI"}
{"level":"debug","time":"2026-05-05T20:27:33.973+0530","caller":"events/manager.go:97","msg":"Starting event manager"}
{"level":"debug","time":"2026-05-05T20:27:33.973+0530","caller":"events/manager.go:99","msg":"SSE enabled, getting SSE connection"}
{"level":"debug","time":"2026-05-05T20:27:33.975+0530","caller":"archivemanager/setup.go:339","msg":"digestMap: map[]"}
{"level":"debug","time":"2026-05-05T20:27:33.975+0530","caller":"archivemanager/setup.go:345","msg":"Creating archive of target directory: /Users/anmolg/Desktop/Projects/HyperExecute/junit-selenium-hyperexecute-sample-main"}
{"level":"debug","time":"2026-05-05T20:27:34.010+0530","caller":"core/lifecycle.go:684","msg":"Zip file size: 226.11 kB"}
{"level":"debug","time":"2026-05-05T20:27:34.010+0530","caller":"core/lifecycle.go:694","msg":"Archive location: /Users/anmolg/Desktop/Projects/HyperExecute/junit-selenium-hyperexecute-sample-main/hyperexecute-code-23a95e3d-7ff5-4d4f-a95f-14ea106257e3.zip\n"}
{"level":"debug","time":"2026-05-05T20:27:34.010+0530","caller":"storage/azure.go:59","msg":"Payload size: 226.11 kB, source path /Users/anmolg/Desktop/Projects/HyperExecute/junit-selenium-hyperexecute-sample-main/hyperexecute-code-23a95e3d-7ff5-4d4f-a95f-14ea106257e3.zip"}
{"level":"info","time":"2026-05-05T20:27:34.010+0530","caller":"storage/azure.go:154","msg":"Uploading file using azure sdk"}
{"level":"debug","time":"2026-05-05T20:27:34.248+0530","caller":"events/manager.go:312","msg":"Error Connecting to hyperexecute Server: request failed: response validation failed: expected status code 200 OK, received 503 Service Unavailable, Reconnecting!!"}
{"level":"info","time":"2026-05-05T20:27:36.031+0530","caller":"storage/azure.go:178","msg":"File: /Users/anmolg/Desktop/Projects/HyperExecute/junit-selenium-hyperexecute-sample-main/hyperexecute-code-23a95e3d-7ff5-4d4f-a95f-14ea106257e3.zip upload completed in 2.021183333s"}
{"level":"info","time":"2026-05-05T20:27:36.031+0530","caller":"storage/azure.go:116","msg":"File: /Users/anmolg/Desktop/Projects/HyperExecute/junit-selenium-hyperexecute-sample-main/hyperexecute-code-23a95e3d-7ff5-4d4f-a95f-14ea106257e3.zip upload completed in 2.021500167s"}
{"level":"debug","time":"2026-05-05T20:27:36.033+0530","caller":"receptionmanager/setup.go:281","msg":"only one runtime entry detected, mapping it to older yaml format"}
{"level":"debug","time":"2026-05-05T20:27:36.034+0530","caller":"receptionmanager/setup.go:310","msg":"only one partialreports entry detected, mapping it to older yaml format"}
{"level":"debug","time":"2026-05-05T20:27:36.037+0530","caller":"receptionmanager/setup.go:185","msg":"Uploading yaml : /Users/anmolg/Desktop/Projects/HyperExecute/junit-selenium-hyperexecute-sample-main/.updatedhyperexecute.yaml"}
{"level":"debug","time":"2026-05-05T20:27:36.037+0530","caller":"storage/azure.go:59","msg":"Payload size: 3.98 kB, source path /Users/anmolg/Desktop/Projects/HyperExecute/junit-selenium-hyperexecute-sample-main/.updatedhyperexecute.yaml"}
{"level":"info","time":"2026-05-05T20:27:36.037+0530","caller":"storage/azure.go:154","msg":"Uploading file using azure sdk"}
{"level":"info","time":"2026-05-05T20:27:36.271+0530","caller":"storage/azure.go:178","msg":"File: /Users/anmolg/Desktop/Projects/HyperExecute/junit-selenium-hyperexecute-sample-main/.updatedhyperexecute.yaml upload completed in 233.820583ms"}
{"level":"info","time":"2026-05-05T20:27:36.272+0530","caller":"storage/azure.go:116","msg":"File: /Users/anmolg/Desktop/Projects/HyperExecute/junit-selenium-hyperexecute-sample-main/.updatedhyperexecute.yaml upload completed in 234.403792ms"}
{"level":"debug","time":"2026-05-05T20:27:36.272+0530","caller":"core/lifecycle.go:721","msg":"Successfully deleted code archive: /Users/anmolg/Desktop/Projects/HyperExecute/junit-selenium-hyperexecute-sample-main/hyperexecute-code-23a95e3d-7ff5-4d4f-a95f-14ea106257e3.zip\n"}
{"level":"debug","time":"2026-05-05T20:27:36.274+0530","caller":"storage/azure.go:59","msg":"Payload size: 675 B, source path /Users/anmolg/Desktop/Projects/HyperExecute/junit-selenium-hyperexecute-sample-main/yaml/linux/mask-23a95e3d-7ff5-4d4f-a95f-14ea106257e3.yaml"}
{"level":"info","time":"2026-05-05T20:27:36.274+0530","caller":"storage/azure.go:154","msg":"Uploading file using azure sdk"}
{"level":"info","time":"2026-05-05T20:27:36.507+0530","caller":"storage/azure.go:178","msg":"File: /Users/anmolg/Desktop/Projects/HyperExecute/junit-selenium-hyperexecute-sample-main/yaml/linux/mask-23a95e3d-7ff5-4d4f-a95f-14ea106257e3.yaml upload completed in 232.438458ms"}
{"level":"info","time":"2026-05-05T20:27:36.507+0530","caller":"storage/azure.go:116","msg":"File: /Users/anmolg/Desktop/Projects/HyperExecute/junit-selenium-hyperexecute-sample-main/yaml/linux/mask-23a95e3d-7ff5-4d4f-a95f-14ea106257e3.yaml upload completed in 232.881209ms"}
{"level":"info","time":"2026-05-05T20:27:41.215+0530","caller":"jobmanager/sse_setup.go:86","msg":"\nJob 23a95e3d-7ff5-4d4f-a95f-14ea106257e3 has INITIATED"}
{"level":"info","time":"2026-05-05T20:27:41.215+0530","caller":"jobmanager/manager.go:138","msg":"Job Link: https://hyperexecute-onprem-dashboard.hyperexecute.cloud/hyperexecute/task?jobId=23a95e3d-7ff5-4d4f-a95f-14ea106257e3\n"}
{"level":"debug","time":"2026-05-05T20:27:44.474+0530","caller":"events/manager.go:312","msg":"Error Connecting to hyperexecute Server: request failed: response validation failed: expected status code 200 OK, received 503 Service Unavailable, Reconnecting!!"}
{"level":"debug","time":"2026-05-05T20:27:46.886+0530","caller":"cmd/bin.go:145","msg":"cli os: darwin, cli arch: arm64"}
{"level":"debug","time":"2026-05-05T20:27:47.280+0530","caller":"cmd/bin.go:154","msg":"Upstream version details: {Name:cli Min:0.2.310 Max:0.2.320} "}
{"level":"info","time":"2026-05-05T20:27:47.281+0530","caller":"cmd/bin.go:202","msg":"Generating TraceID for tracking request: 01KQWA8EFYNGBHMCSC6YE0RHR3 \n"}
{"level":"warn","time":"2026-05-05T20:27:47.283+0530","caller":"globalconfigvalidator/setup.go:45","msg":"Found user credentials in env and cli flag both, credentials in env will be ignored"}
{"level":"warn","time":"2026-05-05T20:27:47.284+0530","caller":"globalconfigvalidator/setup.go:50","msg":"Found key credentials in env and cli flag both, credentials in env will be ignored"}
{"level":"debug","time":"2026-05-05T20:27:48.610+0530","caller":"core/lifecycle.go:107","msg":"Setting environment"}
{"level":"debug","time":"2026-05-05T20:27:48.610+0530","caller":"core/lifecycle.go:110","msg":"Parsing config"}
{"level":"debug","time":"2026-05-05T20:27:48.610+0530","caller":"yamlconfigmanager/setup.go:724","msg":"Custom location for .hyperexecute.yaml specified. Using: /Users/anmolg/Desktop/Projects/HyperExecute/junit-selenium-hyperexecute-sample-main/yaml/linux/junit_onprem_autosplit.yaml"}
{"level":"debug","time":"2026-05-05T20:27:48.610+0530","caller":"yamlconfigmanager/setup.go:116","msg":"using hyperexecute config from : /Users/anmolg/Desktop/Projects/HyperExecute/junit-selenium-hyperexecute-sample-main/yaml/linux/junit_onprem_autosplit.yaml"}
{"level":"debug","time":"2026-05-05T20:27:48.899+0530","caller":"yamlconfigmanager/setup.go:2137","msg":"Autodetecting test type in files of path : /Users/anmolg/Desktop/Projects/HyperExecute/junit-selenium-hyperexecute-sample-main"}
{"level":"debug","time":"2026-05-05T20:27:48.901+0530","caller":"yamlconfigmanager/setup.go:546","msg":"Tunnel: false"}
{"level":"info","time":"2026-05-05T20:27:48.901+0530","caller":"models/HypertestYamlConfig.go:902","msg":"\nExecution Plan"}
{"level":"info","time":"2026-05-05T20:27:48.901+0530","caller":"models/HypertestYamlConfig.go:703","msg":"Mode:    autosplit"}
{"level":"info","time":"2026-05-05T20:27:48.901+0530","caller":"models/HypertestYamlConfig.go:755","msg":"Parallelism:     6"}
{"level":"info","time":"2026-05-05T20:27:48.901+0530","caller":"models/HypertestYamlConfig.go:763","msg":"Runson:    linux"}
{"level":"info","time":"2026-05-05T20:27:48.901+0530","caller":"models/HypertestYamlConfig.go:771","msg":"Concurrency:    6"}
{"level":"info","time":"2026-05-05T20:27:48.901+0530","caller":"models/HypertestYamlConfig.go:835","msg":"Report:    enabled"}
{"level":"info","time":"2026-05-05T20:27:48.901+0530","caller":"models/HypertestYamlConfig.go:915","msg":""}
{"level":"debug","time":"2026-05-05T20:27:48.901+0530","caller":"filevalidator/setup.go:49","msg":"Warning: Checking data.json file in current directory, no dataJsonPath found in .hyperexecute.yaml"}
{"level":"debug","time":"2026-05-05T20:27:48.901+0530","caller":"filevalidator/setup.go:53","msg":"Warning: data.json file doesn't exist"}
{"level":"debug","time":"2026-05-05T20:27:49.736+0530","caller":"core/lifecycle.go:527","msg":"Job ID: ae7c4944-28a4-42bb-a0bb-2efb76d14852"}
{"level":"debug","time":"2026-05-05T20:27:49.736+0530","caller":"core/lifecycle.go:530","msg":"User - onpremezztt, triggered job with ID ae7c4944-28a4-42bb-a0bb-2efb76d14852 from CLI"}
{"level":"debug","time":"2026-05-05T20:27:49.736+0530","caller":"events/manager.go:97","msg":"Starting event manager"}
{"level":"debug","time":"2026-05-05T20:27:49.737+0530","caller":"events/manager.go:99","msg":"SSE enabled, getting SSE connection"}
{"level":"debug","time":"2026-05-05T20:27:49.738+0530","caller":"archivemanager/setup.go:339","msg":"digestMap: map[]"}
{"level":"debug","time":"2026-05-05T20:27:49.738+0530","caller":"archivemanager/setup.go:345","msg":"Creating archive of target directory: /Users/anmolg/Desktop/Projects/HyperExecute/junit-selenium-hyperexecute-sample-main"}
{"level":"debug","time":"2026-05-05T20:27:49.771+0530","caller":"core/lifecycle.go:684","msg":"Zip file size: 226.11 kB"}
{"level":"debug","time":"2026-05-05T20:27:49.771+0530","caller":"core/lifecycle.go:694","msg":"Archive location: /Users/anmolg/Desktop/Projects/HyperExecute/junit-selenium-hyperexecute-sample-main/hyperexecute-code-ae7c4944-28a4-42bb-a0bb-2efb76d14852.zip\n"}
{"level":"debug","time":"2026-05-05T20:27:49.771+0530","caller":"storage/azure.go:59","msg":"Payload size: 226.11 kB, source path /Users/anmolg/Desktop/Projects/HyperExecute/junit-selenium-hyperexecute-sample-main/hyperexecute-code-ae7c4944-28a4-42bb-a0bb-2efb76d14852.zip"}
{"level":"info","time":"2026-05-05T20:27:49.771+0530","caller":"storage/azure.go:154","msg":"Uploading file using azure sdk"}
{"level":"debug","time":"2026-05-05T20:27:50.029+0530","caller":"events/manager.go:312","msg":"Error Connecting to hyperexecute Server: request failed: response validation failed: expected status code 200 OK, received 503 Service Unavailable, Reconnecting!!"}
{"level":"info","time":"2026-05-05T20:27:51.330+0530","caller":"storage/azure.go:178","msg":"File: /Users/anmolg/Desktop/Projects/HyperExecute/junit-selenium-hyperexecute-sample-main/hyperexecute-code-ae7c4944-28a4-42bb-a0bb-2efb76d14852.zip upload completed in 1.558815041s"}
{"level":"info","time":"2026-05-05T20:27:51.331+0530","caller":"storage/azure.go:116","msg":"File: /Users/anmolg/Desktop/Projects/HyperExecute/junit-selenium-hyperexecute-sample-main/hyperexecute-code-ae7c4944-28a4-42bb-a0bb-2efb76d14852.zip upload completed in 1.559144875s"}
{"level":"debug","time":"2026-05-05T20:27:51.333+0530","caller":"receptionmanager/setup.go:281","msg":"only one runtime entry detected, mapping it to older yaml format"}
{"level":"debug","time":"2026-05-05T20:27:51.334+0530","caller":"receptionmanager/setup.go:310","msg":"only one partialreports entry detected, mapping it to older yaml format"}
{"level":"debug","time":"2026-05-05T20:27:51.336+0530","caller":"receptionmanager/setup.go:185","msg":"Uploading yaml : /Users/anmolg/Desktop/Projects/HyperExecute/junit-selenium-hyperexecute-sample-main/.updatedhyperexecute.yaml"}
{"level":"debug","time":"2026-05-05T20:27:51.336+0530","caller":"storage/azure.go:59","msg":"Payload size: 3.98 kB, source path /Users/anmolg/Desktop/Projects/HyperExecute/junit-selenium-hyperexecute-sample-main/.updatedhyperexecute.yaml"}
{"level":"info","time":"2026-05-05T20:27:51.336+0530","caller":"storage/azure.go:154","msg":"Uploading file using azure sdk"}
{"level":"info","time":"2026-05-05T20:27:51.559+0530","caller":"storage/azure.go:178","msg":"File: /Users/anmolg/Desktop/Projects/HyperExecute/junit-selenium-hyperexecute-sample-main/.updatedhyperexecute.yaml upload completed in 222.912875ms"}
{"level":"info","time":"2026-05-05T20:27:51.559+0530","caller":"storage/azure.go:116","msg":"File: /Users/anmolg/Desktop/Projects/HyperExecute/junit-selenium-hyperexecute-sample-main/.updatedhyperexecute.yaml upload completed in 223.369958ms"}
{"level":"debug","time":"2026-05-05T20:27:51.560+0530","caller":"core/lifecycle.go:721","msg":"Successfully deleted code archive: /Users/anmolg/Desktop/Projects/HyperExecute/junit-selenium-hyperexecute-sample-main/hyperexecute-code-ae7c4944-28a4-42bb-a0bb-2efb76d14852.zip\n"}
{"level":"debug","time":"2026-05-05T20:27:51.561+0530","caller":"storage/azure.go:59","msg":"Payload size: 675 B, source path /Users/anmolg/Desktop/Projects/HyperExecute/junit-selenium-hyperexecute-sample-main/yaml/linux/mask-ae7c4944-28a4-42bb-a0bb-2efb76d14852.yaml"}
{"level":"info","time":"2026-05-05T20:27:51.561+0530","caller":"storage/azure.go:154","msg":"Uploading file using azure sdk"}
{"level":"info","time":"2026-05-05T20:27:51.784+0530","caller":"storage/azure.go:178","msg":"File: /Users/anmolg/Desktop/Projects/HyperExecute/junit-selenium-hyperexecute-sample-main/yaml/linux/mask-ae7c4944-28a4-42bb-a0bb-2efb76d14852.yaml upload completed in 222.984791ms"}
{"level":"info","time":"2026-05-05T20:27:51.784+0530","caller":"storage/azure.go:116","msg":"File: /Users/anmolg/Desktop/Projects/HyperExecute/junit-selenium-hyperexecute-sample-main/yaml/linux/mask-ae7c4944-28a4-42bb-a0bb-2efb76d14852.yaml upload completed in 223.29325ms"}
{"level":"info","time":"2026-05-05T20:27:52.652+0530","caller":"jobmanager/sse_setup.go:86","msg":"\nJob ae7c4944-28a4-42bb-a0bb-2efb76d14852 has INITIATED"}
{"level":"info","time":"2026-05-05T20:27:52.652+0530","caller":"jobmanager/manager.go:138","msg":"Job Link: https://hyperexecute-onprem-dashboard.hyperexecute.cloud/hyperexecute/task?jobId=ae7c4944-28a4-42bb-a0bb-2efb76d14852\n"}
{"level":"debug","time":"2026-05-05T20:27:54.705+0530","caller":"events/manager.go:312","msg":"Error Connecting to hyperexecute Server: request failed: response validation failed: expected status code 200 OK, received 503 Service Unavailable, Reconnecting!!"}
{"level":"debug","time":"2026-05-05T20:28:00.290+0530","caller":"events/manager.go:312","msg":"Error Connecting to hyperexecute Server: request failed: response validation failed: expected status code 200 OK, received 503 Service Unavailable, Reconnecting!!"}
{"level":"debug","time":"2026-05-05T20:28:03.975+0530","caller":"events/manager.go:356","msg":"No new messages received from SSE for jobID: 23a95e3d-7ff5-4d4f-a95f-14ea106257e3. Fetching from APIs"}
{"level":"debug","time":"2026-05-05T20:28:04.930+0530","caller":"events/manager.go:312","msg":"Error Connecting to hyperexecute Server: request failed: response validation failed: expected status code 200 OK, received 503 Service Unavailable, Reconnecting!!"}
{"level":"debug","time":"2026-05-05T20:28:10.627+0530","caller":"events/manager.go:312","msg":"Error Connecting to hyperexecute Server: request failed: response validation failed: expected status code 200 OK, received 503 Service Unavailable, Reconnecting!!"}
{"level":"debug","time":"2026-05-05T20:28:15.157+0530","caller":"events/manager.go:312","msg":"Error Connecting to hyperexecute Server: request failed: response validation failed: expected status code 200 OK, received 503 Service Unavailable, Reconnecting!!"}
{"level":"debug","time":"2026-05-05T20:28:19.738+0530","caller":"events/manager.go:356","msg":"No new messages received from SSE for jobID: ae7c4944-28a4-42bb-a0bb-2efb76d14852. Fetching from APIs"}
{"level":"debug","time":"2026-05-05T20:28:20.890+0530","caller":"events/manager.go:312","msg":"Error Connecting to hyperexecute Server: request failed: response validation failed: expected status code 200 OK, received 503 Service Unavailable, Reconnecting!!"}
{"level":"debug","time":"2026-05-05T20:28:25.387+0530","caller":"events/manager.go:312","msg":"Error Connecting to hyperexecute Server: request failed: response validation failed: expected status code 200 OK, received 503 Service Unavailable, Reconnecting!!"}
{"level":"debug","time":"2026-05-05T20:28:31.142+0530","caller":"events/manager.go:312","msg":"Error Connecting to hyperexecute Server: request failed: response validation failed: expected status code 200 OK, received 503 Service Unavailable, Reconnecting!!"}
{"level":"debug","time":"2026-05-05T20:28:34.595+0530","caller":"events/manager.go:356","msg":"No new messages received from SSE for jobID: 23a95e3d-7ff5-4d4f-a95f-14ea106257e3. Fetching from APIs"}
{"level":"debug","time":"2026-05-05T20:28:35.629+0530","caller":"events/manager.go:312","msg":"Error Connecting to hyperexecute Server: request failed: response validation failed: expected status code 200 OK, received 503 Service Unavailable, Reconnecting!!"}
{"level":"debug","time":"2026-05-05T20:28:41.392+0530","caller":"events/manager.go:312","msg":"Error Connecting to hyperexecute Server: request failed: response validation failed: expected status code 200 OK, received 503 Service Unavailable, Reconnecting!!"}
{"level":"debug","time":"2026-05-05T20:28:45.900+0530","caller":"events/manager.go:312","msg":"Error Connecting to hyperexecute Server: request failed: response validation failed: expected status code 200 OK, received 503 Service Unavailable, Reconnecting!!"}
{"level":"debug","time":"2026-05-05T20:28:50.359+0530","caller":"events/manager.go:356","msg":"No new messages received from SSE for jobID: ae7c4944-28a4-42bb-a0bb-2efb76d14852. Fetching from APIs"}
{"level":"debug","time":"2026-05-05T20:28:52.636+0530","caller":"events/manager.go:312","msg":"Error Connecting to hyperexecute Server: request failed: response validation failed: expected status code 200 OK, received 503 Service Unavailable, Reconnecting!!"}
{"level":"debug","time":"2026-05-05T20:28:56.155+0530","caller":"events/manager.go:312","msg":"Error Connecting to hyperexecute Server: request failed: response validation failed: expected status code 200 OK, received 503 Service Unavailable, Reconnecting!!"}
{"level":"debug","time":"2026-05-05T20:29:02.863+0530","caller":"events/manager.go:312","msg":"Error Connecting to hyperexecute Server: request failed: response validation failed: expected status code 200 OK, received 503 Service Unavailable, Reconnecting!!"}
{"level":"debug","time":"2026-05-05T20:29:05.237+0530","caller":"events/manager.go:356","msg":"No new messages received from SSE for jobID: 23a95e3d-7ff5-4d4f-a95f-14ea106257e3. Fetching from APIs"}
{"level":"debug","time":"2026-05-05T20:29:06.404+0530","caller":"events/manager.go:312","msg":"Error Connecting to hyperexecute Server: request failed: response validation failed: expected status code 200 OK, received 503 Service Unavailable, Reconnecting!!"}
{"level":"debug","time":"2026-05-05T20:29:13.091+0530","caller":"events/manager.go:312","msg":"Error Connecting to hyperexecute Server: request failed: response validation failed: expected status code 200 OK, received 503 Service Unavailable, Reconnecting!!"}
{"level":"debug","time":"2026-05-05T20:29:16.628+0530","caller":"events/manager.go:312","msg":"Error Connecting to hyperexecute Server: request failed: response validation failed: expected status code 200 OK, received 503 Service Unavailable, Reconnecting!!"}
{"level":"debug","time":"2026-05-05T20:29:21.207+0530","caller":"events/manager.go:356","msg":"No new messages received from SSE for jobID: ae7c4944-28a4-42bb-a0bb-2efb76d14852. Fetching from APIs"}
{"level":"debug","time":"2026-05-05T20:29:23.318+0530","caller":"events/manager.go:312","msg":"Error Connecting to hyperexecute Server: request failed: response validation failed: expected status code 200 OK, received 503 Service Unavailable, Reconnecting!!"}
{"level":"debug","time":"2026-05-05T20:29:26.856+0530","caller":"events/manager.go:312","msg":"Error Connecting to hyperexecute Server: request failed: response validation failed: expected status code 200 OK, received 503 Service Unavailable, Reconnecting!!"}
{"level":"debug","time":"2026-05-05T20:29:33.546+0530","caller":"events/manager.go:312","msg":"Error Connecting to hyperexecute Server: request failed: response validation failed: expected status code 200 OK, received 503 Service Unavailable, Reconnecting!!"}
{"level":"debug","time":"2026-05-05T20:29:35.877+0530","caller":"events/manager.go:356","msg":"No new messages received from SSE for jobID: 23a95e3d-7ff5-4d4f-a95f-14ea106257e3. Fetching from APIs"}
{"level":"debug","time":"2026-05-05T20:29:37.081+0530","caller":"events/manager.go:312","msg":"Error Connecting to hyperexecute Server: request failed: response validation failed: expected status code 200 OK, received 503 Service Unavailable, Reconnecting!!"}
{"level":"debug","time":"2026-05-05T20:29:43.820+0530","caller":"events/manager.go:312","msg":"Error Connecting to hyperexecute Server: request failed: response validation failed: expected status code 200 OK, received 503 Service Unavailable, Reconnecting!!"}
{"level":"debug","time":"2026-05-05T20:29:47.377+0530","caller":"events/manager.go:312","msg":"Error Connecting to hyperexecute Server: request failed: response validation failed: expected status code 200 OK, received 503 Service Unavailable, Reconnecting!!"}
{"level":"debug","time":"2026-05-05T20:29:52.104+0530","caller":"events/manager.go:356","msg":"No new messages received from SSE for jobID: ae7c4944-28a4-42bb-a0bb-2efb76d14852. Fetching from APIs"}
{"level":"debug","time":"2026-05-05T20:29:54.052+0530","caller":"events/manager.go:312","msg":"Error Connecting to hyperexecute Server: request failed: response validation failed: expected status code 200 OK, received 503 Service Unavailable, Reconnecting!!"}
{"level":"debug","time":"2026-05-05T20:29:57.635+0530","caller":"events/manager.go:312","msg":"Error Connecting to hyperexecute Server: request failed: response validation failed: expected status code 200 OK, received 503 Service Unavailable, Reconnecting!!"}
{"level":"debug","time":"2026-05-05T20:30:06.522+0530","caller":"events/manager.go:356","msg":"No new messages received from SSE for jobID: 23a95e3d-7ff5-4d4f-a95f-14ea106257e3. Fetching from APIs"}
{"level":"debug","time":"2026-05-05T20:30:07.863+0530","caller":"events/manager.go:312","msg":"Error Connecting to hyperexecute Server: request failed: response validation failed: expected status code 200 OK, received 503 Service Unavailable, Reconnecting!!"}
{"level":"debug","time":"2026-05-05T20:30:18.947+0530","caller":"events/manager.go:312","msg":"Error Connecting to hyperexecute Server: request failed: response validation failed: expected status code 200 OK, received 503 Service Unavailable, Reconnecting!!"}
{"level":"debug","time":"2026-05-05T20:30:22.753+0530","caller":"events/manager.go:356","msg":"No new messages received from SSE for jobID: ae7c4944-28a4-42bb-a0bb-2efb76d14852. Fetching from APIs"}
{"level":"debug","time":"2026-05-05T20:30:29.201+0530","caller":"events/manager.go:312","msg":"Error Connecting to hyperexecute Server: request failed: response validation failed: expected status code 200 OK, received 503 Service Unavailable, Reconnecting!!"}
{"level":"debug","time":"2026-05-05T20:30:37.165+0530","caller":"events/manager.go:356","msg":"No new messages received from SSE for jobID: 23a95e3d-7ff5-4d4f-a95f-14ea106257e3. Fetching from APIs"}
{"level":"debug","time":"2026-05-05T20:30:39.519+0530","caller":"events/manager.go:312","msg":"Error Connecting to hyperexecute Server: request failed: response validation failed: expected status code 200 OK, received 503 Service Unavailable, Reconnecting!!"}
{"level":"debug","time":"2026-05-05T20:30:45.047+0530","caller":"events/manager.go:312","msg":"Error Connecting to hyperexecute Server: request failed: response validation failed: expected status code 200 OK, received 503 Service Unavailable, Reconnecting!!"}
{"level":"debug","time":"2026-05-05T20:30:49.781+0530","caller":"events/manager.go:312","msg":"Error Connecting to hyperexecute Server: request failed: response validation failed: expected status code 200 OK, received 503 Service Unavailable, Reconnecting!!"}
{"level":"debug","time":"2026-05-05T20:30:53.357+0530","caller":"events/manager.go:356","msg":"No new messages received from SSE for jobID: ae7c4944-28a4-42bb-a0bb-2efb76d14852. Fetching from APIs"}
{"level":"debug","time":"2026-05-05T20:30:55.390+0530","caller":"events/manager.go:312","msg":"Error Connecting to hyperexecute Server: request failed: response validation failed: expected status code 200 OK, received 503 Service Unavailable, Reconnecting!!"}
{"level":"debug","time":"2026-05-05T20:31:00.008+0530","caller":"events/manager.go:312","msg":"Error Connecting to hyperexecute Server: request failed: response validation failed: expected status code 200 OK, received 503 Service Unavailable, Reconnecting!!"}
{"level":"debug","time":"2026-05-05T20:31:05.648+0530","caller":"events/manager.go:312","msg":"Error Connecting to hyperexecute Server: request failed: response validation failed: expected status code 200 OK, received 503 Service Unavailable, Reconnecting!!"}
{"level":"debug","time":"2026-05-05T20:31:07.848+0530","caller":"events/manager.go:356","msg":"No new messages received from SSE for jobID: 23a95e3d-7ff5-4d4f-a95f-14ea106257e3. Fetching from APIs"}
{"level":"debug","time":"2026-05-05T20:31:10.243+0530","caller":"events/manager.go:312","msg":"Error Connecting to hyperexecute Server: request failed: response validation failed: expected status code 200 OK, received 503 Service Unavailable, Reconnecting!!"}
{"level":"debug","time":"2026-05-05T20:31:15.880+0530","caller":"events/manager.go:312","msg":"Error Connecting to hyperexecute Server: request failed: response validation failed: expected status code 200 OK, received 503 Service Unavailable, Reconnecting!!"}
{"level":"debug","time":"2026-05-05T20:31:20.494+0530","caller":"events/manager.go:312","msg":"Error Connecting to hyperexecute Server: request failed: response validation failed: expected status code 200 OK, received 503 Service Unavailable, Reconnecting!!"}
{"level":"debug","time":"2026-05-05T20:31:23.996+0530","caller":"events/manager.go:356","msg":"No new messages received from SSE for jobID: ae7c4944-28a4-42bb-a0bb-2efb76d14852. Fetching from APIs"}
{"level":"debug","time":"2026-05-05T20:31:26.112+0530","caller":"events/manager.go:312","msg":"Error Connecting to hyperexecute Server: request failed: response validation failed: expected status code 200 OK, received 503 Service Unavailable, Reconnecting!!"}
{"level":"debug","time":"2026-05-05T20:31:30.749+0530","caller":"events/manager.go:312","msg":"Error Connecting to hyperexecute Server: request failed: response validation failed: expected status code 200 OK, received 503 Service Unavailable, Reconnecting!!"}
{"level":"debug","time":"2026-05-05T20:31:36.339+0530","caller":"events/manager.go:312","msg":"Error Connecting to hyperexecute Server: request failed: response validation failed: expected status code 200 OK, received 503 Service Unavailable, Reconnecting!!"}
{"level":"debug","time":"2026-05-05T20:31:40.566+0530","caller":"events/manager.go:356","msg":"No new messages received from SSE for jobID: 23a95e3d-7ff5-4d4f-a95f-14ea106257e3. Fetching from APIs"}
{"level":"debug","time":"2026-05-05T20:31:40.998+0530","caller":"events/manager.go:312","msg":"Error Connecting to hyperexecute Server: request failed: response validation failed: expected status code 200 OK, received 503 Service Unavailable, Reconnecting!!"}
{"level":"debug","time":"2026-05-05T20:31:46.697+0530","caller":"events/manager.go:312","msg":"Error Connecting to hyperexecute Server: request failed: response validation failed: expected status code 200 OK, received 503 Service Unavailable, Reconnecting!!"}
{"level":"debug","time":"2026-05-05T20:31:51.250+0530","caller":"events/manager.go:312","msg":"Error Connecting to hyperexecute Server: request failed: response validation failed: expected status code 200 OK, received 503 Service Unavailable, Reconnecting!!"}
{"level":"debug","time":"2026-05-05T20:31:54.617+0530","caller":"events/manager.go:356","msg":"No new messages received from SSE for jobID: ae7c4944-28a4-42bb-a0bb-2efb76d14852. Fetching from APIs"}
{"level":"debug","time":"2026-05-05T20:31:56.066+0530","caller":"cmd/bin.go:369","msg":"main: received C-c - attempting graceful shutdown ...."}
{"level":"debug","time":"2026-05-05T20:31:56.066+0530","caller":"cmd/bin.go:370","msg":"Sending abort job signal to sentinel"}
{"level":"debug","time":"2026-05-05T20:31:56.066+0530","caller":"cmd/bin.go:376","msg":"Sending request to abort job"}
{"level":"debug","time":"2026-05-05T20:31:56.091+0530","caller":"cmd/bin.go:369","msg":"main: received C-c - attempting graceful shutdown ...."}
{"level":"debug","time":"2026-05-05T20:31:56.091+0530","caller":"cmd/bin.go:370","msg":"Sending abort job signal to sentinel"}
{"level":"debug","time":"2026-05-05T20:31:56.091+0530","caller":"cmd/bin.go:376","msg":"Sending request to abort job"}
{"level":"debug","time":"2026-05-05T20:31:57.036+0530","caller":"events/manager.go:312","msg":"Error Connecting to hyperexecute Server: request failed: response validation failed: expected status code 200 OK, received 503 Service Unavailable, Reconnecting!!"}
{"level":"debug","time":"2026-05-05T20:31:57.050+0530","caller":"cmd/bin.go:385","msg":"main: telling goroutines to stop"}
{"level":"debug","time":"2026-05-05T20:31:57.292+0530","caller":"cmd/bin.go:385","msg":"main: telling goroutines to stop"}
{"level":"warn","time":"2026-05-07T13:24:46.973+0530","caller":"globalconfigvalidator/setup.go:45","msg":"Found user credentials in env and cli flag both, credentials in env will be ignored"}
{"level":"warn","time":"2026-05-07T13:24:46.974+0530","caller":"globalconfigvalidator/setup.go:50","msg":"Found key credentials in env and cli flag both, credentials in env will be ignored"}
{"level":"debug","time":"2026-05-07T13:24:47.789+0530","caller":"cmd/bin.go:145","msg":"cli os: darwin, cli arch: arm64"}
{"level":"debug","time":"2026-05-07T13:24:48.597+0530","caller":"cmd/bin.go:154","msg":"Upstream version details: {Name:cli Min:0.2.265 Max:0.2.340} "}
{"level":"info","time":"2026-05-07T13:24:48.597+0530","caller":"cmd/bin.go:163","msg":"Current binary version 0.2.320 is less than max upstream version 0.2.340."}
{"level":"info","time":"2026-05-07T13:24:48.597+0530","caller":"updater/updater.go:63","msg":"Auto updating binary ..................."}
{"level":"debug","time":"2026-05-07T13:24:48.597+0530","caller":"updater/updater.go:64","msg":"Download url: https://downloads.hyperexecute.cloud/hyperexecute/cli/0.2.340/darwin/hyperexecute"}
{"level":"debug","time":"2026-05-07T13:24:58.903+0530","caller":"updater/updater.go:85","msg":"New binary downloaded successfully "}
{"level":"info","time":"2026-05-07T13:24:58.904+0530","caller":"cmd/bin.go:175","msg":"Update successfully installed. Restarting the binary..."}
{"level":"warn","time":"2026-05-07T13:24:59.747+0530","caller":"globalconfigvalidator/setup.go:45","msg":"Found user credentials in env and cli flag both, credentials in env will be ignored"}
{"level":"warn","time":"2026-05-07T13:24:59.747+0530","caller":"globalconfigvalidator/setup.go:50","msg":"Found key credentials in env and cli flag both, credentials in env will be ignored"}
{"level":"debug","time":"2026-05-07T13:25:00.459+0530","caller":"cmd/bin.go:145","msg":"cli os: darwin, cli arch: arm64"}
{"level":"debug","time":"2026-05-07T13:25:01.173+0530","caller":"cmd/bin.go:154","msg":"Upstream version details: {Name:cli Min:0.2.265 Max:0.2.340} "}
{"level":"info","time":"2026-05-07T13:25:01.173+0530","caller":"cmd/bin.go:202","msg":"Generating TraceID for tracking request: 01KR0PXKS2EE65HVXWFW4XSRM4 \n"}
{"level":"warn","time":"2026-05-07T13:25:01.175+0530","caller":"globalconfigvalidator/setup.go:45","msg":"Found user credentials in env and cli flag both, credentials in env will be ignored"}
{"level":"warn","time":"2026-05-07T13:25:01.176+0530","caller":"globalconfigvalidator/setup.go:50","msg":"Found key credentials in env and cli flag both, credentials in env will be ignored"}
{"level":"debug","time":"2026-05-07T13:25:04.101+0530","caller":"core/lifecycle.go:107","msg":"Setting environment"}
{"level":"debug","time":"2026-05-07T13:25:04.102+0530","caller":"core/lifecycle.go:110","msg":"Parsing config"}
{"level":"debug","time":"2026-05-07T13:25:04.102+0530","caller":"yamlconfigmanager/setup.go:725","msg":"Custom location for .hyperexecute.yaml specified. Using: /Users/anmolg/Desktop/Projects/HyperExecute/junit-selenium-hyperexecute-sample-main/yaml/linux/junit_hyperexecute_autosplit_sample.yaml"}
{"level":"debug","time":"2026-05-07T13:25:04.102+0530","caller":"yamlconfigmanager/setup.go:117","msg":"using hyperexecute config from : /Users/anmolg/Desktop/Projects/HyperExecute/junit-selenium-hyperexecute-sample-main/yaml/linux/junit_hyperexecute_autosplit_sample.yaml"}
{"level":"debug","time":"2026-05-07T13:25:06.016+0530","caller":"yamlconfigmanager/setup.go:2157","msg":"Autodetecting test type in files of path : /Users/anmolg/Desktop/Projects/HyperExecute/junit-selenium-hyperexecute-sample-main"}
{"level":"debug","time":"2026-05-07T13:25:06.017+0530","caller":"yamlconfigmanager/setup.go:547","msg":"Tunnel: false"}
{"level":"info","time":"2026-05-07T13:25:06.018+0530","caller":"models/HypertestYamlConfig.go:974","msg":"\nExecution Plan"}
{"level":"info","time":"2026-05-07T13:25:06.018+0530","caller":"models/HypertestYamlConfig.go:775","msg":"Mode:    autosplit"}
{"level":"info","time":"2026-05-07T13:25:06.018+0530","caller":"models/HypertestYamlConfig.go:827","msg":"Parallelism:     6"}
{"level":"info","time":"2026-05-07T13:25:06.018+0530","caller":"models/HypertestYamlConfig.go:835","msg":"Runson:    linux"}
{"level":"info","time":"2026-05-07T13:25:06.018+0530","caller":"models/HypertestYamlConfig.go:843","msg":"Concurrency:    6"}
{"level":"info","time":"2026-05-07T13:25:06.018+0530","caller":"models/HypertestYamlConfig.go:907","msg":"Report:    enabled"}
{"level":"info","time":"2026-05-07T13:25:06.018+0530","caller":"models/HypertestYamlConfig.go:987","msg":""}
{"level":"debug","time":"2026-05-07T13:25:06.018+0530","caller":"filevalidator/setup.go:49","msg":"Warning: Checking data.json file in current directory, no dataJsonPath found in .hyperexecute.yaml"}
{"level":"debug","time":"2026-05-07T13:25:06.018+0530","caller":"filevalidator/setup.go:53","msg":"Warning: data.json file doesn't exist"}
{"level":"debug","time":"2026-05-07T13:25:09.694+0530","caller":"core/lifecycle.go:527","msg":"Job ID: 65ec5d70-5c71-436a-b9b6-481b7fbb795b"}
{"level":"debug","time":"2026-05-07T13:25:09.694+0530","caller":"events/manager.go:97","msg":"Starting event manager"}
{"level":"debug","time":"2026-05-07T13:25:09.694+0530","caller":"events/manager.go:99","msg":"SSE enabled, getting SSE connection"}
{"level":"debug","time":"2026-05-07T13:25:09.694+0530","caller":"core/lifecycle.go:530","msg":"User - anmolgtestmuai, triggered job with ID 65ec5d70-5c71-436a-b9b6-481b7fbb795b from CLI"}
{"level":"debug","time":"2026-05-07T13:25:09.695+0530","caller":"archivemanager/setup.go:339","msg":"digestMap: map[]"}
{"level":"debug","time":"2026-05-07T13:25:09.695+0530","caller":"archivemanager/setup.go:345","msg":"Creating archive of target directory: /Users/anmolg/Desktop/Projects/HyperExecute/junit-selenium-hyperexecute-sample-main"}
{"level":"debug","time":"2026-05-07T13:25:09.720+0530","caller":"core/lifecycle.go:684","msg":"Zip file size: 226.04 kB"}
{"level":"debug","time":"2026-05-07T13:25:09.720+0530","caller":"core/lifecycle.go:694","msg":"Archive location: /Users/anmolg/Desktop/Projects/HyperExecute/junit-selenium-hyperexecute-sample-main/hyperexecute-code-65ec5d70-5c71-436a-b9b6-481b7fbb795b.zip\n"}
{"level":"debug","time":"2026-05-07T13:25:09.720+0530","caller":"storage/azure.go:60","msg":"Payload size: 226.04 kB, source path /Users/anmolg/Desktop/Projects/HyperExecute/junit-selenium-hyperexecute-sample-main/hyperexecute-code-65ec5d70-5c71-436a-b9b6-481b7fbb795b.zip"}
{"level":"debug","time":"2026-05-07T13:25:10.769+0530","caller":"events/manager.go:288","msg":"connection to hyperexecute server established successfully."}
{"level":"debug","time":"2026-05-07T13:25:14.643+0530","caller":"storage/azure.go:84","msg":"Azcopy output: \n\r0.0 %, 0 Done, 0 Failed, 1 Pending, 0 Skipped, 1 Total, 2-sec Throughput (Mb/s): 0.9038\r100.0 %, 1 Done, 0 Failed, 0 Pending, 0 Skipped, 1 Total,                              \nTotal time taken to upload(min) :0.0667\n, stderr: "}
{"level":"info","time":"2026-05-07T13:25:14.643+0530","caller":"storage/azure.go:123","msg":"File: /Users/anmolg/Desktop/Projects/HyperExecute/junit-selenium-hyperexecute-sample-main/hyperexecute-code-65ec5d70-5c71-436a-b9b6-481b7fbb795b.zip upload completed in 4.922904333s"}
{"level":"debug","time":"2026-05-07T13:25:14.643+0530","caller":"receptionmanager/setup.go:284","msg":"only one runtime entry detected, mapping it to older yaml format"}
{"level":"debug","time":"2026-05-07T13:25:14.643+0530","caller":"receptionmanager/setup.go:303","msg":"number of entries in partialreports: 1, switching to new yaml format"}
{"level":"debug","time":"2026-05-07T13:25:14.644+0530","caller":"receptionmanager/setup.go:188","msg":"Uploading yaml : /Users/anmolg/Desktop/Projects/HyperExecute/junit-selenium-hyperexecute-sample-main/.updatedhyperexecute.yaml"}
{"level":"debug","time":"2026-05-07T13:25:14.644+0530","caller":"storage/azure.go:60","msg":"Payload size: 3.92 kB, source path /Users/anmolg/Desktop/Projects/HyperExecute/junit-selenium-hyperexecute-sample-main/.updatedhyperexecute.yaml"}
{"level":"debug","time":"2026-05-07T13:25:16.679+0530","caller":"storage/azure.go:84","msg":"Azcopy output: \n\r100.0 %, 1 Done, 0 Failed, 0 Pending, 0 Skipped, 1 Total, 2-sec Throughput (Mb/s): 0.0157\nTotal time taken to upload(min) :0.0334\n, stderr: "}
{"level":"info","time":"2026-05-07T13:25:16.679+0530","caller":"storage/azure.go:123","msg":"File: /Users/anmolg/Desktop/Projects/HyperExecute/junit-selenium-hyperexecute-sample-main/.updatedhyperexecute.yaml upload completed in 2.034727584s"}
{"level":"debug","time":"2026-05-07T13:25:16.679+0530","caller":"core/lifecycle.go:721","msg":"Successfully deleted code archive: /Users/anmolg/Desktop/Projects/HyperExecute/junit-selenium-hyperexecute-sample-main/hyperexecute-code-65ec5d70-5c71-436a-b9b6-481b7fbb795b.zip\n"}
{"level":"debug","time":"2026-05-07T13:25:16.680+0530","caller":"storage/azure.go:60","msg":"Payload size: 590 B, source path /Users/anmolg/Desktop/Projects/HyperExecute/junit-selenium-hyperexecute-sample-main/yaml/linux/mask-65ec5d70-5c71-436a-b9b6-481b7fbb795b.yaml"}
{"level":"debug","time":"2026-05-07T13:25:18.714+0530","caller":"storage/azure.go:84","msg":"Azcopy output: \n\r100.0 %, 1 Done, 0 Failed, 0 Pending, 0 Skipped, 1 Total, 2-sec Throughput (Mb/s): 0.0024\nTotal time taken to upload(min) :0.0334\n, stderr: "}
{"level":"info","time":"2026-05-07T13:25:18.715+0530","caller":"storage/azure.go:123","msg":"File: /Users/anmolg/Desktop/Projects/HyperExecute/junit-selenium-hyperexecute-sample-main/yaml/linux/mask-65ec5d70-5c71-436a-b9b6-481b7fbb795b.yaml upload completed in 2.034801791s"}
{"level":"debug","time":"2026-05-07T13:25:21.149+0530","caller":"jobmanager/sse_setup.go:192","msg":"Task id: HYPL-509662-1778140519900292692LOF"}
{"level":"debug","time":"2026-05-07T13:25:21.149+0530","caller":"jobmanager/sse_setup.go:193","msg":"Sending new task alert to stage manager for taskId: HYPL-509662-1778140519900292692LOF"}
{"level":"debug","time":"2026-05-07T13:25:21.150+0530","caller":"jobmanager/sse_setup.go:192","msg":"Task id: HYPL-509662-1778140519905429794ZOH"}
{"level":"debug","time":"2026-05-07T13:25:21.150+0530","caller":"jobmanager/sse_setup.go:193","msg":"Sending new task alert to stage manager for taskId: HYPL-509662-1778140519905429794ZOH"}
{"level":"debug","time":"2026-05-07T13:25:21.150+0530","caller":"jobmanager/sse_setup.go:192","msg":"Task id: HYPL-509662-1778140519911502657LOJ"}
{"level":"debug","time":"2026-05-07T13:25:21.150+0530","caller":"jobmanager/sse_setup.go:193","msg":"Sending new task alert to stage manager for taskId: HYPL-509662-1778140519911502657LOJ"}
{"level":"debug","time":"2026-05-07T13:25:21.150+0530","caller":"jobmanager/sse_setup.go:192","msg":"Task id: HYPL-509662-1778140519916662787MRR"}
{"level":"debug","time":"2026-05-07T13:25:21.150+0530","caller":"jobmanager/sse_setup.go:193","msg":"Sending new task alert to stage manager for taskId: HYPL-509662-1778140519916662787MRR"}
{"level":"debug","time":"2026-05-07T13:25:21.150+0530","caller":"jobmanager/sse_setup.go:192","msg":"Task id: HYPL-509662-1778140519921626822JZR"}
{"level":"debug","time":"2026-05-07T13:25:21.150+0530","caller":"jobmanager/sse_setup.go:193","msg":"Sending new task alert to stage manager for taskId: HYPL-509662-1778140519921626822JZR"}
{"level":"debug","time":"2026-05-07T13:25:21.150+0530","caller":"jobmanager/sse_setup.go:192","msg":"Task id: HYPL-509662-1778140519926829615ZTC"}
{"level":"debug","time":"2026-05-07T13:25:21.150+0530","caller":"jobmanager/sse_setup.go:193","msg":"Sending new task alert to stage manager for taskId: HYPL-509662-1778140519926829615ZTC"}
{"level":"info","time":"2026-05-07T13:25:26.698+0530","caller":"jobmanager/sse_setup.go:84","msg":"\nJob 65ec5d70-5c71-436a-b9b6-481b7fbb795b has started RUNNING"}
{"level":"info","time":"2026-05-07T13:25:26.699+0530","caller":"jobmanager/manager.go:138","msg":"Job Link: https://hyperexecute.lambdatest.com/hyperexecute/task?jobId=65ec5d70-5c71-436a-b9b6-481b7fbb795b\n"}
{"level":"info","time":"2026-05-07T13:25:33.795+0530","caller":"terminal/terminal.go:187","msg":"✔ [5]  setup-runtime (8s)\n"}
{"level":"info","time":"2026-05-07T13:25:33.993+0530","caller":"terminal/terminal.go:187","msg":"✔ [3]  setup-runtime (8s)\n"}
{"level":"info","time":"2026-05-07T13:25:34.059+0530","caller":"terminal/terminal.go:187","msg":"✔ [1]  setup-runtime (8s)\n"}
{"level":"info","time":"2026-05-07T13:25:34.230+0530","caller":"terminal/terminal.go:187","msg":"✔ [6]  setup-runtime (9s)\n"}
{"level":"info","time":"2026-05-07T13:25:35.747+0530","caller":"terminal/terminal.go:187","msg":"✔ [2]  setup-runtime (10s)\n"}
{"level":"info","time":"2026-05-07T13:25:40.507+0530","caller":"terminal/terminal.go:187","msg":"✔ [4]  setup-runtime (14s)\n"}
{"level":"info","time":"2026-05-07T13:25:51.747+0530","caller":"terminal/terminal.go:187","msg":"✔ [5]  pre (19s)\n"}
{"level":"info","time":"2026-05-07T13:25:51.960+0530","caller":"terminal/terminal.go:187","msg":"✔ [5]  discovery (1s)\n"}
{"level":"info","time":"2026-05-07T13:25:53.119+0530","caller":"terminal/terminal.go:187","msg":"✔ [1]  pre (19s)\n"}
{"level":"info","time":"2026-05-07T13:25:53.263+0530","caller":"terminal/terminal.go:187","msg":"✔ [1]  discovery (0s)\n"}
{"level":"info","time":"2026-05-07T13:25:53.474+0530","caller":"terminal/terminal.go:187","msg":"✔ [3]  pre (19s)\n"}
{"level":"info","time":"2026-05-07T13:25:53.636+0530","caller":"terminal/terminal.go:187","msg":"✔ [3]  discovery (1s)\n"}
{"level":"info","time":"2026-05-07T13:25:55.157+0530","caller":"terminal/terminal.go:187","msg":"✔ [2]  pre (20s)\n"}
{"level":"info","time":"2026-05-07T13:25:55.429+0530","caller":"terminal/terminal.go:187","msg":"✔ [2]  discovery (0s)\n"}
{"level":"info","time":"2026-05-07T13:26:05.756+0530","caller":"terminal/terminal.go:187","msg":"✔ [6]  pre (32s)\n"}
{"level":"info","time":"2026-05-07T13:26:05.920+0530","caller":"terminal/terminal.go:187","msg":"✔ [6]  discovery (1s)\n"}
{"level":"info","time":"2026-05-07T13:26:06.338+0530","caller":"terminal/terminal.go:187","msg":"✔ [4]  pre (26s)\n"}
{"level":"info","time":"2026-05-07T13:26:06.489+0530","caller":"terminal/terminal.go:187","msg":"✔ [4]  discovery (0s)\n"}
{"level":"debug","time":"2026-05-07T13:26:44.419+0530","caller":"events/manager.go:356","msg":"No new messages received from SSE for jobID: 65ec5d70-5c71-436a-b9b6-481b7fbb795b. Fetching from APIs"}
{"level":"info","time":"2026-05-07T13:27:06.981+0530","caller":"terminal/terminal.go:187","msg":"✔ [1]  SelPlayGroundTest10 (1m6s)\n"}
{"level":"info","time":"2026-05-07T13:27:23.773+0530","caller":"terminal/terminal.go:187","msg":"✔ [4]  SelPlayGroundTest13 (1m10s)\n"}
{"level":"info","time":"2026-05-07T13:27:25.213+0530","caller":"terminal/terminal.go:187","msg":"✔ [3]  SelPlayGroundTest12 (1m24s)\n"}
{"level":"info","time":"2026-05-07T13:27:30.504+0530","caller":"terminal/terminal.go:187","msg":"✔ [2]  SelPlayGroundTest11 (1m26s)\n"}
{"level":"info","time":"2026-05-07T13:27:31.067+0530","caller":"terminal/terminal.go:187","msg":"✔ [1]  SelPlayGroundTest1 (24s)\n"}
{"level":"info","time":"2026-05-07T13:27:31.423+0530","caller":"terminal/terminal.go:187","msg":"✔ [5]  SelPlayGroundTest14 (1m32s)\n"}
{"level":"info","time":"2026-05-07T13:27:40.764+0530","caller":"terminal/terminal.go:187","msg":"✔ [6]  SelPlayGroundTest15 (1m26s)\n"}
{"level":"info","time":"2026-05-07T13:27:45.865+0530","caller":"terminal/terminal.go:187","msg":"✔ [4]  SelPlayGroundTest4 (22s)\n"}
{"level":"debug","time":"2026-05-07T13:31:37.422+0530","caller":"events/manager.go:356","msg":"No new messages received from SSE for jobID: 65ec5d70-5c71-436a-b9b6-481b7fbb795b. Fetching from APIs"}
{"level":"info","time":"2026-05-07T13:31:38.788+0530","caller":"terminal/terminal.go:187","msg":"✔ [1]  SelPlayGroundTest7 (22s)\n"}
{"level":"info","time":"2026-05-07T13:31:38.794+0530","caller":"terminal/terminal.go:187","msg":"✔ [3]  SelPlayGroundTest3 (30s)\n"}
{"level":"info","time":"2026-05-07T13:31:38.812+0530","caller":"terminal/terminal.go:187","msg":"✔ [2]  SelPlayGroundTest2 (31s)\n"}
{"level":"info","time":"2026-05-07T13:31:38.812+0530","caller":"terminal/terminal.go:187","msg":"✔ [5]  SelPlayGroundTest5 (42s)\n"}
{"level":"info","time":"2026-05-07T13:31:38.812+0530","caller":"terminal/terminal.go:187","msg":"✔ [6]  SelPlayGroundTest6 (35s)\n"}
{"level":"info","time":"2026-05-07T13:31:38.817+0530","caller":"terminal/terminal.go:187","msg":"✔ [3]  SelPlayGroundTest9 (33s)\n"}
{"level":"info","time":"2026-05-07T13:31:38.817+0530","caller":"terminal/terminal.go:187","msg":"✔ [2]  SelPlayGroundTest8 (40s)\n"}
{"level":"debug","time":"2026-05-07T13:31:38.820+0530","caller":"events/manager.go:279","msg":"SSE connection completed. Reconnecting!!"}
{"level":"debug","time":"2026-05-07T13:31:39.076+0530","caller":"jobmanager/sse_setup.go:134","msg":"\n\nJob status"}
{"level":"info","time":"2026-05-07T13:31:40.145+0530","caller":"jobmanager/JobSummaryManager.go:54","msg":"\n COMPLETED \n"}
{"level":"info","time":"2026-05-07T13:31:40.145+0530","caller":"jobmanager/JobSummaryManager.go:113","msg":"    Test Execution Time:                  1m53s"}
{"level":"info","time":"2026-05-07T13:31:40.145+0530","caller":"jobmanager/JobSummaryManager.go:113","msg":"    Job Duration Time:                    3m47s"}
{"level":"info","time":"2026-05-07T13:31:40.145+0530","caller":"jobmanager/JobSummaryManager.go:113","msg":"    Total Tasks:                          6"}
{"level":"info","time":"2026-05-07T13:31:40.145+0530","caller":"jobmanager/JobSummaryManager.go:113","msg":"    Cumulative Time Consumed:             19m47s"}
{"level":"info","time":"2026-05-07T13:31:40.145+0530","caller":"jobmanager/JobSummaryManager.go:113","msg":"    Total Stages:                         27"}
{"level":"info","time":"2026-05-07T13:31:40.145+0530","caller":"jobmanager/JobSummaryManager.go:113","msg":"    Pass discovery stage percentage:      100.00%"}
{"level":"info","time":"2026-05-07T13:31:40.145+0530","caller":"jobmanager/JobSummaryManager.go:113","msg":"    Failed discovery stage percentage:    0.00%"}
{"level":"info","time":"2026-05-07T13:31:40.145+0530","caller":"jobmanager/JobSummaryManager.go:113","msg":"    Pass pre stage percentage:            100.00%"}
{"level":"info","time":"2026-05-07T13:31:40.146+0530","caller":"jobmanager/JobSummaryManager.go:113","msg":"    Failed pre stage percentage:          0.00%"}
{"level":"info","time":"2026-05-07T13:31:40.146+0530","caller":"jobmanager/JobSummaryManager.go:113","msg":"    Pass test stage percentage:           100.00%"}
{"level":"info","time":"2026-05-07T13:31:40.146+0530","caller":"jobmanager/JobSummaryManager.go:113","msg":"    Failed test stage percentage:         0.00%"}
{"level":"info","time":"2026-05-07T13:31:40.146+0530","caller":"jobmanager/JobSummaryManager.go:113","msg":"    Pass post stage percentage:           0.00%"}
{"level":"info","time":"2026-05-07T13:31:40.146+0530","caller":"jobmanager/JobSummaryManager.go:113","msg":"    Failed post stage percentage:         0.00%"}
{"level":"info","time":"2026-05-07T13:31:40.146+0530","caller":"jobmanager/JobSummaryManager.go:113","msg":"    Failed Tasks:                         0"}
{"level":"info","time":"2026-05-07T13:31:40.146+0530","caller":"jobmanager/JobSummaryManager.go:58","msg":""}
{"level":"debug","time":"2026-05-07T13:31:40.318+0530","caller":"events/manager.go:288","msg":"connection to hyperexecute server established successfully."}
{"level":"info","time":"2026-05-07T13:31:44.807+0530","caller":"core/lifecycle.go:872","msg":"Job report downloaded successfully"}
{"level":"debug","time":"2026-05-07T13:31:44.807+0530","caller":"core/lifecycle.go:924","msg":"Context canceled"}
{"level":"info","time":"2026-05-07T13:31:44.807+0530","caller":"events/manager.go:338","msg":"context done and stopping SSE"}
{"level":"info","time":"2026-05-07T13:31:44.807+0530","caller":"core/lifecycle.go:927","msg":"Stopping pipeline gracefully"}
{"level":"debug","time":"2026-05-07T13:31:44.808+0530","caller":"events/manager.go:256","msg":"Stopping event manager"}
{"level":"info","time":"2026-05-07T13:31:44.808+0530","caller":"jobmanager/manager.go:138","msg":"Job Link: https://hyperexecute.lambdatest.com/hyperexecute/task?jobId=65ec5d70-5c71-436a-b9b6-481b7fbb795b\n"}
{"level":"debug","time":"2026-05-07T13:31:44.808+0530","caller":"core/lifecycle.go:59","msg":"Quit requested from main goroutine...."}
{"level":"debug","time":"2026-05-07T13:31:44.808+0530","caller":"core/lifecycle.go:60","msg":"Waiting for the goroutines to exit"}
{"level":"debug","time":"2026-05-07T13:31:44.808+0530","caller":"core/lifecycle.go:63","msg":"All lifecycle goroutines exited"}
{"level":"debug","time":"2026-05-07T13:31:44.808+0530","caller":"cmd/bin.go:361","msg":"main: all goroutines have finished."}
{"level":"debug","time":"2026-05-22T14:58:11.767+0530","caller":"cmd/bin.go:145","msg":"cli os: darwin, cli arch: arm64"}
{"level":"debug","time":"2026-05-22T14:58:12.647+0530","caller":"cmd/bin.go:154","msg":"Upstream version details: {Name:cli Min:0.2.265 Max:0.2.340} "}
{"level":"info","time":"2026-05-22T14:58:12.648+0530","caller":"cmd/bin.go:202","msg":"Generating TraceID for tracking request: 01KS7G70YMB9NZFFH6NTJB2M13 \n"}
{"level":"debug","time":"2026-05-22T14:58:15.998+0530","caller":"core/lifecycle.go:107","msg":"Setting environment"}
{"level":"debug","time":"2026-05-22T14:58:15.998+0530","caller":"core/lifecycle.go:110","msg":"Parsing config"}
{"level":"debug","time":"2026-05-22T14:58:15.998+0530","caller":"yamlconfigmanager/setup.go:725","msg":"Custom location for .hyperexecute.yaml specified. Using: yaml/linux/junit_hyperexecute_autosplit_sample.yaml"}
{"level":"debug","time":"2026-05-22T14:58:15.998+0530","caller":"yamlconfigmanager/setup.go:117","msg":"using hyperexecute config from : yaml/linux/junit_hyperexecute_autosplit_sample.yaml"}
{"level":"debug","time":"2026-05-22T14:58:17.981+0530","caller":"yamlconfigmanager/setup.go:2157","msg":"Autodetecting test type in files of path : /Users/anmolg/Desktop/Projects/Hyper sample/junit-selenium-hyperexecute-sample-main"}
{"level":"debug","time":"2026-05-22T14:58:17.983+0530","caller":"yamlconfigmanager/setup.go:547","msg":"Tunnel: false"}
{"level":"info","time":"2026-05-22T14:58:17.983+0530","caller":"models/HypertestYamlConfig.go:974","msg":"\n\u001b[4m\u001b[1m\u001b[97mExecution Plan\u001b[0m\u001b[22m\u001b[24m"}
{"level":"info","time":"2026-05-22T14:58:17.983+0530","caller":"models/HypertestYamlConfig.go:775","msg":"Mode:    \u001b[36mautosplit\u001b[0m"}
{"level":"info","time":"2026-05-22T14:58:17.983+0530","caller":"models/HypertestYamlConfig.go:835","msg":"Runson:    \u001b[36mlinux\u001b[0m"}
{"level":"info","time":"2026-05-22T14:58:17.983+0530","caller":"models/HypertestYamlConfig.go:843","msg":"Concurrency:    \u001b[36m3\u001b[0m"}
{"level":"info","time":"2026-05-22T14:58:17.983+0530","caller":"models/HypertestYamlConfig.go:907","msg":"Report:    \u001b[36menabled\u001b[0m"}
{"level":"info","time":"2026-05-22T14:58:17.983+0530","caller":"models/HypertestYamlConfig.go:987","msg":""}
{"level":"debug","time":"2026-05-22T14:58:17.983+0530","caller":"filevalidator/setup.go:49","msg":"Warning: Checking data.json file in current directory, no dataJsonPath found in .hyperexecute.yaml"}
{"level":"debug","time":"2026-05-22T14:58:17.983+0530","caller":"filevalidator/setup.go:53","msg":"Warning: data.json file doesn't exist"}
{"level":"debug","time":"2026-05-22T14:58:21.602+0530","caller":"core/lifecycle.go:527","msg":"Job ID: 90b1a1de-13d7-4ca6-b95f-745681dcd15e"}
{"level":"debug","time":"2026-05-22T14:58:21.602+0530","caller":"events/manager.go:97","msg":"Starting event manager"}
{"level":"debug","time":"2026-05-22T14:58:21.603+0530","caller":"events/manager.go:99","msg":"SSE enabled, getting SSE connection"}
{"level":"debug","time":"2026-05-22T14:58:21.603+0530","caller":"core/lifecycle.go:530","msg":"User - anmolgtestmuai, triggered job with ID 90b1a1de-13d7-4ca6-b95f-745681dcd15e from CLI"}
{"level":"debug","time":"2026-05-22T14:58:21.605+0530","caller":"archivemanager/setup.go:339","msg":"digestMap: map[]"}
{"level":"debug","time":"2026-05-22T14:58:21.605+0530","caller":"archivemanager/setup.go:345","msg":"Creating archive of target directory: /Users/anmolg/Desktop/Projects/Hyper sample/junit-selenium-hyperexecute-sample-main"}
{"level":"debug","time":"2026-05-22T14:58:21.641+0530","caller":"core/lifecycle.go:684","msg":"Zip file size: 226.55 kB"}
{"level":"debug","time":"2026-05-22T14:58:21.641+0530","caller":"core/lifecycle.go:694","msg":"Archive location: /Users/anmolg/Desktop/Projects/Hyper sample/junit-selenium-hyperexecute-sample-main/hyperexecute-code-90b1a1de-13d7-4ca6-b95f-745681dcd15e.zip\n"}
{"level":"debug","time":"2026-05-22T14:58:21.641+0530","caller":"storage/azure.go:60","msg":"Payload size: 226.55 kB, source path /Users/anmolg/Desktop/Projects/Hyper sample/junit-selenium-hyperexecute-sample-main/hyperexecute-code-90b1a1de-13d7-4ca6-b95f-745681dcd15e.zip"}
{"level":"debug","time":"2026-05-22T14:58:22.897+0530","caller":"events/manager.go:288","msg":"connection to hyperexecute server established successfully."}
{"level":"debug","time":"2026-05-22T14:58:26.575+0530","caller":"storage/azure.go:84","msg":"Azcopy output: \n\r0.0 %, 0 Done, 0 Failed, 1 Pending, 0 Skipped, 1 Total, 2-sec Throughput (Mb/s): 0.9054\r100.0 %, 1 Done, 0 Failed, 0 Pending, 0 Skipped, 1 Total,                              \nTotal time taken to upload(min) :0.0667\n, stderr: "}
{"level":"info","time":"2026-05-22T14:58:26.575+0530","caller":"storage/azure.go:123","msg":"File: /Users/anmolg/Desktop/Projects/Hyper sample/junit-selenium-hyperexecute-sample-main/hyperexecute-code-90b1a1de-13d7-4ca6-b95f-745681dcd15e.zip upload completed in 4.933868s"}
{"level":"debug","time":"2026-05-22T14:58:26.576+0530","caller":"receptionmanager/setup.go:284","msg":"only one runtime entry detected, mapping it to older yaml format"}
{"level":"debug","time":"2026-05-22T14:58:26.576+0530","caller":"receptionmanager/setup.go:313","msg":"only one partialreports entry detected, mapping it to older yaml format"}
{"level":"debug","time":"2026-05-22T14:58:26.577+0530","caller":"receptionmanager/setup.go:188","msg":"Uploading yaml : /Users/anmolg/Desktop/Projects/Hyper sample/junit-selenium-hyperexecute-sample-main/.updatedhyperexecute.yaml"}
{"level":"debug","time":"2026-05-22T14:58:26.577+0530","caller":"storage/azure.go:60","msg":"Payload size: 4.11 kB, source path /Users/anmolg/Desktop/Projects/Hyper sample/junit-selenium-hyperexecute-sample-main/.updatedhyperexecute.yaml"}
{"level":"debug","time":"2026-05-22T14:58:28.615+0530","caller":"storage/azure.go:84","msg":"Azcopy output: \n\r100.0 %, 1 Done, 0 Failed, 0 Pending, 0 Skipped, 1 Total, 2-sec Throughput (Mb/s): 0.0164\nTotal time taken to upload(min) :0.0334\n, stderr: "}
{"level":"info","time":"2026-05-22T14:58:28.615+0530","caller":"storage/azure.go:123","msg":"File: /Users/anmolg/Desktop/Projects/Hyper sample/junit-selenium-hyperexecute-sample-main/.updatedhyperexecute.yaml upload completed in 2.037864083s"}
{"level":"debug","time":"2026-05-22T14:58:28.615+0530","caller":"core/lifecycle.go:721","msg":"Successfully deleted code archive: /Users/anmolg/Desktop/Projects/Hyper sample/junit-selenium-hyperexecute-sample-main/hyperexecute-code-90b1a1de-13d7-4ca6-b95f-745681dcd15e.zip\n"}
{"level":"debug","time":"2026-05-22T14:58:28.616+0530","caller":"storage/azure.go:60","msg":"Payload size: 595 B, source path yaml/linux/mask-90b1a1de-13d7-4ca6-b95f-745681dcd15e.yaml"}
{"level":"debug","time":"2026-05-22T14:58:30.650+0530","caller":"storage/azure.go:84","msg":"Azcopy output: \n\r100.0 %, 1 Done, 0 Failed, 0 Pending, 0 Skipped, 1 Total, 2-sec Throughput (Mb/s): 0.0024\nTotal time taken to upload(min) :0.0333\n, stderr: "}
{"level":"info","time":"2026-05-22T14:58:30.650+0530","caller":"storage/azure.go:123","msg":"File: yaml/linux/mask-90b1a1de-13d7-4ca6-b95f-745681dcd15e.yaml upload completed in 2.034690583s"}
{"level":"debug","time":"2026-05-22T14:58:33.034+0530","caller":"jobmanager/sse_setup.go:192","msg":"Task id: HYPL-509662-1779442111814758465JYU"}
{"level":"debug","time":"2026-05-22T14:58:33.035+0530","caller":"jobmanager/sse_setup.go:193","msg":"Sending new task alert to stage manager for taskId: HYPL-509662-1779442111814758465JYU"}
{"level":"debug","time":"2026-05-22T14:58:33.035+0530","caller":"jobmanager/sse_setup.go:192","msg":"Task id: HYPL-509662-1779442111818382579CCP"}
{"level":"debug","time":"2026-05-22T14:58:33.035+0530","caller":"jobmanager/sse_setup.go:193","msg":"Sending new task alert to stage manager for taskId: HYPL-509662-1779442111818382579CCP"}
{"level":"debug","time":"2026-05-22T14:58:33.035+0530","caller":"jobmanager/sse_setup.go:192","msg":"Task id: HYPL-509662-1779442111821772178FRM"}
{"level":"debug","time":"2026-05-22T14:58:33.035+0530","caller":"jobmanager/sse_setup.go:193","msg":"Sending new task alert to stage manager for taskId: HYPL-509662-1779442111821772178FRM"}
{"level":"info","time":"2026-05-22T14:58:35.644+0530","caller":"jobmanager/sse_setup.go:84","msg":"\nJob \u001b[1m\u001b[4m90b1a1de-13d7-4ca6-b95f-745681dcd15e\u001b[24m\u001b[22m has started \u001b[97mRUNNING\u001b[0m"}
{"level":"info","time":"2026-05-22T14:58:35.644+0530","caller":"jobmanager/manager.go:138","msg":"Job Link: \u001b[4m\u001b[34mhttps://hyperexecute.lambdatest.com/hyperexecute/task?jobId=90b1a1de-13d7-4ca6-b95f-745681dcd15e\u001b[0m\u001b[24m\n"}
{"level":"info","time":"2026-05-22T14:58:42.976+0530","caller":"terminal/terminal.go:187","msg":"\u001b[32m✔\u001b[0m [2]  \u001b[2msetup-runtime (9s)\u001b[22m\n"}
{"level":"info","time":"2026-05-22T14:58:43.100+0530","caller":"terminal/terminal.go:187","msg":"\u001b[32m✔\u001b[0m [1]  \u001b[2msetup-runtime (9s)\u001b[22m\n"}
{"level":"info","time":"2026-05-22T14:58:43.339+0530","caller":"terminal/terminal.go:187","msg":"\u001b[32m✔\u001b[0m [3]  \u001b[2msetup-runtime (8s)\u001b[22m\n"}
{"level":"info","time":"2026-05-22T14:59:12.707+0530","caller":"terminal/terminal.go:187","msg":"\u001b[32m✔\u001b[0m [3]  \u001b[2mpre (30s)\u001b[22m\n"}
{"level":"info","time":"2026-05-22T14:59:12.872+0530","caller":"terminal/terminal.go:187","msg":"\u001b[32m✔\u001b[0m [3]  \u001b[2mdiscovery (1s)\u001b[22m\n"}
{"level":"info","time":"2026-05-22T14:59:12.895+0530","caller":"terminal/terminal.go:187","msg":"\u001b[32m✔\u001b[0m [2]  \u001b[2mpre (31s)\u001b[22m\n"}
{"level":"info","time":"2026-05-22T14:59:13.044+0530","caller":"terminal/terminal.go:187","msg":"\u001b[32m✔\u001b[0m [2]  \u001b[2mdiscovery (1s)\u001b[22m\n"}
{"level":"info","time":"2026-05-22T14:59:13.819+0530","caller":"terminal/terminal.go:187","msg":"\u001b[32m✔\u001b[0m [1]  \u001b[2mpre (31s)\u001b[22m\n"}
{"level":"info","time":"2026-05-22T14:59:14.014+0530","caller":"terminal/terminal.go:187","msg":"\u001b[32m✔\u001b[0m [1]  \u001b[2mdiscovery (1s)\u001b[22m\n"}
{"level":"debug","time":"2026-05-22T14:59:54.183+0530","caller":"events/manager.go:356","msg":"No new messages received from SSE for jobID: 90b1a1de-13d7-4ca6-b95f-745681dcd15e. Fetching from APIs"}
{"level":"debug","time":"2026-05-22T15:00:26.006+0530","caller":"events/manager.go:356","msg":"No new messages received from SSE for jobID: 90b1a1de-13d7-4ca6-b95f-745681dcd15e. Fetching from APIs"}
{"level":"info","time":"2026-05-22T15:00:49.796+0530","caller":"terminal/terminal.go:187","msg":"\u001b[32m✔\u001b[0m [3]  \u001b[2mSelPlayGroundTest12 (1m26s)\u001b[22m\n"}
{"level":"info","time":"2026-05-22T15:00:54.478+0530","caller":"terminal/terminal.go:187","msg":"\u001b[91mx\u001b[0m [1]  \u001b[2mSelPlayGroundTest10 (1m32s)\u001b[22m\n"}
{"level":"info","time":"2026-05-22T15:01:21.901+0530","caller":"terminal/terminal.go:187","msg":"\u001b[91mx\u001b[0m [2]  \u001b[2mSelPlayGroundTest11 (2m1s)\u001b[22m\n"}
{"level":"info","time":"2026-05-22T15:01:30.893+0530","caller":"terminal/terminal.go:187","msg":"\u001b[32m✔\u001b[0m [3]  \u001b[2mSelPlayGroundTest15 (41s)\u001b[22m\n"}
{"level":"info","time":"2026-05-22T15:01:31.815+0530","caller":"terminal/terminal.go:187","msg":"\u001b[91mx\u001b[0m [1]  \u001b[2mSelPlayGroundTest13 (38s)\u001b[22m\n"}
{"level":"info","time":"2026-05-22T15:01:59.171+0530","caller":"terminal/terminal.go:187","msg":"\u001b[32m✔\u001b[0m [3]  \u001b[2mSelPlayGroundTest3 (28s)\u001b[22m\n"}
{"level":"info","time":"2026-05-22T15:02:08.406+0530","caller":"terminal/terminal.go:187","msg":"\u001b[91mx\u001b[0m [1]  \u001b[2mSelPlayGroundTest1 (36s)\u001b[22m\n"}
{"level":"info","time":"2026-05-22T15:02:14.362+0530","caller":"terminal/terminal.go:187","msg":"\u001b[91mx\u001b[0m [2]  \u001b[2mSelPlayGroundTest14 (52s)\u001b[22m\n"}
{"level":"info","time":"2026-05-22T15:02:26.623+0530","caller":"terminal/terminal.go:187","msg":"\u001b[32m✔\u001b[0m [3]  \u001b[2mSelPlayGroundTest6 (27s)\u001b[22m\n"}
{"level":"info","time":"2026-05-22T15:02:45.492+0530","caller":"terminal/terminal.go:187","msg":"\u001b[91mx\u001b[0m [1]  \u001b[2mSelPlayGroundTest4 (37s)\u001b[22m\n"}
{"level":"info","time":"2026-05-22T15:02:46.737+0530","caller":"terminal/terminal.go:187","msg":"\u001b[32m✔\u001b[0m [2]  \u001b[2mSelPlayGroundTest2 (33s)\u001b[22m\n"}
{"level":"info","time":"2026-05-22T15:02:58.233+0530","caller":"terminal/terminal.go:187","msg":"\u001b[32m✔\u001b[0m [3]  \u001b[2mSelPlayGroundTest9 (32s)\u001b[22m\n"}
{"level":"info","time":"2026-05-22T15:03:28.154+0530","caller":"terminal/terminal.go:187","msg":"\u001b[91mx\u001b[0m [1]  \u001b[2mSelPlayGroundTest7 (41s)\u001b[22m\n"}
{"level":"info","time":"2026-05-22T15:03:35.500+0530","caller":"terminal/terminal.go:187","msg":"\u001b[91mx\u001b[0m [2]  \u001b[2mSelPlayGroundTest5 (48s)\u001b[22m\n"}
{"level":"info","time":"2026-05-22T15:04:26.762+0530","caller":"terminal/terminal.go:187","msg":"\u001b[91mx\u001b[0m [2]  \u001b[2mSelPlayGroundTest8 (52s)\u001b[22m\n"}
{"level":"debug","time":"2026-05-22T15:04:56.763+0530","caller":"events/manager.go:356","msg":"No new messages received from SSE for jobID: 90b1a1de-13d7-4ca6-b95f-745681dcd15e. Fetching from APIs"}
{"level":"debug","time":"2026-05-22T15:04:58.449+0530","caller":"jobmanager/sse_setup.go:134","msg":"\n\nJob status"}
{"level":"info","time":"2026-05-22T15:04:58.449+0530","caller":"core/lifecycle.go:811","msg":"taskId:HYPL-509662-1779442111814758465JYU has failed with remark: Job failed as encountered a Test level failure\n"}
{"level":"info","time":"2026-05-22T15:04:58.449+0530","caller":"core/lifecycle.go:811","msg":"taskId:HYPL-509662-1779442111818382579CCP has failed with remark: Job failed as encountered a Test level failure\n"}
{"level":"info","time":"2026-05-22T15:04:59.270+0530","caller":"jobmanager/JobSummaryManager.go:54","msg":"\n\u001b[101m FAILED \u001b[0m\n"}
{"level":"info","time":"2026-05-22T15:04:59.271+0530","caller":"jobmanager/JobSummaryManager.go:113","msg":"    \u001b[1mTest Execution Time\u001b[22m:                  \u001b[91m4m11s\u001b[0m"}
{"level":"info","time":"2026-05-22T15:04:59.271+0530","caller":"jobmanager/JobSummaryManager.go:113","msg":"    \u001b[1mJob Duration Time\u001b[22m:                    6m23s"}
{"level":"info","time":"2026-05-22T15:04:59.271+0530","caller":"jobmanager/JobSummaryManager.go:113","msg":"    \u001b[1mTotal Tasks\u001b[22m:                          3"}
{"level":"info","time":"2026-05-22T15:04:59.271+0530","caller":"jobmanager/JobSummaryManager.go:113","msg":"    \u001b[1mCumulative Time Consumed\u001b[22m:             16m41s"}
{"level":"info","time":"2026-05-22T15:04:59.271+0530","caller":"jobmanager/JobSummaryManager.go:113","msg":"    \u001b[1mTotal Stages\u001b[22m:                         21"}
{"level":"info","time":"2026-05-22T15:04:59.271+0530","caller":"jobmanager/JobSummaryManager.go:113","msg":"    \u001b[1mPass discovery stage percentage\u001b[22m:      100.00%"}
{"level":"info","time":"2026-05-22T15:04:59.271+0530","caller":"jobmanager/JobSummaryManager.go:113","msg":"    \u001b[1mFailed discovery stage percentage\u001b[22m:    0.00%"}
{"level":"info","time":"2026-05-22T15:04:59.271+0530","caller":"jobmanager/JobSummaryManager.go:113","msg":"    \u001b[1mPass pre stage percentage\u001b[22m:            \u001b[92m100.00%\u001b[0m"}
{"level":"info","time":"2026-05-22T15:04:59.271+0530","caller":"jobmanager/JobSummaryManager.go:113","msg":"    \u001b[1mFailed pre stage percentage\u001b[22m:          0.00%"}
{"level":"info","time":"2026-05-22T15:04:59.271+0530","caller":"jobmanager/JobSummaryManager.go:113","msg":"    \u001b[1mPass test stage percentage\u001b[22m:           40.00%"}
{"level":"info","time":"2026-05-22T15:04:59.271+0530","caller":"jobmanager/JobSummaryManager.go:113","msg":"    \u001b[1mFailed test stage percentage\u001b[22m:         \u001b[91m60.00%\u001b[0m"}
{"level":"info","time":"2026-05-22T15:04:59.271+0530","caller":"jobmanager/JobSummaryManager.go:113","msg":"    \u001b[1mPass post stage percentage\u001b[22m:           0.00%"}
{"level":"info","time":"2026-05-22T15:04:59.271+0530","caller":"jobmanager/JobSummaryManager.go:113","msg":"    \u001b[1mFailed post stage percentage\u001b[22m:         0.00%"}
{"level":"info","time":"2026-05-22T15:04:59.271+0530","caller":"jobmanager/JobSummaryManager.go:113","msg":"    \u001b[1mFailed Tasks\u001b[22m:                         2"}
{"level":"info","time":"2026-05-22T15:04:59.271+0530","caller":"jobmanager/JobSummaryManager.go:58","msg":""}
{"level":"debug","time":"2026-05-22T15:04:59.272+0530","caller":"core/lifecycle.go:924","msg":"Context canceled"}
{"level":"info","time":"2026-05-22T15:04:59.272+0530","caller":"events/manager.go:338","msg":"context done and stopping SSE"}
{"level":"debug","time":"2026-05-22T15:04:59.272+0530","caller":"events/manager.go:256","msg":"Stopping event manager"}
{"level":"info","time":"2026-05-22T15:04:59.272+0530","caller":"core/lifecycle.go:927","msg":"\u001b[2mStopping pipeline gracefully\u001b[22m"}
{"level":"error","time":"2026-05-22T15:04:59.272+0530","caller":"core/lifecycle.go:930","msg":"2026-05-22T14:58:10+05:30    error    Exiting with error: Failed tasks found."}
{"level":"info","time":"2026-05-22T15:04:59.272+0530","caller":"jobmanager/manager.go:138","msg":"Job Link: \u001b[4m\u001b[34mhttps://hyperexecute.lambdatest.com/hyperexecute/task?jobId=90b1a1de-13d7-4ca6-b95f-745681dcd15e\u001b[0m\u001b[24m\n"}
{"level":"debug","time":"2026-05-22T15:04:59.272+0530","caller":"core/lifecycle.go:59","msg":"Quit requested from main goroutine...."}
{"level":"debug","time":"2026-05-22T15:04:59.272+0530","caller":"core/lifecycle.go:60","msg":"Waiting for the goroutines to exit"}
{"level":"debug","time":"2026-05-22T15:04:59.272+0530","caller":"core/lifecycle.go:63","msg":"All lifecycle goroutines exited"}
{"level":"debug","time":"2026-05-22T15:04:59.272+0530","caller":"cmd/bin.go:361","msg":"main: all goroutines have finished."}
{"level":"debug","time":"2026-05-22T15:04:59.272+0530","caller":"cmd/bin.go:400","msg":"Exiting application due to error Failed tasks found."}
{"level":"debug","time":"2026-05-22T18:12:30.992+0530","caller":"cmd/bin.go:145","msg":"cli os: darwin, cli arch: arm64"}
{"level":"debug","time":"2026-05-22T18:12:31.724+0530","caller":"cmd/bin.go:154","msg":"Upstream version details: {Name:cli Min:0.2.265 Max:0.2.340} "}
{"level":"info","time":"2026-05-22T18:12:31.724+0530","caller":"cmd/bin.go:202","msg":"Generating TraceID for tracking request: 01KS7VATNEVT1WNS1297AD1853 \n"}
{"level":"debug","time":"2026-05-22T18:12:34.646+0530","caller":"core/lifecycle.go:107","msg":"Setting environment"}
{"level":"debug","time":"2026-05-22T18:12:34.647+0530","caller":"core/lifecycle.go:110","msg":"Parsing config"}
{"level":"debug","time":"2026-05-22T18:12:34.647+0530","caller":"yamlconfigmanager/setup.go:725","msg":"Custom location for .hyperexecute.yaml specified. Using: yaml/linux/junit_hyperexecute_autosplit_sample.yaml"}
{"level":"debug","time":"2026-05-22T18:12:34.647+0530","caller":"yamlconfigmanager/setup.go:117","msg":"using hyperexecute config from : yaml/linux/junit_hyperexecute_autosplit_sample.yaml"}
{"level":"debug","time":"2026-05-22T18:12:36.727+0530","caller":"yamlconfigmanager/setup.go:2157","msg":"Autodetecting test type in files of path : /Users/anmolg/Desktop/Projects/Hyper sample/junit-selenium-hyperexecute-sample-main"}
{"level":"debug","time":"2026-05-22T18:12:36.729+0530","caller":"yamlconfigmanager/setup.go:547","msg":"Tunnel: false"}
{"level":"info","time":"2026-05-22T18:12:36.729+0530","caller":"models/HypertestYamlConfig.go:974","msg":"\n\u001b[4m\u001b[1m\u001b[97mExecution Plan\u001b[0m\u001b[22m\u001b[24m"}
{"level":"info","time":"2026-05-22T18:12:36.729+0530","caller":"models/HypertestYamlConfig.go:775","msg":"Mode:    \u001b[36mautosplit\u001b[0m"}
{"level":"info","time":"2026-05-22T18:12:36.729+0530","caller":"models/HypertestYamlConfig.go:835","msg":"Runson:    \u001b[36mlinux\u001b[0m"}
{"level":"info","time":"2026-05-22T18:12:36.729+0530","caller":"models/HypertestYamlConfig.go:843","msg":"Concurrency:    \u001b[36m3\u001b[0m"}
{"level":"info","time":"2026-05-22T18:12:36.729+0530","caller":"models/HypertestYamlConfig.go:907","msg":"Report:    \u001b[36menabled\u001b[0m"}
{"level":"info","time":"2026-05-22T18:12:36.729+0530","caller":"models/HypertestYamlConfig.go:987","msg":""}
{"level":"debug","time":"2026-05-22T18:12:36.729+0530","caller":"filevalidator/setup.go:49","msg":"Warning: Checking data.json file in current directory, no dataJsonPath found in .hyperexecute.yaml"}
{"level":"debug","time":"2026-05-22T18:12:36.729+0530","caller":"filevalidator/setup.go:53","msg":"Warning: data.json file doesn't exist"}
{"level":"debug","time":"2026-05-22T18:12:40.438+0530","caller":"core/lifecycle.go:527","msg":"Job ID: 335daf2f-3242-49e6-bdc4-b782546128d0"}
{"level":"debug","time":"2026-05-22T18:12:40.438+0530","caller":"core/lifecycle.go:530","msg":"User - anmolgtestmuai, triggered job with ID 335daf2f-3242-49e6-bdc4-b782546128d0 from CLI"}
{"level":"debug","time":"2026-05-22T18:12:40.438+0530","caller":"events/manager.go:97","msg":"Starting event manager"}
{"level":"debug","time":"2026-05-22T18:12:40.438+0530","caller":"events/manager.go:99","msg":"SSE enabled, getting SSE connection"}
{"level":"debug","time":"2026-05-22T18:12:40.438+0530","caller":"archivemanager/setup.go:339","msg":"digestMap: map[]"}
{"level":"debug","time":"2026-05-22T18:12:40.438+0530","caller":"archivemanager/setup.go:345","msg":"Creating archive of target directory: /Users/anmolg/Desktop/Projects/Hyper sample/junit-selenium-hyperexecute-sample-main"}
{"level":"debug","time":"2026-05-22T18:12:40.473+0530","caller":"core/lifecycle.go:684","msg":"Zip file size: 226.55 kB"}
{"level":"debug","time":"2026-05-22T18:12:40.473+0530","caller":"core/lifecycle.go:694","msg":"Archive location: /Users/anmolg/Desktop/Projects/Hyper sample/junit-selenium-hyperexecute-sample-main/hyperexecute-code-335daf2f-3242-49e6-bdc4-b782546128d0.zip\n"}
{"level":"debug","time":"2026-05-22T18:12:40.474+0530","caller":"storage/azure.go:60","msg":"Payload size: 226.55 kB, source path /Users/anmolg/Desktop/Projects/Hyper sample/junit-selenium-hyperexecute-sample-main/hyperexecute-code-335daf2f-3242-49e6-bdc4-b782546128d0.zip"}
{"level":"debug","time":"2026-05-22T18:12:41.817+0530","caller":"events/manager.go:288","msg":"connection to hyperexecute server established successfully."}
{"level":"debug","time":"2026-05-22T18:12:45.052+0530","caller":"storage/azure.go:84","msg":"Azcopy output: \n\r0.0 %, 0 Done, 0 Failed, 1 Pending, 0 Skipped, 1 Total, 2-sec Throughput (Mb/s): 0.9056\r100.0 %, 1 Done, 0 Failed, 0 Pending, 0 Skipped, 1 Total,                              \nTotal time taken to upload(min) :0.0667\n, stderr: "}
{"level":"info","time":"2026-05-22T18:12:45.053+0530","caller":"storage/azure.go:123","msg":"File: /Users/anmolg/Desktop/Projects/Hyper sample/junit-selenium-hyperexecute-sample-main/hyperexecute-code-335daf2f-3242-49e6-bdc4-b782546128d0.zip upload completed in 4.579729833s"}
{"level":"debug","time":"2026-05-22T18:12:45.054+0530","caller":"receptionmanager/setup.go:284","msg":"only one runtime entry detected, mapping it to older yaml format"}
{"level":"debug","time":"2026-05-22T18:12:45.054+0530","caller":"receptionmanager/setup.go:313","msg":"only one partialreports entry detected, mapping it to older yaml format"}
{"level":"debug","time":"2026-05-22T18:12:45.055+0530","caller":"receptionmanager/setup.go:188","msg":"Uploading yaml : /Users/anmolg/Desktop/Projects/Hyper sample/junit-selenium-hyperexecute-sample-main/.updatedhyperexecute.yaml"}
{"level":"debug","time":"2026-05-22T18:12:45.055+0530","caller":"storage/azure.go:60","msg":"Payload size: 4.11 kB, source path /Users/anmolg/Desktop/Projects/Hyper sample/junit-selenium-hyperexecute-sample-main/.updatedhyperexecute.yaml"}
{"level":"debug","time":"2026-05-22T18:12:47.091+0530","caller":"storage/azure.go:84","msg":"Azcopy output: \n\r100.0 %, 1 Done, 0 Failed, 0 Pending, 0 Skipped, 1 Total, 2-sec Throughput (Mb/s): 0.0164\nTotal time taken to upload(min) :0.0334\n, stderr: "}
{"level":"info","time":"2026-05-22T18:12:47.091+0530","caller":"storage/azure.go:123","msg":"File: /Users/anmolg/Desktop/Projects/Hyper sample/junit-selenium-hyperexecute-sample-main/.updatedhyperexecute.yaml upload completed in 2.036318625s"}
{"level":"debug","time":"2026-05-22T18:12:47.091+0530","caller":"core/lifecycle.go:721","msg":"Successfully deleted code archive: /Users/anmolg/Desktop/Projects/Hyper sample/junit-selenium-hyperexecute-sample-main/hyperexecute-code-335daf2f-3242-49e6-bdc4-b782546128d0.zip\n"}
{"level":"debug","time":"2026-05-22T18:12:47.092+0530","caller":"storage/azure.go:60","msg":"Payload size: 595 B, source path yaml/linux/mask-335daf2f-3242-49e6-bdc4-b782546128d0.yaml"}
{"level":"debug","time":"2026-05-22T18:12:49.127+0530","caller":"storage/azure.go:84","msg":"Azcopy output: \n\r100.0 %, 1 Done, 0 Failed, 0 Pending, 0 Skipped, 1 Total, 2-sec Throughput (Mb/s): 0.0024\nTotal time taken to upload(min) :0.0334\n, stderr: "}
{"level":"info","time":"2026-05-22T18:12:49.127+0530","caller":"storage/azure.go:123","msg":"File: yaml/linux/mask-335daf2f-3242-49e6-bdc4-b782546128d0.yaml upload completed in 2.035367417s"}
{"level":"debug","time":"2026-05-22T18:12:51.599+0530","caller":"jobmanager/sse_setup.go:192","msg":"Task id: HYPL-509662-1779453770368426100LEY"}
{"level":"debug","time":"2026-05-22T18:12:51.599+0530","caller":"jobmanager/sse_setup.go:193","msg":"Sending new task alert to stage manager for taskId: HYPL-509662-1779453770368426100LEY"}
{"level":"debug","time":"2026-05-22T18:12:51.599+0530","caller":"jobmanager/sse_setup.go:192","msg":"Task id: HYPL-509662-1779453770373443134ENT"}
{"level":"debug","time":"2026-05-22T18:12:51.599+0530","caller":"jobmanager/sse_setup.go:193","msg":"Sending new task alert to stage manager for taskId: HYPL-509662-1779453770373443134ENT"}
{"level":"debug","time":"2026-05-22T18:12:51.599+0530","caller":"jobmanager/sse_setup.go:192","msg":"Task id: HYPL-509662-1779453770381928255HXJ"}
{"level":"debug","time":"2026-05-22T18:12:51.599+0530","caller":"jobmanager/sse_setup.go:193","msg":"Sending new task alert to stage manager for taskId: HYPL-509662-1779453770381928255HXJ"}
{"level":"info","time":"2026-05-22T18:12:54.281+0530","caller":"jobmanager/sse_setup.go:84","msg":"\nJob \u001b[1m\u001b[4m335daf2f-3242-49e6-bdc4-b782546128d0\u001b[24m\u001b[22m has started \u001b[97mRUNNING\u001b[0m"}
{"level":"info","time":"2026-05-22T18:12:54.281+0530","caller":"jobmanager/manager.go:138","msg":"Job Link: \u001b[4m\u001b[34mhttps://hyperexecute.lambdatest.com/hyperexecute/task?jobId=335daf2f-3242-49e6-bdc4-b782546128d0\u001b[0m\u001b[24m\n"}
{"level":"info","time":"2026-05-22T18:13:01.181+0530","caller":"terminal/terminal.go:187","msg":"\u001b[32m✔\u001b[0m [1]  \u001b[2msetup-runtime (8s)\u001b[22m\n"}
{"level":"info","time":"2026-05-22T18:13:06.001+0530","caller":"terminal/terminal.go:187","msg":"\u001b[32m✔\u001b[0m [3]  \u001b[2msetup-runtime (13s)\u001b[22m\n"}
{"level":"info","time":"2026-05-22T18:13:28.183+0530","caller":"terminal/terminal.go:187","msg":"\u001b[32m✔\u001b[0m [3]  \u001b[2mpre (23s)\u001b[22m\n"}
{"level":"info","time":"2026-05-22T18:13:28.285+0530","caller":"terminal/terminal.go:187","msg":"\u001b[32m✔\u001b[0m [3]  \u001b[2mdiscovery (0s)\u001b[22m\n"}
{"level":"info","time":"2026-05-22T18:13:28.784+0530","caller":"terminal/terminal.go:187","msg":"\u001b[32m✔\u001b[0m [1]  \u001b[2mpre (28s)\u001b[22m\n"}
{"level":"info","time":"2026-05-22T18:13:28.994+0530","caller":"terminal/terminal.go:187","msg":"\u001b[32m✔\u001b[0m [1]  \u001b[2mdiscovery (1s)\u001b[22m\n"}
{"level":"info","time":"2026-05-22T18:14:00.459+0530","caller":"terminal/terminal.go:187","msg":"\u001b[32m✔\u001b[0m [2]  \u001b[2msetup-runtime (7s)\u001b[22m\n"}
{"level":"info","time":"2026-05-22T18:14:19.856+0530","caller":"terminal/terminal.go:187","msg":"\u001b[32m✔\u001b[0m [2]  \u001b[2mpre (20s)\u001b[22m\n"}
{"level":"info","time":"2026-05-22T18:14:19.998+0530","caller":"terminal/terminal.go:187","msg":"\u001b[32m✔\u001b[0m [2]  \u001b[2mdiscovery (1s)\u001b[22m\n"}
{"level":"debug","time":"2026-05-22T18:14:58.364+0530","caller":"events/manager.go:356","msg":"No new messages received from SSE for jobID: 335daf2f-3242-49e6-bdc4-b782546128d0. Fetching from APIs"}
{"level":"info","time":"2026-05-22T18:14:59.379+0530","caller":"terminal/terminal.go:187","msg":"\u001b[32m✔\u001b[0m [3]  \u001b[2mSelPlayGroundTest12 (1m24s)\u001b[22m\n"}
{"level":"info","time":"2026-05-22T18:15:05.979+0530","caller":"terminal/terminal.go:187","msg":"\u001b[91mx\u001b[0m [1]  \u001b[2mSelPlayGroundTest10 (1m27s)\u001b[22m\n"}
{"level":"info","time":"2026-05-22T18:15:35.536+0530","caller":"terminal/terminal.go:187","msg":"\u001b[32m✔\u001b[0m [3]  \u001b[2mSelPlayGroundTest15 (36s)\u001b[22m\n"}
{"level":"info","time":"2026-05-22T18:15:43.466+0530","caller":"terminal/terminal.go:187","msg":"\u001b[91mx\u001b[0m [1]  \u001b[2mSelPlayGroundTest13 (36s)\u001b[22m\n"}
{"level":"info","time":"2026-05-22T18:16:04.364+0530","caller":"terminal/terminal.go:187","msg":"\u001b[32m✔\u001b[0m [3]  \u001b[2mSelPlayGroundTest3 (29s)\u001b[22m\n"}
{"level":"info","time":"2026-05-22T18:16:17.239+0530","caller":"terminal/terminal.go:187","msg":"\u001b[91mx\u001b[0m [2]  \u001b[2mSelPlayGroundTest11 (1m49s)\u001b[22m\n"}
{"level":"info","time":"2026-05-22T18:16:21.204+0530","caller":"terminal/terminal.go:187","msg":"\u001b[91mx\u001b[0m [1]  \u001b[2mSelPlayGroundTest1 (38s)\u001b[22m\n"}
{"level":"info","time":"2026-05-22T18:16:33.949+0530","caller":"terminal/terminal.go:187","msg":"\u001b[32m✔\u001b[0m [3]  \u001b[2mSelPlayGroundTest6 (30s)\u001b[22m\n"}
{"level":"info","time":"2026-05-22T18:16:58.359+0530","caller":"terminal/terminal.go:187","msg":"\u001b[91mx\u001b[0m [1]  \u001b[2mSelPlayGroundTest4 (37s)\u001b[22m\n"}
{"level":"info","time":"2026-05-22T18:17:06.153+0530","caller":"terminal/terminal.go:187","msg":"\u001b[91mx\u001b[0m [2]  \u001b[2mSelPlayGroundTest14 (49s)\u001b[22m\n"}
{"level":"info","time":"2026-05-22T18:17:07.228+0530","caller":"terminal/terminal.go:187","msg":"\u001b[32m✔\u001b[0m [3]  \u001b[2mSelPlayGroundTest9 (33s)\u001b[22m\n"}
{"level":"debug","time":"2026-05-22T18:17:37.229+0530","caller":"events/manager.go:356","msg":"No new messages received from SSE for jobID: 335daf2f-3242-49e6-bdc4-b782546128d0. Fetching from APIs"}
{"level":"info","time":"2026-05-22T18:17:39.101+0530","caller":"terminal/terminal.go:187","msg":"\u001b[91mx\u001b[0m [1]  \u001b[2mSelPlayGroundTest7 (41s)\u001b[22m\n"}
{"level":"info","time":"2026-05-22T18:17:39.101+0530","caller":"terminal/terminal.go:187","msg":"\u001b[32m✔\u001b[0m [2]  \u001b[2mSelPlayGroundTest2 (33s)\u001b[22m\n"}
{"level":"info","time":"2026-05-22T18:18:29.829+0530","caller":"terminal/terminal.go:187","msg":"\u001b[91mx\u001b[0m [2]  \u001b[2mSelPlayGroundTest5 (50s)\u001b[22m\n"}
{"level":"debug","time":"2026-05-22T18:19:00.268+0530","caller":"events/manager.go:356","msg":"No new messages received from SSE for jobID: 335daf2f-3242-49e6-bdc4-b782546128d0. Fetching from APIs"}
{"level":"info","time":"2026-05-22T18:19:22.421+0530","caller":"terminal/terminal.go:187","msg":"\u001b[91mx\u001b[0m [2]  \u001b[2mSelPlayGroundTest8 (52s)\u001b[22m\n"}
{"level":"debug","time":"2026-05-22T18:19:52.422+0530","caller":"events/manager.go:356","msg":"No new messages received from SSE for jobID: 335daf2f-3242-49e6-bdc4-b782546128d0. Fetching from APIs"}
{"level":"debug","time":"2026-05-22T18:19:54.452+0530","caller":"jobmanager/sse_setup.go:134","msg":"\n\nJob status"}
{"level":"info","time":"2026-05-22T18:19:54.453+0530","caller":"core/lifecycle.go:811","msg":"taskId:HYPL-509662-1779453770368426100LEY has failed with remark: Job failed as encountered a Test level failure\n"}
{"level":"info","time":"2026-05-22T18:19:54.453+0530","caller":"core/lifecycle.go:811","msg":"taskId:HYPL-509662-1779453770373443134ENT has failed with remark: Job failed as encountered a Test level failure\n"}
{"level":"info","time":"2026-05-22T18:19:55.225+0530","caller":"jobmanager/JobSummaryManager.go:54","msg":"\n\u001b[101m FAILED \u001b[0m\n"}
{"level":"info","time":"2026-05-22T18:19:55.225+0530","caller":"jobmanager/JobSummaryManager.go:113","msg":"    \u001b[1mTest Execution Time\u001b[22m:                  \u001b[91m4m56s\u001b[0m"}
{"level":"info","time":"2026-05-22T18:19:55.225+0530","caller":"jobmanager/JobSummaryManager.go:113","msg":"    \u001b[1mJob Duration Time\u001b[22m:                    6m59s"}
{"level":"info","time":"2026-05-22T18:19:55.225+0530","caller":"jobmanager/JobSummaryManager.go:113","msg":"    \u001b[1mTotal Tasks\u001b[22m:                          3"}
{"level":"info","time":"2026-05-22T18:19:55.225+0530","caller":"jobmanager/JobSummaryManager.go:113","msg":"    \u001b[1mCumulative Time Consumed\u001b[22m:             16m0s"}
{"level":"info","time":"2026-05-22T18:19:55.225+0530","caller":"jobmanager/JobSummaryManager.go:113","msg":"    \u001b[1mTotal Stages\u001b[22m:                         21"}
{"level":"info","time":"2026-05-22T18:19:55.225+0530","caller":"jobmanager/JobSummaryManager.go:113","msg":"    \u001b[1mPass discovery stage percentage\u001b[22m:      100.00%"}
{"level":"info","time":"2026-05-22T18:19:55.225+0530","caller":"jobmanager/JobSummaryManager.go:113","msg":"    \u001b[1mFailed discovery stage percentage\u001b[22m:    0.00%"}
{"level":"info","time":"2026-05-22T18:19:55.225+0530","caller":"jobmanager/JobSummaryManager.go:113","msg":"    \u001b[1mPass pre stage percentage\u001b[22m:            \u001b[92m100.00%\u001b[0m"}
{"level":"info","time":"2026-05-22T18:19:55.225+0530","caller":"jobmanager/JobSummaryManager.go:113","msg":"    \u001b[1mFailed pre stage percentage\u001b[22m:          0.00%"}
{"level":"info","time":"2026-05-22T18:19:55.225+0530","caller":"jobmanager/JobSummaryManager.go:113","msg":"    \u001b[1mPass test stage percentage\u001b[22m:           40.00%"}
{"level":"info","time":"2026-05-22T18:19:55.225+0530","caller":"jobmanager/JobSummaryManager.go:113","msg":"    \u001b[1mFailed test stage percentage\u001b[22m:         \u001b[91m60.00%\u001b[0m"}
{"level":"info","time":"2026-05-22T18:19:55.225+0530","caller":"jobmanager/JobSummaryManager.go:113","msg":"    \u001b[1mPass post stage percentage\u001b[22m:           0.00%"}
{"level":"info","time":"2026-05-22T18:19:55.225+0530","caller":"jobmanager/JobSummaryManager.go:113","msg":"    \u001b[1mFailed post stage percentage\u001b[22m:         0.00%"}
{"level":"info","time":"2026-05-22T18:19:55.225+0530","caller":"jobmanager/JobSummaryManager.go:113","msg":"    \u001b[1mFailed Tasks\u001b[22m:                         2"}
{"level":"info","time":"2026-05-22T18:19:55.225+0530","caller":"jobmanager/JobSummaryManager.go:58","msg":""}
{"level":"debug","time":"2026-05-22T18:19:55.228+0530","caller":"core/lifecycle.go:924","msg":"Context canceled"}
{"level":"info","time":"2026-05-22T18:19:55.228+0530","caller":"events/manager.go:338","msg":"context done and stopping SSE"}
{"level":"debug","time":"2026-05-22T18:19:55.228+0530","caller":"events/manager.go:256","msg":"Stopping event manager"}
{"level":"info","time":"2026-05-22T18:19:55.228+0530","caller":"core/lifecycle.go:927","msg":"\u001b[2mStopping pipeline gracefully\u001b[22m"}
{"level":"error","time":"2026-05-22T18:19:55.228+0530","caller":"core/lifecycle.go:930","msg":"2026-05-22T18:12:29+05:30    error    Exiting with error: Failed tasks found."}
{"level":"info","time":"2026-05-22T18:19:55.228+0530","caller":"jobmanager/manager.go:138","msg":"Job Link: \u001b[4m\u001b[34mhttps://hyperexecute.lambdatest.com/hyperexecute/task?jobId=335daf2f-3242-49e6-bdc4-b782546128d0\u001b[0m\u001b[24m\n"}
{"level":"debug","time":"2026-05-22T18:19:55.228+0530","caller":"core/lifecycle.go:59","msg":"Quit requested from main goroutine...."}
{"level":"debug","time":"2026-05-22T18:19:55.229+0530","caller":"core/lifecycle.go:60","msg":"Waiting for the goroutines to exit"}
{"level":"debug","time":"2026-05-22T18:19:55.229+0530","caller":"core/lifecycle.go:63","msg":"All lifecycle goroutines exited"}
{"level":"debug","time":"2026-05-22T18:19:55.229+0530","caller":"cmd/bin.go:361","msg":"main: all goroutines have finished."}
{"level":"debug","time":"2026-05-22T18:19:55.229+0530","caller":"cmd/bin.go:400","msg":"Exiting application due to error Failed tasks found."}
{"level":"debug","time":"2026-05-22T18:54:27.059+0530","caller":"cmd/bin.go:145","msg":"cli os: darwin, cli arch: arm64"}
{"level":"debug","time":"2026-05-22T18:54:27.998+0530","caller":"cmd/bin.go:154","msg":"Upstream version details: {Name:cli Min:0.2.265 Max:0.2.340} "}
{"level":"info","time":"2026-05-22T18:54:27.998+0530","caller":"cmd/bin.go:202","msg":"Generating TraceID for tracking request: 01KS7XQKZJ7PQYS9155ZRJSG9Z \n"}
{"level":"debug","time":"2026-05-22T18:54:30.960+0530","caller":"core/lifecycle.go:107","msg":"Setting environment"}
{"level":"debug","time":"2026-05-22T18:54:30.960+0530","caller":"core/lifecycle.go:110","msg":"Parsing config"}
{"level":"debug","time":"2026-05-22T18:54:30.960+0530","caller":"yamlconfigmanager/setup.go:725","msg":"Custom location for .hyperexecute.yaml specified. Using: yaml/linux/junit_hyperexecute_autosplit_sample.yaml"}
{"level":"debug","time":"2026-05-22T18:54:30.960+0530","caller":"yamlconfigmanager/setup.go:117","msg":"using hyperexecute config from : yaml/linux/junit_hyperexecute_autosplit_sample.yaml"}
{"level":"debug","time":"2026-05-22T18:54:32.990+0530","caller":"yamlconfigmanager/setup.go:2157","msg":"Autodetecting test type in files of path : /Users/anmolg/Desktop/Projects/Hyper sample/junit-selenium-hyperexecute-sample-main"}
{"level":"debug","time":"2026-05-22T18:54:32.991+0530","caller":"yamlconfigmanager/setup.go:547","msg":"Tunnel: false"}
{"level":"info","time":"2026-05-22T18:54:32.991+0530","caller":"models/HypertestYamlConfig.go:974","msg":"\n\u001b[4m\u001b[1m\u001b[97mExecution Plan\u001b[0m\u001b[22m\u001b[24m"}
{"level":"info","time":"2026-05-22T18:54:32.991+0530","caller":"models/HypertestYamlConfig.go:775","msg":"Mode:    \u001b[36mautosplit\u001b[0m"}
{"level":"info","time":"2026-05-22T18:54:32.991+0530","caller":"models/HypertestYamlConfig.go:835","msg":"Runson:    \u001b[36mlinux\u001b[0m"}
{"level":"info","time":"2026-05-22T18:54:32.991+0530","caller":"models/HypertestYamlConfig.go:843","msg":"Concurrency:    \u001b[36m3\u001b[0m"}
{"level":"info","time":"2026-05-22T18:54:32.991+0530","caller":"models/HypertestYamlConfig.go:907","msg":"Report:    \u001b[36menabled\u001b[0m"}
{"level":"info","time":"2026-05-22T18:54:32.991+0530","caller":"models/HypertestYamlConfig.go:987","msg":""}
{"level":"debug","time":"2026-05-22T18:54:32.991+0530","caller":"filevalidator/setup.go:49","msg":"Warning: Checking data.json file in current directory, no dataJsonPath found in .hyperexecute.yaml"}
{"level":"debug","time":"2026-05-22T18:54:32.991+0530","caller":"filevalidator/setup.go:53","msg":"Warning: data.json file doesn't exist"}
{"level":"debug","time":"2026-05-22T18:54:36.692+0530","caller":"core/lifecycle.go:527","msg":"Job ID: e4a49045-70af-4e8a-bd59-5b7e1b8bba2d"}
{"level":"debug","time":"2026-05-22T18:54:36.692+0530","caller":"events/manager.go:97","msg":"Starting event manager"}
{"level":"debug","time":"2026-05-22T18:54:36.692+0530","caller":"events/manager.go:99","msg":"SSE enabled, getting SSE connection"}
{"level":"debug","time":"2026-05-22T18:54:36.692+0530","caller":"core/lifecycle.go:530","msg":"User - anmolgtestmuai, triggered job with ID e4a49045-70af-4e8a-bd59-5b7e1b8bba2d from CLI"}
{"level":"debug","time":"2026-05-22T18:54:36.693+0530","caller":"archivemanager/setup.go:339","msg":"digestMap: map[]"}
{"level":"debug","time":"2026-05-22T18:54:36.693+0530","caller":"archivemanager/setup.go:345","msg":"Creating archive of target directory: /Users/anmolg/Desktop/Projects/Hyper sample/junit-selenium-hyperexecute-sample-main"}
{"level":"debug","time":"2026-05-22T18:54:36.726+0530","caller":"core/lifecycle.go:684","msg":"Zip file size: 226.55 kB"}
{"level":"debug","time":"2026-05-22T18:54:36.726+0530","caller":"core/lifecycle.go:694","msg":"Archive location: /Users/anmolg/Desktop/Projects/Hyper sample/junit-selenium-hyperexecute-sample-main/hyperexecute-code-e4a49045-70af-4e8a-bd59-5b7e1b8bba2d.zip\n"}
{"level":"debug","time":"2026-05-22T18:54:36.726+0530","caller":"storage/azure.go:60","msg":"Payload size: 226.55 kB, source path /Users/anmolg/Desktop/Projects/Hyper sample/junit-selenium-hyperexecute-sample-main/hyperexecute-code-e4a49045-70af-4e8a-bd59-5b7e1b8bba2d.zip"}
{"level":"debug","time":"2026-05-22T18:54:38.002+0530","caller":"events/manager.go:288","msg":"connection to hyperexecute server established successfully."}
{"level":"debug","time":"2026-05-22T18:54:41.338+0530","caller":"storage/azure.go:84","msg":"Azcopy output: \n\r0.0 %, 0 Done, 0 Failed, 1 Pending, 0 Skipped, 1 Total, 2-sec Throughput (Mb/s): 0.9044\r100.0 %, 1 Done, 0 Failed, 0 Pending, 0 Skipped, 1 Total,                              \nTotal time taken to upload(min) :0.0667\n, stderr: "}
{"level":"info","time":"2026-05-22T18:54:41.338+0530","caller":"storage/azure.go:123","msg":"File: /Users/anmolg/Desktop/Projects/Hyper sample/junit-selenium-hyperexecute-sample-main/hyperexecute-code-e4a49045-70af-4e8a-bd59-5b7e1b8bba2d.zip upload completed in 4.611933917s"}
{"level":"debug","time":"2026-05-22T18:54:41.339+0530","caller":"receptionmanager/setup.go:284","msg":"only one runtime entry detected, mapping it to older yaml format"}
{"level":"debug","time":"2026-05-22T18:54:41.339+0530","caller":"receptionmanager/setup.go:313","msg":"only one partialreports entry detected, mapping it to older yaml format"}
{"level":"debug","time":"2026-05-22T18:54:41.340+0530","caller":"receptionmanager/setup.go:188","msg":"Uploading yaml : /Users/anmolg/Desktop/Projects/Hyper sample/junit-selenium-hyperexecute-sample-main/.updatedhyperexecute.yaml"}
{"level":"debug","time":"2026-05-22T18:54:41.340+0530","caller":"storage/azure.go:60","msg":"Payload size: 4.11 kB, source path /Users/anmolg/Desktop/Projects/Hyper sample/junit-selenium-hyperexecute-sample-main/.updatedhyperexecute.yaml"}
{"level":"debug","time":"2026-05-22T18:54:43.379+0530","caller":"storage/azure.go:84","msg":"Azcopy output: \n\r100.0 %, 1 Done, 0 Failed, 0 Pending, 0 Skipped, 1 Total, 2-sec Throughput (Mb/s): 0.0164\nTotal time taken to upload(min) :0.0334\n, stderr: "}
{"level":"info","time":"2026-05-22T18:54:43.379+0530","caller":"storage/azure.go:123","msg":"File: /Users/anmolg/Desktop/Projects/Hyper sample/junit-selenium-hyperexecute-sample-main/.updatedhyperexecute.yaml upload completed in 2.038715917s"}
{"level":"debug","time":"2026-05-22T18:54:43.379+0530","caller":"core/lifecycle.go:721","msg":"Successfully deleted code archive: /Users/anmolg/Desktop/Projects/Hyper sample/junit-selenium-hyperexecute-sample-main/hyperexecute-code-e4a49045-70af-4e8a-bd59-5b7e1b8bba2d.zip\n"}
{"level":"debug","time":"2026-05-22T18:54:43.382+0530","caller":"storage/azure.go:60","msg":"Payload size: 595 B, source path yaml/linux/mask-e4a49045-70af-4e8a-bd59-5b7e1b8bba2d.yaml"}
{"level":"debug","time":"2026-05-22T18:54:45.454+0530","caller":"storage/azure.go:84","msg":"Azcopy output: \n\r100.0 %, 1 Done, 0 Failed, 0 Pending, 0 Skipped, 1 Total, 2-sec Throughput (Mb/s): 0.0024\nTotal time taken to upload(min) :0.0333\n, stderr: "}
{"level":"info","time":"2026-05-22T18:54:45.454+0530","caller":"storage/azure.go:123","msg":"File: yaml/linux/mask-e4a49045-70af-4e8a-bd59-5b7e1b8bba2d.yaml upload completed in 2.072206167s"}
{"level":"debug","time":"2026-05-22T18:54:47.869+0530","caller":"jobmanager/sse_setup.go:192","msg":"Task id: HYPL-509662-1779456286607566752AUQ"}
{"level":"debug","time":"2026-05-22T18:54:47.870+0530","caller":"jobmanager/sse_setup.go:193","msg":"Sending new task alert to stage manager for taskId: HYPL-509662-1779456286607566752AUQ"}
{"level":"debug","time":"2026-05-22T18:54:47.870+0530","caller":"jobmanager/sse_setup.go:192","msg":"Task id: HYPL-509662-1779456286611014042VAR"}
{"level":"debug","time":"2026-05-22T18:54:47.870+0530","caller":"jobmanager/sse_setup.go:193","msg":"Sending new task alert to stage manager for taskId: HYPL-509662-1779456286611014042VAR"}
{"level":"debug","time":"2026-05-22T18:54:47.870+0530","caller":"jobmanager/sse_setup.go:192","msg":"Task id: HYPL-509662-1779456286614529848NEA"}
{"level":"debug","time":"2026-05-22T18:54:47.870+0530","caller":"jobmanager/sse_setup.go:193","msg":"Sending new task alert to stage manager for taskId: HYPL-509662-1779456286614529848NEA"}
{"level":"info","time":"2026-05-22T18:54:50.648+0530","caller":"jobmanager/sse_setup.go:84","msg":"\nJob \u001b[1m\u001b[4me4a49045-70af-4e8a-bd59-5b7e1b8bba2d\u001b[24m\u001b[22m has started \u001b[97mRUNNING\u001b[0m"}
{"level":"info","time":"2026-05-22T18:54:50.648+0530","caller":"jobmanager/manager.go:138","msg":"Job Link: \u001b[4m\u001b[34mhttps://hyperexecute.lambdatest.com/hyperexecute/task?jobId=e4a49045-70af-4e8a-bd59-5b7e1b8bba2d\u001b[0m\u001b[24m\n"}
{"level":"info","time":"2026-05-22T18:54:57.137+0530","caller":"terminal/terminal.go:187","msg":"\u001b[32m✔\u001b[0m [1]  \u001b[2msetup-runtime (8s)\u001b[22m\n"}
{"level":"info","time":"2026-05-22T18:54:57.862+0530","caller":"terminal/terminal.go:187","msg":"\u001b[32m✔\u001b[0m [3]  \u001b[2msetup-runtime (8s)\u001b[22m\n"}
{"level":"info","time":"2026-05-22T18:54:57.985+0530","caller":"terminal/terminal.go:187","msg":"\u001b[32m✔\u001b[0m [2]  \u001b[2msetup-runtime (8s)\u001b[22m\n"}
{"level":"info","time":"2026-05-22T18:55:17.285+0530","caller":"terminal/terminal.go:187","msg":"\u001b[32m✔\u001b[0m [1]  \u001b[2mpre (20s)\u001b[22m\n"}
{"level":"info","time":"2026-05-22T18:55:17.437+0530","caller":"terminal/terminal.go:187","msg":"\u001b[32m✔\u001b[0m [1]  \u001b[2mdiscovery (0s)\u001b[22m\n"}
{"level":"info","time":"2026-05-22T18:55:18.109+0530","caller":"terminal/terminal.go:187","msg":"\u001b[32m✔\u001b[0m [3]  \u001b[2mpre (21s)\u001b[22m\n"}
{"level":"info","time":"2026-05-22T18:55:18.239+0530","caller":"terminal/terminal.go:187","msg":"\u001b[32m✔\u001b[0m [3]  \u001b[2mdiscovery (0s)\u001b[22m\n"}
{"level":"info","time":"2026-05-22T18:55:20.147+0530","caller":"terminal/terminal.go:187","msg":"\u001b[32m✔\u001b[0m [2]  \u001b[2mpre (22s)\u001b[22m\n"}
{"level":"info","time":"2026-05-22T18:55:20.317+0530","caller":"terminal/terminal.go:187","msg":"\u001b[32m✔\u001b[0m [2]  \u001b[2mdiscovery (0s)\u001b[22m\n"}
{"level":"debug","time":"2026-05-22T18:55:58.095+0530","caller":"events/manager.go:356","msg":"No new messages received from SSE for jobID: e4a49045-70af-4e8a-bd59-5b7e1b8bba2d. Fetching from APIs"}
{"level":"debug","time":"2026-05-22T18:56:29.685+0530","caller":"events/manager.go:356","msg":"No new messages received from SSE for jobID: e4a49045-70af-4e8a-bd59-5b7e1b8bba2d. Fetching from APIs"}
{"level":"info","time":"2026-05-22T18:56:50.472+0530","caller":"terminal/terminal.go:187","msg":"\u001b[91mx\u001b[0m [1]  \u001b[2mSelPlayGroundTest10 (1m26s)\u001b[22m\n"}
{"level":"info","time":"2026-05-22T18:56:54.051+0530","caller":"terminal/terminal.go:187","msg":"\u001b[32m✔\u001b[0m [3]  \u001b[2mSelPlayGroundTest12 (1m28s)\u001b[22m\n"}
{"level":"info","time":"2026-05-22T18:57:22.575+0530","caller":"terminal/terminal.go:187","msg":"\u001b[91mx\u001b[0m [2]  \u001b[2mSelPlayGroundTest11 (1m55s)\u001b[22m\n"}
{"level":"info","time":"2026-05-22T18:57:23.306+0530","caller":"terminal/terminal.go:187","msg":"\u001b[32m✔\u001b[0m [3]  \u001b[2mSelPlayGroundTest15 (29s)\u001b[22m\n"}
{"level":"info","time":"2026-05-22T18:57:28.682+0530","caller":"terminal/terminal.go:187","msg":"\u001b[91mx\u001b[0m [1]  \u001b[2mSelPlayGroundTest13 (38s)\u001b[22m\n"}
{"level":"info","time":"2026-05-22T18:57:50.603+0530","caller":"terminal/terminal.go:187","msg":"\u001b[32m✔\u001b[0m [3]  \u001b[2mSelPlayGroundTest3 (27s)\u001b[22m\n"}
{"level":"info","time":"2026-05-22T18:58:05.558+0530","caller":"terminal/terminal.go:187","msg":"\u001b[91mx\u001b[0m [1]  \u001b[2mSelPlayGroundTest1 (36s)\u001b[22m\n"}
{"level":"info","time":"2026-05-22T18:58:11.439+0530","caller":"terminal/terminal.go:187","msg":"\u001b[91mx\u001b[0m [2]  \u001b[2mSelPlayGroundTest14 (49s)\u001b[22m\n"}
{"level":"info","time":"2026-05-22T18:58:18.814+0530","caller":"terminal/terminal.go:187","msg":"\u001b[32m✔\u001b[0m [3]  \u001b[2mSelPlayGroundTest6 (29s)\u001b[22m\n"}
{"level":"info","time":"2026-05-22T18:58:37.138+0530","caller":"terminal/terminal.go:187","msg":"\u001b[91mx\u001b[0m [2]  \u001b[2mSelPlayGroundTest2 (26s)\u001b[22m\n"}
{"level":"info","time":"2026-05-22T18:58:42.766+0530","caller":"terminal/terminal.go:187","msg":"\u001b[91mx\u001b[0m [1]  \u001b[2mSelPlayGroundTest4 (38s)\u001b[22m\n"}
{"level":"info","time":"2026-05-22T18:58:50.436+0530","caller":"terminal/terminal.go:187","msg":"\u001b[32m✔\u001b[0m [3]  \u001b[2mSelPlayGroundTest9 (31s)\u001b[22m\n"}
{"level":"debug","time":"2026-05-22T18:59:20.437+0530","caller":"events/manager.go:356","msg":"No new messages received from SSE for jobID: e4a49045-70af-4e8a-bd59-5b7e1b8bba2d. Fetching from APIs"}
{"level":"info","time":"2026-05-22T18:59:23.586+0530","caller":"terminal/terminal.go:187","msg":"\u001b[91mx\u001b[0m [1]  \u001b[2mSelPlayGroundTest7 (40s)\u001b[22m\n"}
{"level":"info","time":"2026-05-22T18:59:26.644+0530","caller":"terminal/terminal.go:187","msg":"\u001b[91mx\u001b[0m [2]  \u001b[2mSelPlayGroundTest5 (49s)\u001b[22m\n"}
{"level":"info","time":"2026-05-22T19:00:19.523+0530","caller":"terminal/terminal.go:187","msg":"\u001b[91mx\u001b[0m [2]  \u001b[2mSelPlayGroundTest8 (53s)\u001b[22m\n"}
{"level":"debug","time":"2026-05-22T19:00:49.524+0530","caller":"events/manager.go:356","msg":"No new messages received from SSE for jobID: e4a49045-70af-4e8a-bd59-5b7e1b8bba2d. Fetching from APIs"}
{"level":"debug","time":"2026-05-22T19:00:51.279+0530","caller":"jobmanager/sse_setup.go:134","msg":"\n\nJob status"}
{"level":"info","time":"2026-05-22T19:00:51.279+0530","caller":"core/lifecycle.go:811","msg":"taskId:HYPL-509662-1779456286607566752AUQ has failed with remark: Job failed as encountered a Test level failure\n"}
{"level":"info","time":"2026-05-22T19:00:51.279+0530","caller":"core/lifecycle.go:811","msg":"taskId:HYPL-509662-1779456286611014042VAR has failed with remark: Job failed as encountered a Test level failure\n"}
{"level":"info","time":"2026-05-22T19:00:52.173+0530","caller":"jobmanager/JobSummaryManager.go:54","msg":"\n\u001b[101m FAILED \u001b[0m\n"}
{"level":"info","time":"2026-05-22T19:00:52.174+0530","caller":"jobmanager/JobSummaryManager.go:113","msg":"    \u001b[1mTest Execution Time\u001b[22m:                  \u001b[91m4m6s\u001b[0m"}
{"level":"info","time":"2026-05-22T19:00:52.174+0530","caller":"jobmanager/JobSummaryManager.go:113","msg":"    \u001b[1mJob Duration Time\u001b[22m:                    6m1s"}
{"level":"info","time":"2026-05-22T19:00:52.174+0530","caller":"jobmanager/JobSummaryManager.go:113","msg":"    \u001b[1mTotal Tasks\u001b[22m:                          3"}
{"level":"info","time":"2026-05-22T19:00:52.174+0530","caller":"jobmanager/JobSummaryManager.go:113","msg":"    \u001b[1mCumulative Time Consumed\u001b[22m:             15m37s"}
{"level":"info","time":"2026-05-22T19:00:52.174+0530","caller":"jobmanager/JobSummaryManager.go:113","msg":"    \u001b[1mTotal Stages\u001b[22m:                         21"}
{"level":"info","time":"2026-05-22T19:00:52.174+0530","caller":"jobmanager/JobSummaryManager.go:113","msg":"    \u001b[1mPass discovery stage percentage\u001b[22m:      100.00%"}
{"level":"info","time":"2026-05-22T19:00:52.174+0530","caller":"jobmanager/JobSummaryManager.go:113","msg":"    \u001b[1mFailed discovery stage percentage\u001b[22m:    0.00%"}
{"level":"info","time":"2026-05-22T19:00:52.174+0530","caller":"jobmanager/JobSummaryManager.go:113","msg":"    \u001b[1mPass pre stage percentage\u001b[22m:            \u001b[92m100.00%\u001b[0m"}
{"level":"info","time":"2026-05-22T19:00:52.174+0530","caller":"jobmanager/JobSummaryManager.go:113","msg":"    \u001b[1mFailed pre stage percentage\u001b[22m:          0.00%"}
{"level":"info","time":"2026-05-22T19:00:52.174+0530","caller":"jobmanager/JobSummaryManager.go:113","msg":"    \u001b[1mPass test stage percentage\u001b[22m:           33.33%"}
{"level":"info","time":"2026-05-22T19:00:52.174+0530","caller":"jobmanager/JobSummaryManager.go:113","msg":"    \u001b[1mFailed test stage percentage\u001b[22m:         \u001b[91m66.67%\u001b[0m"}
{"level":"info","time":"2026-05-22T19:00:52.174+0530","caller":"jobmanager/JobSummaryManager.go:113","msg":"    \u001b[1mPass post stage percentage\u001b[22m:           0.00%"}
{"level":"info","time":"2026-05-22T19:00:52.174+0530","caller":"jobmanager/JobSummaryManager.go:113","msg":"    \u001b[1mFailed post stage percentage\u001b[22m:         0.00%"}
{"level":"info","time":"2026-05-22T19:00:52.174+0530","caller":"jobmanager/JobSummaryManager.go:113","msg":"    \u001b[1mFailed Tasks\u001b[22m:                         2"}
{"level":"info","time":"2026-05-22T19:00:52.174+0530","caller":"jobmanager/JobSummaryManager.go:58","msg":""}
{"level":"info","time":"2026-05-22T19:00:52.178+0530","caller":"events/manager.go:338","msg":"context done and stopping SSE"}
{"level":"debug","time":"2026-05-22T19:00:52.178+0530","caller":"events/manager.go:256","msg":"Stopping event manager"}
{"level":"debug","time":"2026-05-22T19:00:52.177+0530","caller":"core/lifecycle.go:924","msg":"Context canceled"}
{"level":"info","time":"2026-05-22T19:00:52.178+0530","caller":"core/lifecycle.go:927","msg":"\u001b[2mStopping pipeline gracefully\u001b[22m"}
{"level":"error","time":"2026-05-22T19:00:52.178+0530","caller":"core/lifecycle.go:930","msg":"2026-05-22T18:54:26+05:30    error    Exiting with error: Failed tasks found."}
{"level":"info","time":"2026-05-22T19:00:52.178+0530","caller":"jobmanager/manager.go:138","msg":"Job Link: \u001b[4m\u001b[34mhttps://hyperexecute.lambdatest.com/hyperexecute/task?jobId=e4a49045-70af-4e8a-bd59-5b7e1b8bba2d\u001b[0m\u001b[24m\n"}
{"level":"debug","time":"2026-05-22T19:00:52.178+0530","caller":"core/lifecycle.go:59","msg":"Quit requested from main goroutine...."}
{"level":"debug","time":"2026-05-22T19:00:52.178+0530","caller":"core/lifecycle.go:60","msg":"Waiting for the goroutines to exit"}
{"level":"debug","time":"2026-05-22T19:00:52.178+0530","caller":"core/lifecycle.go:63","msg":"All lifecycle goroutines exited"}
{"level":"debug","time":"2026-05-22T19:00:52.178+0530","caller":"cmd/bin.go:361","msg":"main: all goroutines have finished."}
{"level":"debug","time":"2026-05-22T19:00:52.178+0530","caller":"cmd/bin.go:400","msg":"Exiting application due to error Failed tasks found."}
{"level":"debug","time":"2026-05-26T18:09:20.535+0530","caller":"cmd/bin.go:145","msg":"cli os: darwin, cli arch: arm64"}
{"level":"debug","time":"2026-05-26T18:09:21.349+0530","caller":"cmd/bin.go:154","msg":"Upstream version details: {Name:cli Min:0.2.265 Max:0.2.341} "}
{"level":"info","time":"2026-05-26T18:09:21.349+0530","caller":"cmd/bin.go:163","msg":"Current binary version 0.2.340 is less than max upstream version 0.2.341."}
{"level":"info","time":"2026-05-26T18:09:21.349+0530","caller":"updater/updater.go:58","msg":"Auto updating binary ..................."}
{"level":"debug","time":"2026-05-26T18:09:21.350+0530","caller":"updater/updater.go:59","msg":"Download url: https://downloads.hyperexecute.cloud/hyperexecute/cli/0.2.341/darwin/hyperexecute"}
{"level":"debug","time":"2026-05-26T18:09:26.518+0530","caller":"updater/updater.go:80","msg":"New binary downloaded successfully "}
{"level":"info","time":"2026-05-26T18:09:26.519+0530","caller":"cmd/bin.go:175","msg":"Update successfully installed. Restarting the binary..."}
{"level":"debug","time":"2026-05-26T18:09:28.413+0530","caller":"cmd/bin.go:145","msg":"cli os: darwin, cli arch: arm64"}
{"level":"debug","time":"2026-05-26T18:09:29.253+0530","caller":"cmd/bin.go:154","msg":"Upstream version details: {Name:cli Min:0.2.265 Max:0.2.341} "}
{"level":"info","time":"2026-05-26T18:09:29.253+0530","caller":"cmd/bin.go:202","msg":"Generating TraceID for tracking request: 01KSJ4R4F3W04R8TKTJX5HZM2K \n"}
{"level":"debug","time":"2026-05-26T18:09:32.285+0530","caller":"core/lifecycle.go:107","msg":"Setting environment"}
{"level":"debug","time":"2026-05-26T18:09:32.286+0530","caller":"core/lifecycle.go:110","msg":"Parsing config"}
{"level":"debug","time":"2026-05-26T18:09:32.286+0530","caller":"yamlconfigmanager/setup.go:725","msg":"Custom location for .hyperexecute.yaml specified. Using: yaml/linux/junit_hyperexecute_autosplit_sample.yaml"}
{"level":"debug","time":"2026-05-26T18:09:32.286+0530","caller":"yamlconfigmanager/setup.go:117","msg":"using hyperexecute config from : yaml/linux/junit_hyperexecute_autosplit_sample.yaml"}
{"level":"debug","time":"2026-05-26T18:09:34.439+0530","caller":"yamlconfigmanager/setup.go:2153","msg":"Autodetecting test type in files of path : /Users/anmolg/Desktop/Projects/Hyper sample/junit-selenium-hyperexecute-sample-main"}
{"level":"debug","time":"2026-05-26T18:09:34.440+0530","caller":"yamlconfigmanager/setup.go:547","msg":"Tunnel: false"}
{"level":"info","time":"2026-05-26T18:09:34.441+0530","caller":"models/HypertestYamlConfig.go:974","msg":"\n\u001b[4m\u001b[1m\u001b[97mExecution Plan\u001b[0m\u001b[22m\u001b[24m"}
{"level":"info","time":"2026-05-26T18:09:34.441+0530","caller":"models/HypertestYamlConfig.go:775","msg":"Mode:    \u001b[36mautosplit\u001b[0m"}
{"level":"info","time":"2026-05-26T18:09:34.441+0530","caller":"models/HypertestYamlConfig.go:835","msg":"Runson:    \u001b[36mlinux\u001b[0m"}
{"level":"info","time":"2026-05-26T18:09:34.441+0530","caller":"models/HypertestYamlConfig.go:843","msg":"Concurrency:    \u001b[36m3\u001b[0m"}
{"level":"info","time":"2026-05-26T18:09:34.441+0530","caller":"models/HypertestYamlConfig.go:907","msg":"Report:    \u001b[36menabled\u001b[0m"}
{"level":"info","time":"2026-05-26T18:09:34.441+0530","caller":"models/HypertestYamlConfig.go:987","msg":""}
{"level":"debug","time":"2026-05-26T18:09:34.441+0530","caller":"filevalidator/setup.go:49","msg":"Warning: Checking data.json file in current directory, no dataJsonPath found in .hyperexecute.yaml"}
{"level":"debug","time":"2026-05-26T18:09:34.441+0530","caller":"filevalidator/setup.go:53","msg":"Warning: data.json file doesn't exist"}
{"level":"debug","time":"2026-05-26T18:09:38.188+0530","caller":"core/lifecycle.go:527","msg":"Job ID: b46b2097-507b-42e9-af87-f8ff814975a4"}
{"level":"debug","time":"2026-05-26T18:09:38.189+0530","caller":"core/lifecycle.go:530","msg":"User - anmolgtestmuai, triggered job with ID b46b2097-507b-42e9-af87-f8ff814975a4 from CLI"}
{"level":"debug","time":"2026-05-26T18:09:38.188+0530","caller":"events/manager.go:97","msg":"Starting event manager"}
{"level":"debug","time":"2026-05-26T18:09:38.190+0530","caller":"events/manager.go:99","msg":"SSE enabled, getting SSE connection"}
{"level":"debug","time":"2026-05-26T18:09:38.194+0530","caller":"archivemanager/setup.go:339","msg":"digestMap: map[]"}
{"level":"debug","time":"2026-05-26T18:09:38.194+0530","caller":"archivemanager/setup.go:345","msg":"Creating archive of target directory: /Users/anmolg/Desktop/Projects/Hyper sample/junit-selenium-hyperexecute-sample-main"}
{"level":"debug","time":"2026-05-26T18:09:38.229+0530","caller":"core/lifecycle.go:684","msg":"Zip file size: 226.55 kB"}
{"level":"debug","time":"2026-05-26T18:09:38.229+0530","caller":"core/lifecycle.go:694","msg":"Archive location: /Users/anmolg/Desktop/Projects/Hyper sample/junit-selenium-hyperexecute-sample-main/hyperexecute-code-b46b2097-507b-42e9-af87-f8ff814975a4.zip\n"}
{"level":"debug","time":"2026-05-26T18:09:38.229+0530","caller":"storage/azure.go:60","msg":"Payload size: 226.55 kB, source path /Users/anmolg/Desktop/Projects/Hyper sample/junit-selenium-hyperexecute-sample-main/hyperexecute-code-b46b2097-507b-42e9-af87-f8ff814975a4.zip"}
{"level":"debug","time":"2026-05-26T18:09:39.590+0530","caller":"events/manager.go:288","msg":"connection to hyperexecute server established successfully."}
{"level":"debug","time":"2026-05-26T18:09:42.801+0530","caller":"storage/azure.go:84","msg":"Azcopy output: \n\r0.0 %, 0 Done, 0 Failed, 1 Pending, 0 Skipped, 1 Total, 2-sec Throughput (Mb/s): 0.7862\r100.0 %, 1 Done, 0 Failed, 0 Pending, 0 Skipped, 1 Total, 2-sec Throughput (Mb/s): 0.1197\nTotal time taken to upload(min) :0.0667\n, stderr: "}
{"level":"info","time":"2026-05-26T18:09:42.801+0530","caller":"storage/azure.go:123","msg":"File: /Users/anmolg/Desktop/Projects/Hyper sample/junit-selenium-hyperexecute-sample-main/hyperexecute-code-b46b2097-507b-42e9-af87-f8ff814975a4.zip upload completed in 4.572445291s"}
{"level":"debug","time":"2026-05-26T18:09:42.802+0530","caller":"receptionmanager/setup.go:284","msg":"only one runtime entry detected, mapping it to older yaml format"}
{"level":"debug","time":"2026-05-26T18:09:42.803+0530","caller":"receptionmanager/setup.go:313","msg":"only one partialreports entry detected, mapping it to older yaml format"}
{"level":"debug","time":"2026-05-26T18:09:42.804+0530","caller":"receptionmanager/setup.go:188","msg":"Uploading yaml : /Users/anmolg/Desktop/Projects/Hyper sample/junit-selenium-hyperexecute-sample-main/.updatedhyperexecute.yaml"}
{"level":"debug","time":"2026-05-26T18:09:42.804+0530","caller":"storage/azure.go:60","msg":"Payload size: 4.11 kB, source path /Users/anmolg/Desktop/Projects/Hyper sample/junit-selenium-hyperexecute-sample-main/.updatedhyperexecute.yaml"}
{"level":"debug","time":"2026-05-26T18:09:44.843+0530","caller":"storage/azure.go:84","msg":"Azcopy output: \n\r100.0 %, 1 Done, 0 Failed, 0 Pending, 0 Skipped, 1 Total, 2-sec Throughput (Mb/s): 0.0164\nTotal time taken to upload(min) :0.0333\n, stderr: "}
{"level":"info","time":"2026-05-26T18:09:44.843+0530","caller":"storage/azure.go:123","msg":"File: /Users/anmolg/Desktop/Projects/Hyper sample/junit-selenium-hyperexecute-sample-main/.updatedhyperexecute.yaml upload completed in 2.039111334s"}
{"level":"debug","time":"2026-05-26T18:09:44.843+0530","caller":"core/lifecycle.go:721","msg":"Successfully deleted code archive: /Users/anmolg/Desktop/Projects/Hyper sample/junit-selenium-hyperexecute-sample-main/hyperexecute-code-b46b2097-507b-42e9-af87-f8ff814975a4.zip\n"}
{"level":"debug","time":"2026-05-26T18:09:44.844+0530","caller":"storage/azure.go:60","msg":"Payload size: 595 B, source path yaml/linux/mask-b46b2097-507b-42e9-af87-f8ff814975a4.yaml"}
{"level":"debug","time":"2026-05-26T18:09:46.880+0530","caller":"storage/azure.go:84","msg":"Azcopy output: \n\r100.0 %, 1 Done, 0 Failed, 0 Pending, 0 Skipped, 1 Total, 2-sec Throughput (Mb/s): 0.0024\nTotal time taken to upload(min) :0.0334\n, stderr: "}
{"level":"info","time":"2026-05-26T18:09:46.880+0530","caller":"storage/azure.go:123","msg":"File: yaml/linux/mask-b46b2097-507b-42e9-af87-f8ff814975a4.yaml upload completed in 2.036232416s"}
{"level":"debug","time":"2026-05-26T18:09:49.534+0530","caller":"jobmanager/sse_setup.go:192","msg":"Task id: HYPL-509662-1779799188305792556CXJ"}
{"level":"debug","time":"2026-05-26T18:09:49.534+0530","caller":"jobmanager/sse_setup.go:193","msg":"Sending new task alert to stage manager for taskId: HYPL-509662-1779799188305792556CXJ"}
{"level":"debug","time":"2026-05-26T18:09:49.534+0530","caller":"jobmanager/sse_setup.go:192","msg":"Task id: HYPL-509662-1779799188311182382VOD"}
{"level":"debug","time":"2026-05-26T18:09:49.534+0530","caller":"jobmanager/sse_setup.go:193","msg":"Sending new task alert to stage manager for taskId: HYPL-509662-1779799188311182382VOD"}
{"level":"debug","time":"2026-05-26T18:09:49.534+0530","caller":"jobmanager/sse_setup.go:192","msg":"Task id: HYPL-509662-1779799188316285986MQV"}
{"level":"debug","time":"2026-05-26T18:09:49.534+0530","caller":"jobmanager/sse_setup.go:193","msg":"Sending new task alert to stage manager for taskId: HYPL-509662-1779799188316285986MQV"}
{"level":"info","time":"2026-05-26T18:09:52.118+0530","caller":"jobmanager/sse_setup.go:84","msg":"\nJob \u001b[1m\u001b[4mb46b2097-507b-42e9-af87-f8ff814975a4\u001b[24m\u001b[22m has started \u001b[97mRUNNING\u001b[0m"}
{"level":"info","time":"2026-05-26T18:09:52.118+0530","caller":"jobmanager/manager.go:138","msg":"Job Link: \u001b[4m\u001b[34mhttps://hyperexecute.lambdatest.com/hyperexecute/task?jobId=b46b2097-507b-42e9-af87-f8ff814975a4\u001b[0m\u001b[24m\n"}
{"level":"info","time":"2026-05-26T18:09:59.118+0530","caller":"terminal/terminal.go:187","msg":"\u001b[32m✔\u001b[0m [2]  \u001b[2msetup-runtime (8s)\u001b[22m\n"}
{"level":"info","time":"2026-05-26T18:09:59.453+0530","caller":"terminal/terminal.go:187","msg":"\u001b[32m✔\u001b[0m [3]  \u001b[2msetup-runtime (8s)\u001b[22m\n"}
{"level":"info","time":"2026-05-26T18:10:00.371+0530","caller":"terminal/terminal.go:187","msg":"\u001b[32m✔\u001b[0m [1]  \u001b[2msetup-runtime (9s)\u001b[22m\n"}
{"level":"info","time":"2026-05-26T18:10:25.187+0530","caller":"terminal/terminal.go:187","msg":"\u001b[32m✔\u001b[0m [2]  \u001b[2mpre (26s)\u001b[22m\n"}
{"level":"info","time":"2026-05-26T18:10:25.357+0530","caller":"terminal/terminal.go:187","msg":"\u001b[32m✔\u001b[0m [2]  \u001b[2mdiscovery (0s)\u001b[22m\n"}
{"level":"info","time":"2026-05-26T18:10:32.856+0530","caller":"terminal/terminal.go:187","msg":"\u001b[32m✔\u001b[0m [1]  \u001b[2mpre (33s)\u001b[22m\n"}
{"level":"info","time":"2026-05-26T18:10:32.866+0530","caller":"terminal/terminal.go:187","msg":"\u001b[32m✔\u001b[0m [3]  \u001b[2mpre (34s)\u001b[22m\n"}
{"level":"info","time":"2026-05-26T18:10:33.000+0530","caller":"terminal/terminal.go:187","msg":"\u001b[32m✔\u001b[0m [1]  \u001b[2mdiscovery (1s)\u001b[22m\n"}
{"level":"info","time":"2026-05-26T18:10:33.121+0530","caller":"terminal/terminal.go:187","msg":"\u001b[32m✔\u001b[0m [3]  \u001b[2mdiscovery (0s)\u001b[22m\n"}
{"level":"debug","time":"2026-05-26T18:11:11.594+0530","caller":"events/manager.go:356","msg":"No new messages received from SSE for jobID: b46b2097-507b-42e9-af87-f8ff814975a4. Fetching from APIs"}
{"level":"debug","time":"2026-05-26T18:11:43.387+0530","caller":"events/manager.go:356","msg":"No new messages received from SSE for jobID: b46b2097-507b-42e9-af87-f8ff814975a4. Fetching from APIs"}
{"level":"info","time":"2026-05-26T18:12:00.056+0530","caller":"terminal/terminal.go:187","msg":"\u001b[32m✔\u001b[0m [3]  \u001b[2mSelPlayGroundTest12 (1m19s)\u001b[22m\n"}
{"level":"info","time":"2026-05-26T18:12:07.844+0530","caller":"terminal/terminal.go:187","msg":"\u001b[91mx\u001b[0m [1]  \u001b[2mSelPlayGroundTest10 (1m27s)\u001b[22m\n"}
{"level":"info","time":"2026-05-26T18:12:19.062+0530","caller":"terminal/terminal.go:187","msg":"\u001b[91mx\u001b[0m [2]  \u001b[2mSelPlayGroundTest11 (1m46s)\u001b[22m\n"}
{"level":"info","time":"2026-05-26T18:12:30.624+0530","caller":"terminal/terminal.go:187","msg":"\u001b[32m✔\u001b[0m [3]  \u001b[2mSelPlayGroundTest15 (30s)\u001b[22m\n"}
{"level":"info","time":"2026-05-26T18:12:46.240+0530","caller":"terminal/terminal.go:187","msg":"\u001b[91mx\u001b[0m [1]  \u001b[2mSelPlayGroundTest13 (38s)\u001b[22m\n"}
{"level":"info","time":"2026-05-26T18:12:56.525+0530","caller":"terminal/terminal.go:187","msg":"\u001b[32m✔\u001b[0m [3]  \u001b[2mSelPlayGroundTest3 (25s)\u001b[22m\n"}
{"level":"info","time":"2026-05-26T18:13:06.957+0530","caller":"terminal/terminal.go:187","msg":"\u001b[91mx\u001b[0m [2]  \u001b[2mSelPlayGroundTest14 (48s)\u001b[22m\n"}
{"level":"info","time":"2026-05-26T18:13:23.380+0530","caller":"terminal/terminal.go:187","msg":"\u001b[32m✔\u001b[0m [3]  \u001b[2mSelPlayGroundTest6 (27s)\u001b[22m\n"}
{"level":"info","time":"2026-05-26T18:13:25.067+0530","caller":"terminal/terminal.go:187","msg":"\u001b[91mx\u001b[0m [1]  \u001b[2mSelPlayGroundTest1 (39s)\u001b[22m\n"}
{"level":"info","time":"2026-05-26T18:13:38.454+0530","caller":"terminal/terminal.go:187","msg":"\u001b[32m✔\u001b[0m [2]  \u001b[2mSelPlayGroundTest2 (31s)\u001b[22m\n"}
{"level":"info","time":"2026-05-26T18:13:52.971+0530","caller":"terminal/terminal.go:187","msg":"\u001b[32m✔\u001b[0m [3]  \u001b[2mSelPlayGroundTest9 (30s)\u001b[22m\n"}
{"level":"info","time":"2026-05-26T18:14:03.412+0530","caller":"terminal/terminal.go:187","msg":"\u001b[91mx\u001b[0m [1]  \u001b[2mSelPlayGroundTest4 (38s)\u001b[22m\n"}
{"level":"info","time":"2026-05-26T18:14:26.690+0530","caller":"terminal/terminal.go:187","msg":"\u001b[91mx\u001b[0m [2]  \u001b[2mSelPlayGroundTest5 (49s)\u001b[22m\n"}
{"level":"info","time":"2026-05-26T18:14:45.315+0530","caller":"terminal/terminal.go:187","msg":"\u001b[91mx\u001b[0m [1]  \u001b[2mSelPlayGroundTest7 (42s)\u001b[22m\n"}
{"level":"debug","time":"2026-05-26T18:15:15.316+0530","caller":"events/manager.go:356","msg":"No new messages received from SSE for jobID: b46b2097-507b-42e9-af87-f8ff814975a4. Fetching from APIs"}
{"level":"info","time":"2026-05-26T18:15:18.881+0530","caller":"terminal/terminal.go:187","msg":"\u001b[91mx\u001b[0m [2]  \u001b[2mSelPlayGroundTest8 (52s)\u001b[22m\n"}
{"level":"debug","time":"2026-05-26T18:15:48.882+0530","caller":"events/manager.go:356","msg":"No new messages received from SSE for jobID: b46b2097-507b-42e9-af87-f8ff814975a4. Fetching from APIs"}
{"level":"debug","time":"2026-05-26T18:15:50.674+0530","caller":"jobmanager/sse_setup.go:134","msg":"\n\nJob status"}
{"level":"info","time":"2026-05-26T18:15:50.674+0530","caller":"core/lifecycle.go:811","msg":"taskId:HYPL-509662-1779799188305792556CXJ has failed with remark: Job failed as encountered a Test level failure\n"}
{"level":"info","time":"2026-05-26T18:15:50.674+0530","caller":"core/lifecycle.go:811","msg":"taskId:HYPL-509662-1779799188311182382VOD has failed with remark: Job failed as encountered a Test level failure\n"}
{"level":"info","time":"2026-05-26T18:15:51.585+0530","caller":"jobmanager/JobSummaryManager.go:54","msg":"\n\u001b[101m FAILED \u001b[0m\n"}
{"level":"info","time":"2026-05-26T18:15:51.586+0530","caller":"jobmanager/JobSummaryManager.go:113","msg":"    \u001b[1mTest Execution Time\u001b[22m:                  \u001b[91m3m55s\u001b[0m"}
{"level":"info","time":"2026-05-26T18:15:51.586+0530","caller":"jobmanager/JobSummaryManager.go:113","msg":"    \u001b[1mJob Duration Time\u001b[22m:                    5m58s"}
{"level":"info","time":"2026-05-26T18:15:51.586+0530","caller":"jobmanager/JobSummaryManager.go:113","msg":"    \u001b[1mTotal Tasks\u001b[22m:                          3"}
{"level":"info","time":"2026-05-26T18:15:51.586+0530","caller":"jobmanager/JobSummaryManager.go:113","msg":"    \u001b[1mCumulative Time Consumed\u001b[22m:             15m54s"}
{"level":"info","time":"2026-05-26T18:15:51.586+0530","caller":"jobmanager/JobSummaryManager.go:113","msg":"    \u001b[1mTotal Stages\u001b[22m:                         21"}
{"level":"info","time":"2026-05-26T18:15:51.586+0530","caller":"jobmanager/JobSummaryManager.go:113","msg":"    \u001b[1mPass discovery stage percentage\u001b[22m:      100.00%"}
{"level":"info","time":"2026-05-26T18:15:51.586+0530","caller":"jobmanager/JobSummaryManager.go:113","msg":"    \u001b[1mFailed discovery stage percentage\u001b[22m:    0.00%"}
{"level":"info","time":"2026-05-26T18:15:51.586+0530","caller":"jobmanager/JobSummaryManager.go:113","msg":"    \u001b[1mPass pre stage percentage\u001b[22m:            \u001b[92m100.00%\u001b[0m"}
{"level":"info","time":"2026-05-26T18:15:51.587+0530","caller":"jobmanager/JobSummaryManager.go:113","msg":"    \u001b[1mFailed pre stage percentage\u001b[22m:          0.00%"}
{"level":"info","time":"2026-05-26T18:15:51.587+0530","caller":"jobmanager/JobSummaryManager.go:113","msg":"    \u001b[1mPass test stage percentage\u001b[22m:           40.00%"}
{"level":"info","time":"2026-05-26T18:15:51.587+0530","caller":"jobmanager/JobSummaryManager.go:113","msg":"    \u001b[1mFailed test stage percentage\u001b[22m:         \u001b[91m60.00%\u001b[0m"}
{"level":"info","time":"2026-05-26T18:15:51.587+0530","caller":"jobmanager/JobSummaryManager.go:113","msg":"    \u001b[1mPass post stage percentage\u001b[22m:           0.00%"}
{"level":"info","time":"2026-05-26T18:15:51.587+0530","caller":"jobmanager/JobSummaryManager.go:113","msg":"    \u001b[1mFailed post stage percentage\u001b[22m:         0.00%"}
{"level":"info","time":"2026-05-26T18:15:51.587+0530","caller":"jobmanager/JobSummaryManager.go:113","msg":"    \u001b[1mFailed Tasks\u001b[22m:                         2"}
{"level":"info","time":"2026-05-26T18:15:51.587+0530","caller":"jobmanager/JobSummaryManager.go:58","msg":""}
{"level":"info","time":"2026-05-26T18:15:51.588+0530","caller":"events/manager.go:338","msg":"context done and stopping SSE"}
{"level":"debug","time":"2026-05-26T18:15:51.588+0530","caller":"events/manager.go:256","msg":"Stopping event manager"}
{"level":"debug","time":"2026-05-26T18:15:51.588+0530","caller":"core/lifecycle.go:924","msg":"Context canceled"}
{"level":"info","time":"2026-05-26T18:15:51.588+0530","caller":"core/lifecycle.go:927","msg":"\u001b[2mStopping pipeline gracefully\u001b[22m"}
{"level":"error","time":"2026-05-26T18:15:51.588+0530","caller":"core/lifecycle.go:930","msg":"2026-05-26T18:09:27+05:30    error    Exiting with error: Failed tasks found."}
{"level":"info","time":"2026-05-26T18:15:51.588+0530","caller":"jobmanager/manager.go:138","msg":"Job Link: \u001b[4m\u001b[34mhttps://hyperexecute.lambdatest.com/hyperexecute/task?jobId=b46b2097-507b-42e9-af87-f8ff814975a4\u001b[0m\u001b[24m\n"}
{"level":"debug","time":"2026-05-26T18:15:51.589+0530","caller":"core/lifecycle.go:59","msg":"Quit requested from main goroutine...."}
{"level":"debug","time":"2026-05-26T18:15:51.589+0530","caller":"core/lifecycle.go:60","msg":"Waiting for the goroutines to exit"}
{"level":"debug","time":"2026-05-26T18:15:51.589+0530","caller":"core/lifecycle.go:63","msg":"All lifecycle goroutines exited"}
{"level":"debug","time":"2026-05-26T18:15:51.589+0530","caller":"cmd/bin.go:400","msg":"Exiting application due to error Failed tasks found."}
{"level":"debug","time":"2026-05-26T18:15:51.595+0530","caller":"cmd/bin.go:195","msg":"Child binary process exited with error: exit status 1"}
{"level":"debug","time":"2026-05-26T18:50:37.723+0530","caller":"cmd/bin.go:145","msg":"cli os: darwin, cli arch: arm64"}
{"level":"debug","time":"2026-05-26T18:50:38.509+0530","caller":"cmd/bin.go:154","msg":"Upstream version details: {Name:cli Min:0.2.265 Max:0.2.341} "}
{"level":"info","time":"2026-05-26T18:50:38.509+0530","caller":"cmd/bin.go:202","msg":"Generating TraceID for tracking request: 01KSJ73FTE1QWZBT3A11XW30RV \n"}
{"level":"debug","time":"2026-05-26T18:50:41.765+0530","caller":"core/lifecycle.go:107","msg":"Setting environment"}
{"level":"debug","time":"2026-05-26T18:50:41.765+0530","caller":"core/lifecycle.go:110","msg":"Parsing config"}
{"level":"debug","time":"2026-05-26T18:50:41.765+0530","caller":"yamlconfigmanager/setup.go:725","msg":"Custom location for .hyperexecute.yaml specified. Using: yaml/linux/junit_hyperexecute_autosplit_sample.yaml"}
{"level":"debug","time":"2026-05-26T18:50:41.765+0530","caller":"yamlconfigmanager/setup.go:117","msg":"using hyperexecute config from : yaml/linux/junit_hyperexecute_autosplit_sample.yaml"}
{"level":"debug","time":"2026-05-26T18:50:43.813+0530","caller":"yamlconfigmanager/setup.go:2153","msg":"Autodetecting test type in files of path : /Users/anmolg/Desktop/Projects/Hyper sample/junit-selenium-hyperexecute-sample-main"}
{"level":"debug","time":"2026-05-26T18:50:43.815+0530","caller":"yamlconfigmanager/setup.go:547","msg":"Tunnel: false"}
{"level":"info","time":"2026-05-26T18:50:43.815+0530","caller":"models/HypertestYamlConfig.go:974","msg":"\n\u001b[4m\u001b[1m\u001b[97mExecution Plan\u001b[0m\u001b[22m\u001b[24m"}
{"level":"info","time":"2026-05-26T18:50:43.815+0530","caller":"models/HypertestYamlConfig.go:775","msg":"Mode:    \u001b[36mautosplit\u001b[0m"}
{"level":"info","time":"2026-05-26T18:50:43.815+0530","caller":"models/HypertestYamlConfig.go:835","msg":"Runson:    \u001b[36mlinux\u001b[0m"}
{"level":"info","time":"2026-05-26T18:50:43.815+0530","caller":"models/HypertestYamlConfig.go:843","msg":"Concurrency:    \u001b[36m3\u001b[0m"}
{"level":"info","time":"2026-05-26T18:50:43.815+0530","caller":"models/HypertestYamlConfig.go:907","msg":"Report:    \u001b[36menabled\u001b[0m"}
{"level":"info","time":"2026-05-26T18:50:43.815+0530","caller":"models/HypertestYamlConfig.go:987","msg":""}
{"level":"debug","time":"2026-05-26T18:50:43.815+0530","caller":"filevalidator/setup.go:49","msg":"Warning: Checking data.json file in current directory, no dataJsonPath found in .hyperexecute.yaml"}
{"level":"debug","time":"2026-05-26T18:50:43.815+0530","caller":"filevalidator/setup.go:53","msg":"Warning: data.json file doesn't exist"}
{"level":"debug","time":"2026-05-26T18:50:47.633+0530","caller":"core/lifecycle.go:527","msg":"Job ID: ca5d8b3c-aec6-475d-ad25-8b7af588f67a"}
{"level":"debug","time":"2026-05-26T18:50:47.633+0530","caller":"events/manager.go:97","msg":"Starting event manager"}
{"level":"debug","time":"2026-05-26T18:50:47.633+0530","caller":"events/manager.go:99","msg":"SSE enabled, getting SSE connection"}
{"level":"debug","time":"2026-05-26T18:50:47.633+0530","caller":"core/lifecycle.go:530","msg":"User - anmolgtestmuai, triggered job with ID ca5d8b3c-aec6-475d-ad25-8b7af588f67a from CLI"}
{"level":"debug","time":"2026-05-26T18:50:47.635+0530","caller":"archivemanager/setup.go:339","msg":"digestMap: map[]"}
{"level":"debug","time":"2026-05-26T18:50:47.635+0530","caller":"archivemanager/setup.go:345","msg":"Creating archive of target directory: /Users/anmolg/Desktop/Projects/Hyper sample/junit-selenium-hyperexecute-sample-main"}
{"level":"debug","time":"2026-05-26T18:50:47.668+0530","caller":"core/lifecycle.go:684","msg":"Zip file size: 227.25 kB"}
{"level":"debug","time":"2026-05-26T18:50:47.668+0530","caller":"core/lifecycle.go:694","msg":"Archive location: /Users/anmolg/Desktop/Projects/Hyper sample/junit-selenium-hyperexecute-sample-main/hyperexecute-code-ca5d8b3c-aec6-475d-ad25-8b7af588f67a.zip\n"}
{"level":"debug","time":"2026-05-26T18:50:47.668+0530","caller":"storage/azure.go:60","msg":"Payload size: 227.25 kB, source path /Users/anmolg/Desktop/Projects/Hyper sample/junit-selenium-hyperexecute-sample-main/hyperexecute-code-ca5d8b3c-aec6-475d-ad25-8b7af588f67a.zip"}
{"level":"debug","time":"2026-05-26T18:50:49.049+0530","caller":"events/manager.go:288","msg":"connection to hyperexecute server established successfully."}
{"level":"debug","time":"2026-05-26T18:50:52.236+0530","caller":"storage/azure.go:84","msg":"Azcopy output: \n\r0.0 %, 0 Done, 0 Failed, 1 Pending, 0 Skipped, 1 Total, 2-sec Throughput (Mb/s): 0.9088\r100.0 %, 1 Done, 0 Failed, 0 Pending, 0 Skipped, 1 Total,                              \nTotal time taken to upload(min) :0.0667\n, stderr: "}
{"level":"info","time":"2026-05-26T18:50:52.236+0530","caller":"storage/azure.go:123","msg":"File: /Users/anmolg/Desktop/Projects/Hyper sample/junit-selenium-hyperexecute-sample-main/hyperexecute-code-ca5d8b3c-aec6-475d-ad25-8b7af588f67a.zip upload completed in 4.568325583s"}
{"level":"debug","time":"2026-05-26T18:50:52.237+0530","caller":"receptionmanager/setup.go:284","msg":"only one runtime entry detected, mapping it to older yaml format"}
{"level":"debug","time":"2026-05-26T18:50:52.237+0530","caller":"receptionmanager/setup.go:313","msg":"only one partialreports entry detected, mapping it to older yaml format"}
{"level":"debug","time":"2026-05-26T18:50:52.238+0530","caller":"receptionmanager/setup.go:188","msg":"Uploading yaml : /Users/anmolg/Desktop/Projects/Hyper sample/junit-selenium-hyperexecute-sample-main/.updatedhyperexecute.yaml"}
{"level":"debug","time":"2026-05-26T18:50:52.238+0530","caller":"storage/azure.go:60","msg":"Payload size: 4.11 kB, source path /Users/anmolg/Desktop/Projects/Hyper sample/junit-selenium-hyperexecute-sample-main/.updatedhyperexecute.yaml"}
{"level":"debug","time":"2026-05-26T18:50:54.275+0530","caller":"storage/azure.go:84","msg":"Azcopy output: \n\r100.0 %, 1 Done, 0 Failed, 0 Pending, 0 Skipped, 1 Total, 2-sec Throughput (Mb/s): 0.0164\nTotal time taken to upload(min) :0.0333\n, stderr: "}
{"level":"info","time":"2026-05-26T18:50:54.275+0530","caller":"storage/azure.go:123","msg":"File: /Users/anmolg/Desktop/Projects/Hyper sample/junit-selenium-hyperexecute-sample-main/.updatedhyperexecute.yaml upload completed in 2.037623667s"}
{"level":"debug","time":"2026-05-26T18:50:54.275+0530","caller":"core/lifecycle.go:721","msg":"Successfully deleted code archive: /Users/anmolg/Desktop/Projects/Hyper sample/junit-selenium-hyperexecute-sample-main/hyperexecute-code-ca5d8b3c-aec6-475d-ad25-8b7af588f67a.zip\n"}
{"level":"debug","time":"2026-05-26T18:50:54.276+0530","caller":"storage/azure.go:60","msg":"Payload size: 595 B, source path yaml/linux/mask-ca5d8b3c-aec6-475d-ad25-8b7af588f67a.yaml"}
{"level":"debug","time":"2026-05-26T18:50:56.318+0530","caller":"storage/azure.go:84","msg":"Azcopy output: \n\r100.0 %, 1 Done, 0 Failed, 0 Pending, 0 Skipped, 1 Total, 2-sec Throughput (Mb/s): 0.0024\nTotal time taken to upload(min) :0.0333\n, stderr: "}
{"level":"info","time":"2026-05-26T18:50:56.318+0530","caller":"storage/azure.go:123","msg":"File: yaml/linux/mask-ca5d8b3c-aec6-475d-ad25-8b7af588f67a.yaml upload completed in 2.042513208s"}
{"level":"debug","time":"2026-05-26T18:50:58.845+0530","caller":"jobmanager/sse_setup.go:192","msg":"Task id: HYPL-509662-1779801657688046525KLX"}
{"level":"debug","time":"2026-05-26T18:50:58.846+0530","caller":"jobmanager/sse_setup.go:193","msg":"Sending new task alert to stage manager for taskId: HYPL-509662-1779801657688046525KLX"}
{"level":"debug","time":"2026-05-26T18:50:58.846+0530","caller":"jobmanager/sse_setup.go:192","msg":"Task id: HYPL-509662-1779801657692984823ALB"}
{"level":"debug","time":"2026-05-26T18:50:58.846+0530","caller":"jobmanager/sse_setup.go:193","msg":"Sending new task alert to stage manager for taskId: HYPL-509662-1779801657692984823ALB"}
{"level":"debug","time":"2026-05-26T18:50:58.846+0530","caller":"jobmanager/sse_setup.go:192","msg":"Task id: HYPL-509662-1779801657699377109MEU"}
{"level":"debug","time":"2026-05-26T18:50:58.846+0530","caller":"jobmanager/sse_setup.go:193","msg":"Sending new task alert to stage manager for taskId: HYPL-509662-1779801657699377109MEU"}
{"level":"debug","time":"2026-05-26T18:51:28.847+0530","caller":"events/manager.go:356","msg":"No new messages received from SSE for jobID: ca5d8b3c-aec6-475d-ad25-8b7af588f67a. Fetching from APIs"}
{"level":"info","time":"2026-05-26T18:51:29.713+0530","caller":"jobmanager/sse_setup.go:86","msg":"\nJob \u001b[1m\u001b[4mca5d8b3c-aec6-475d-ad25-8b7af588f67a\u001b[24m\u001b[22m has \u001b[97mINITIATED\u001b[0m"}
{"level":"info","time":"2026-05-26T18:51:29.714+0530","caller":"jobmanager/manager.go:138","msg":"Job Link: \u001b[4m\u001b[34mhttps://hyperexecute.lambdatest.com/hyperexecute/task?jobId=ca5d8b3c-aec6-475d-ad25-8b7af588f67a\u001b[0m\u001b[24m\n"}
{"level":"info","time":"2026-05-26T18:51:41.469+0530","caller":"terminal/terminal.go:187","msg":"\u001b[32m✔\u001b[0m [1]  \u001b[2msetup-runtime (8s)\u001b[22m\n"}
{"level":"info","time":"2026-05-26T18:51:41.549+0530","caller":"terminal/terminal.go:187","msg":"\u001b[32m✔\u001b[0m [2]  \u001b[2msetup-runtime (9s)\u001b[22m\n"}
{"level":"info","time":"2026-05-26T18:51:42.200+0530","caller":"terminal/terminal.go:187","msg":"\u001b[32m✔\u001b[0m [3]  \u001b[2msetup-runtime (8s)\u001b[22m\n"}
{"level":"info","time":"2026-05-26T18:52:02.311+0530","caller":"terminal/terminal.go:187","msg":"\u001b[32m✔\u001b[0m [1]  \u001b[2mpre (21s)\u001b[22m\n"}
{"level":"info","time":"2026-05-26T18:52:02.472+0530","caller":"terminal/terminal.go:187","msg":"\u001b[32m✔\u001b[0m [1]  \u001b[2mdiscovery (0s)\u001b[22m\n"}
{"level":"info","time":"2026-05-26T18:52:03.990+0530","caller":"terminal/terminal.go:187","msg":"\u001b[32m✔\u001b[0m [3]  \u001b[2mpre (22s)\u001b[22m\n"}
{"level":"info","time":"2026-05-26T18:52:04.113+0530","caller":"terminal/terminal.go:187","msg":"\u001b[32m✔\u001b[0m [3]  \u001b[2mdiscovery (0s)\u001b[22m\n"}
{"level":"info","time":"2026-05-26T18:52:23.630+0530","caller":"terminal/terminal.go:187","msg":"\u001b[32m✔\u001b[0m [2]  \u001b[2mpre (43s)\u001b[22m\n"}
{"level":"info","time":"2026-05-26T18:52:23.759+0530","caller":"terminal/terminal.go:187","msg":"\u001b[32m✔\u001b[0m [2]  \u001b[2mdiscovery (1s)\u001b[22m\n"}
{"level":"debug","time":"2026-05-26T18:53:01.853+0530","caller":"events/manager.go:356","msg":"No new messages received from SSE for jobID: ca5d8b3c-aec6-475d-ad25-8b7af588f67a. Fetching from APIs"}
{"level":"debug","time":"2026-05-26T18:53:33.602+0530","caller":"events/manager.go:356","msg":"No new messages received from SSE for jobID: ca5d8b3c-aec6-475d-ad25-8b7af588f67a. Fetching from APIs"}
{"level":"info","time":"2026-05-26T18:53:35.201+0530","caller":"terminal/terminal.go:187","msg":"\u001b[32m✔\u001b[0m [3]  \u001b[2mSelPlayGroundTest12 (1m23s)\u001b[22m\n"}
{"level":"info","time":"2026-05-26T18:53:40.444+0530","caller":"terminal/terminal.go:187","msg":"\u001b[91mx\u001b[0m [1]  \u001b[2mSelPlayGroundTest10 (1m30s)\u001b[22m\n"}
{"level":"info","time":"2026-05-26T18:54:04.061+0530","caller":"terminal/terminal.go:187","msg":"\u001b[32m✔\u001b[0m [3]  \u001b[2mSelPlayGroundTest15 (29s)\u001b[22m\n"}
{"level":"info","time":"2026-05-26T18:54:18.764+0530","caller":"terminal/terminal.go:187","msg":"\u001b[91mx\u001b[0m [1]  \u001b[2mSelPlayGroundTest13 (39s)\u001b[22m\n"}
{"level":"info","time":"2026-05-26T18:54:32.421+0530","caller":"terminal/terminal.go:187","msg":"\u001b[91mx\u001b[0m [2]  \u001b[2mSelPlayGroundTest11 (2m1s)\u001b[22m\n"}
{"level":"info","time":"2026-05-26T18:54:42.169+0530","caller":"terminal/terminal.go:187","msg":"\u001b[32m✔\u001b[0m [3]  \u001b[2mSelPlayGroundTest3 (38s)\u001b[22m\n"}
{"level":"info","time":"2026-05-26T18:54:42.565+0530","caller":"terminal/terminal.go:187","msg":"\u001b[32m✔\u001b[0m [1]  \u001b[2mSelPlayGroundTest1 (23s)\u001b[22m\n"}
{"level":"info","time":"2026-05-26T18:55:10.163+0530","caller":"terminal/terminal.go:187","msg":"\u001b[32m✔\u001b[0m [3]  \u001b[2mSelPlayGroundTest6 (28s)\u001b[22m\n"}
{"level":"info","time":"2026-05-26T18:55:18.684+0530","caller":"terminal/terminal.go:187","msg":"\u001b[91mx\u001b[0m [1]  \u001b[2mSelPlayGroundTest4 (37s)\u001b[22m\n"}
{"level":"info","time":"2026-05-26T18:55:22.650+0530","caller":"terminal/terminal.go:187","msg":"\u001b[91mx\u001b[0m [2]  \u001b[2mSelPlayGroundTest14 (50s)\u001b[22m\n"}
{"level":"info","time":"2026-05-26T18:55:43.009+0530","caller":"terminal/terminal.go:187","msg":"\u001b[32m✔\u001b[0m [3]  \u001b[2mSelPlayGroundTest9 (33s)\u001b[22m\n"}
{"level":"info","time":"2026-05-26T18:55:58.787+0530","caller":"terminal/terminal.go:187","msg":"\u001b[32m✔\u001b[0m [2]  \u001b[2mSelPlayGroundTest2 (36s)\u001b[22m\n"}
{"level":"info","time":"2026-05-26T18:55:59.029+0530","caller":"terminal/terminal.go:187","msg":"\u001b[91mx\u001b[0m [1]  \u001b[2mSelPlayGroundTest7 (40s)\u001b[22m\n"}
{"level":"info","time":"2026-05-26T18:56:47.312+0530","caller":"terminal/terminal.go:187","msg":"\u001b[91mx\u001b[0m [2]  \u001b[2mSelPlayGroundTest5 (48s)\u001b[22m\n"}
{"level":"debug","time":"2026-05-26T18:57:17.751+0530","caller":"events/manager.go:356","msg":"No new messages received from SSE for jobID: ca5d8b3c-aec6-475d-ad25-8b7af588f67a. Fetching from APIs"}
{"level":"info","time":"2026-05-26T18:57:40.362+0530","caller":"terminal/terminal.go:187","msg":"\u001b[91mx\u001b[0m [2]  \u001b[2mSelPlayGroundTest8 (53s)\u001b[22m\n"}
{"level":"debug","time":"2026-05-26T18:58:10.363+0530","caller":"events/manager.go:356","msg":"No new messages received from SSE for jobID: ca5d8b3c-aec6-475d-ad25-8b7af588f67a. Fetching from APIs"}
{"level":"debug","time":"2026-05-26T18:58:12.250+0530","caller":"jobmanager/sse_setup.go:134","msg":"\n\nJob status"}
{"level":"info","time":"2026-05-26T18:58:12.251+0530","caller":"core/lifecycle.go:811","msg":"taskId:HYPL-509662-1779801657688046525KLX has failed with remark: Job failed as encountered a Test level failure\n"}
{"level":"info","time":"2026-05-26T18:58:12.251+0530","caller":"core/lifecycle.go:811","msg":"taskId:HYPL-509662-1779801657692984823ALB has failed with remark: Job failed as encountered a Test level failure\n"}
{"level":"info","time":"2026-05-26T18:58:13.057+0530","caller":"jobmanager/JobSummaryManager.go:54","msg":"\n\u001b[101m FAILED \u001b[0m\n"}
{"level":"info","time":"2026-05-26T18:58:13.058+0530","caller":"jobmanager/JobSummaryManager.go:113","msg":"    \u001b[1mTest Execution Time\u001b[22m:                  \u001b[91m4m37s\u001b[0m"}
{"level":"info","time":"2026-05-26T18:58:13.058+0530","caller":"jobmanager/JobSummaryManager.go:113","msg":"    \u001b[1mJob Duration Time\u001b[22m:                    6m38s"}
{"level":"info","time":"2026-05-26T18:58:13.058+0530","caller":"jobmanager/JobSummaryManager.go:113","msg":"    \u001b[1mTotal Tasks\u001b[22m:                          3"}
{"level":"info","time":"2026-05-26T18:58:13.058+0530","caller":"jobmanager/JobSummaryManager.go:113","msg":"    \u001b[1mCumulative Time Consumed\u001b[22m:             16m13s"}
{"level":"info","time":"2026-05-26T18:58:13.058+0530","caller":"jobmanager/JobSummaryManager.go:113","msg":"    \u001b[1mTotal Stages\u001b[22m:                         21"}
{"level":"info","time":"2026-05-26T18:58:13.060+0530","caller":"jobmanager/JobSummaryManager.go:113","msg":"    \u001b[1mPass discovery stage percentage\u001b[22m:      100.00%"}
{"level":"info","time":"2026-05-26T18:58:13.060+0530","caller":"jobmanager/JobSummaryManager.go:113","msg":"    \u001b[1mFailed discovery stage percentage\u001b[22m:    0.00%"}
{"level":"info","time":"2026-05-26T18:58:13.060+0530","caller":"jobmanager/JobSummaryManager.go:113","msg":"    \u001b[1mPass pre stage percentage\u001b[22m:            \u001b[92m100.00%\u001b[0m"}
{"level":"info","time":"2026-05-26T18:58:13.060+0530","caller":"jobmanager/JobSummaryManager.go:113","msg":"    \u001b[1mFailed pre stage percentage\u001b[22m:          0.00%"}
{"level":"info","time":"2026-05-26T18:58:13.060+0530","caller":"jobmanager/JobSummaryManager.go:113","msg":"    \u001b[1mPass test stage percentage\u001b[22m:           46.67%"}
{"level":"info","time":"2026-05-26T18:58:13.060+0530","caller":"jobmanager/JobSummaryManager.go:113","msg":"    \u001b[1mFailed test stage percentage\u001b[22m:         \u001b[91m53.33%\u001b[0m"}
{"level":"info","time":"2026-05-26T18:58:13.060+0530","caller":"jobmanager/JobSummaryManager.go:113","msg":"    \u001b[1mPass post stage percentage\u001b[22m:           0.00%"}
{"level":"info","time":"2026-05-26T18:58:13.060+0530","caller":"jobmanager/JobSummaryManager.go:113","msg":"    \u001b[1mFailed post stage percentage\u001b[22m:         0.00%"}
{"level":"info","time":"2026-05-26T18:58:13.060+0530","caller":"jobmanager/JobSummaryManager.go:113","msg":"    \u001b[1mFailed Tasks\u001b[22m:                         2"}
{"level":"info","time":"2026-05-26T18:58:13.060+0530","caller":"jobmanager/JobSummaryManager.go:58","msg":""}
{"level":"debug","time":"2026-05-26T18:58:13.064+0530","caller":"core/lifecycle.go:924","msg":"Context canceled"}
{"level":"info","time":"2026-05-26T18:58:13.064+0530","caller":"core/lifecycle.go:927","msg":"\u001b[2mStopping pipeline gracefully\u001b[22m"}
{"level":"info","time":"2026-05-26T18:58:13.064+0530","caller":"events/manager.go:338","msg":"context done and stopping SSE"}
{"level":"debug","time":"2026-05-26T18:58:13.064+0530","caller":"events/manager.go:256","msg":"Stopping event manager"}
{"level":"error","time":"2026-05-26T18:58:13.064+0530","caller":"core/lifecycle.go:930","msg":"2026-05-26T18:50:36+05:30    error    Exiting with error: Failed tasks found."}
{"level":"info","time":"2026-05-26T18:58:13.064+0530","caller":"jobmanager/manager.go:138","msg":"Job Link: \u001b[4m\u001b[34mhttps://hyperexecute.lambdatest.com/hyperexecute/task?jobId=ca5d8b3c-aec6-475d-ad25-8b7af588f67a\u001b[0m\u001b[24m\n"}
{"level":"debug","time":"2026-05-26T18:58:13.064+0530","caller":"core/lifecycle.go:59","msg":"Quit requested from main goroutine...."}
{"level":"debug","time":"2026-05-26T18:58:13.067+0530","caller":"core/lifecycle.go:60","msg":"Waiting for the goroutines to exit"}
{"level":"debug","time":"2026-05-26T18:58:13.067+0530","caller":"core/lifecycle.go:63","msg":"All lifecycle goroutines exited"}
{"level":"debug","time":"2026-05-26T18:58:13.067+0530","caller":"cmd/bin.go:361","msg":"main: all goroutines have finished."}
{"level":"debug","time":"2026-05-26T18:58:13.067+0530","caller":"cmd/bin.go:400","msg":"Exiting application due to error Failed tasks found."}
{"level":"debug","time":"2026-05-26T19:57:48.601+0530","caller":"cmd/bin.go:145","msg":"cli os: darwin, cli arch: arm64"}
{"level":"debug","time":"2026-05-26T19:57:49.595+0530","caller":"cmd/bin.go:154","msg":"Upstream version details: {Name:cli Min:0.2.265 Max:0.2.341} "}
{"level":"info","time":"2026-05-26T19:57:49.595+0530","caller":"cmd/bin.go:202","msg":"Generating TraceID for tracking request: 01KSJAYGC4WJW4S9N1MVARJ3GK \n"}
{"level":"debug","time":"2026-05-26T19:57:52.979+0530","caller":"core/lifecycle.go:107","msg":"Setting environment"}
{"level":"debug","time":"2026-05-26T19:57:52.979+0530","caller":"core/lifecycle.go:110","msg":"Parsing config"}
{"level":"debug","time":"2026-05-26T19:57:52.979+0530","caller":"yamlconfigmanager/setup.go:725","msg":"Custom location for .hyperexecute.yaml specified. Using: yaml/linux/junit_hyperexecute_autosplit_sample.yaml"}
{"level":"debug","time":"2026-05-26T19:57:52.979+0530","caller":"yamlconfigmanager/setup.go:117","msg":"using hyperexecute config from : yaml/linux/junit_hyperexecute_autosplit_sample.yaml"}
{"level":"debug","time":"2026-05-26T19:57:55.131+0530","caller":"yamlconfigmanager/setup.go:2153","msg":"Autodetecting test type in files of path : /Users/anmolg/Desktop/Projects/Hyper sample/junit-selenium-hyperexecute-sample-main"}
{"level":"debug","time":"2026-05-26T19:57:55.133+0530","caller":"yamlconfigmanager/setup.go:547","msg":"Tunnel: false"}
{"level":"info","time":"2026-05-26T19:57:55.133+0530","caller":"models/HypertestYamlConfig.go:974","msg":"\n\u001b[4m\u001b[1m\u001b[97mExecution Plan\u001b[0m\u001b[22m\u001b[24m"}
{"level":"info","time":"2026-05-26T19:57:55.133+0530","caller":"models/HypertestYamlConfig.go:775","msg":"Mode:    \u001b[36mautosplit\u001b[0m"}
{"level":"info","time":"2026-05-26T19:57:55.134+0530","caller":"models/HypertestYamlConfig.go:835","msg":"Runson:    \u001b[36mlinux\u001b[0m"}
{"level":"info","time":"2026-05-26T19:57:55.134+0530","caller":"models/HypertestYamlConfig.go:843","msg":"Concurrency:    \u001b[36m3\u001b[0m"}
{"level":"info","time":"2026-05-26T19:57:55.134+0530","caller":"models/HypertestYamlConfig.go:907","msg":"Report:    \u001b[36menabled\u001b[0m"}
{"level":"info","time":"2026-05-26T19:57:55.134+0530","caller":"models/HypertestYamlConfig.go:987","msg":""}
{"level":"debug","time":"2026-05-26T19:57:55.134+0530","caller":"filevalidator/setup.go:49","msg":"Warning: Checking data.json file in current directory, no dataJsonPath found in .hyperexecute.yaml"}
{"level":"debug","time":"2026-05-26T19:57:55.134+0530","caller":"filevalidator/setup.go:53","msg":"Warning: data.json file doesn't exist"}
{"level":"debug","time":"2026-05-26T19:57:59.964+0530","caller":"core/lifecycle.go:527","msg":"Job ID: b8fee01f-a749-456a-a974-5ea3509ceb94"}
{"level":"debug","time":"2026-05-26T19:57:59.964+0530","caller":"events/manager.go:97","msg":"Starting event manager"}
{"level":"debug","time":"2026-05-26T19:57:59.964+0530","caller":"events/manager.go:99","msg":"SSE enabled, getting SSE connection"}
{"level":"debug","time":"2026-05-26T19:57:59.964+0530","caller":"core/lifecycle.go:530","msg":"User - anmolgtestmuai, triggered job with ID b8fee01f-a749-456a-a974-5ea3509ceb94 from CLI"}
{"level":"debug","time":"2026-05-26T19:57:59.965+0530","caller":"archivemanager/setup.go:339","msg":"digestMap: map[]"}
{"level":"debug","time":"2026-05-26T19:57:59.965+0530","caller":"archivemanager/setup.go:345","msg":"Creating archive of target directory: /Users/anmolg/Desktop/Projects/Hyper sample/junit-selenium-hyperexecute-sample-main"}
{"level":"debug","time":"2026-05-26T19:58:00.015+0530","caller":"core/lifecycle.go:684","msg":"Zip file size: 228.19 kB"}
{"level":"debug","time":"2026-05-26T19:58:00.015+0530","caller":"core/lifecycle.go:694","msg":"Archive location: /Users/anmolg/Desktop/Projects/Hyper sample/junit-selenium-hyperexecute-sample-main/hyperexecute-code-b8fee01f-a749-456a-a974-5ea3509ceb94.zip\n"}
{"level":"debug","time":"2026-05-26T19:58:00.015+0530","caller":"storage/azure.go:60","msg":"Payload size: 228.19 kB, source path /Users/anmolg/Desktop/Projects/Hyper sample/junit-selenium-hyperexecute-sample-main/hyperexecute-code-b8fee01f-a749-456a-a974-5ea3509ceb94.zip"}
{"level":"debug","time":"2026-05-26T19:58:01.449+0530","caller":"events/manager.go:288","msg":"connection to hyperexecute server established successfully."}
{"level":"debug","time":"2026-05-26T19:58:04.572+0530","caller":"storage/azure.go:84","msg":"Azcopy output: \n\r0.0 %, 0 Done, 0 Failed, 1 Pending, 0 Skipped, 1 Total, 2-sec Throughput (Mb/s): 0.9122\r100.0 %, 1 Done, 0 Failed, 0 Pending, 0 Skipped, 1 Total,                              \nTotal time taken to upload(min) :0.0667\n, stderr: "}
{"level":"info","time":"2026-05-26T19:58:04.572+0530","caller":"storage/azure.go:123","msg":"File: /Users/anmolg/Desktop/Projects/Hyper sample/junit-selenium-hyperexecute-sample-main/hyperexecute-code-b8fee01f-a749-456a-a974-5ea3509ceb94.zip upload completed in 4.557367709s"}
{"level":"debug","time":"2026-05-26T19:58:04.573+0530","caller":"receptionmanager/setup.go:284","msg":"only one runtime entry detected, mapping it to older yaml format"}
{"level":"debug","time":"2026-05-26T19:58:04.573+0530","caller":"receptionmanager/setup.go:313","msg":"only one partialreports entry detected, mapping it to older yaml format"}
{"level":"debug","time":"2026-05-26T19:58:04.574+0530","caller":"receptionmanager/setup.go:188","msg":"Uploading yaml : /Users/anmolg/Desktop/Projects/Hyper sample/junit-selenium-hyperexecute-sample-main/.updatedhyperexecute.yaml"}
{"level":"debug","time":"2026-05-26T19:58:04.574+0530","caller":"storage/azure.go:60","msg":"Payload size: 4.11 kB, source path /Users/anmolg/Desktop/Projects/Hyper sample/junit-selenium-hyperexecute-sample-main/.updatedhyperexecute.yaml"}
{"level":"debug","time":"2026-05-26T19:58:06.624+0530","caller":"storage/azure.go:84","msg":"Azcopy output: \n\r100.0 %, 1 Done, 0 Failed, 0 Pending, 0 Skipped, 1 Total, 2-sec Throughput (Mb/s): 0.0164\nTotal time taken to upload(min) :0.0333\n, stderr: "}
{"level":"info","time":"2026-05-26T19:58:06.624+0530","caller":"storage/azure.go:123","msg":"File: /Users/anmolg/Desktop/Projects/Hyper sample/junit-selenium-hyperexecute-sample-main/.updatedhyperexecute.yaml upload completed in 2.050121167s"}
{"level":"debug","time":"2026-05-26T19:58:06.624+0530","caller":"core/lifecycle.go:721","msg":"Successfully deleted code archive: /Users/anmolg/Desktop/Projects/Hyper sample/junit-selenium-hyperexecute-sample-main/hyperexecute-code-b8fee01f-a749-456a-a974-5ea3509ceb94.zip\n"}
{"level":"debug","time":"2026-05-26T19:58:06.624+0530","caller":"storage/azure.go:60","msg":"Payload size: 595 B, source path yaml/linux/mask-b8fee01f-a749-456a-a974-5ea3509ceb94.yaml"}
{"level":"debug","time":"2026-05-26T19:58:08.663+0530","caller":"storage/azure.go:84","msg":"Azcopy output: \n\r100.0 %, 1 Done, 0 Failed, 0 Pending, 0 Skipped, 1 Total, 2-sec Throughput (Mb/s): 0.0024\nTotal time taken to upload(min) :0.0333\n, stderr: "}
{"level":"info","time":"2026-05-26T19:58:08.663+0530","caller":"storage/azure.go:123","msg":"File: yaml/linux/mask-b8fee01f-a749-456a-a974-5ea3509ceb94.yaml upload completed in 2.039053708s"}
{"level":"debug","time":"2026-05-26T19:58:11.218+0530","caller":"jobmanager/sse_setup.go:192","msg":"Task id: HYPL-509662-1779805689977425423LRH"}
{"level":"debug","time":"2026-05-26T19:58:11.218+0530","caller":"jobmanager/sse_setup.go:193","msg":"Sending new task alert to stage manager for taskId: HYPL-509662-1779805689977425423LRH"}
{"level":"debug","time":"2026-05-26T19:58:11.218+0530","caller":"jobmanager/sse_setup.go:192","msg":"Task id: HYPL-509662-1779805689982279644ENX"}
{"level":"debug","time":"2026-05-26T19:58:11.218+0530","caller":"jobmanager/sse_setup.go:193","msg":"Sending new task alert to stage manager for taskId: HYPL-509662-1779805689982279644ENX"}
{"level":"debug","time":"2026-05-26T19:58:11.218+0530","caller":"jobmanager/sse_setup.go:192","msg":"Task id: HYPL-509662-1779805689987010676VGY"}
{"level":"debug","time":"2026-05-26T19:58:11.218+0530","caller":"jobmanager/sse_setup.go:193","msg":"Sending new task alert to stage manager for taskId: HYPL-509662-1779805689987010676VGY"}
{"level":"info","time":"2026-05-26T19:58:13.989+0530","caller":"jobmanager/sse_setup.go:84","msg":"\nJob \u001b[1m\u001b[4mb8fee01f-a749-456a-a974-5ea3509ceb94\u001b[24m\u001b[22m has started \u001b[97mRUNNING\u001b[0m"}
{"level":"info","time":"2026-05-26T19:58:13.989+0530","caller":"jobmanager/manager.go:138","msg":"Job Link: \u001b[4m\u001b[34mhttps://hyperexecute.lambdatest.com/hyperexecute/task?jobId=b8fee01f-a749-456a-a974-5ea3509ceb94\u001b[0m\u001b[24m\n"}
{"level":"info","time":"2026-05-26T19:58:20.743+0530","caller":"terminal/terminal.go:187","msg":"\u001b[32m✔\u001b[0m [3]  \u001b[2msetup-runtime (8s)\u001b[22m\n"}
{"level":"info","time":"2026-05-26T19:58:20.771+0530","caller":"terminal/terminal.go:187","msg":"\u001b[32m✔\u001b[0m [2]  \u001b[2msetup-runtime (8s)\u001b[22m\n"}
{"level":"info","time":"2026-05-26T19:58:21.279+0530","caller":"terminal/terminal.go:187","msg":"\u001b[32m✔\u001b[0m [1]  \u001b[2msetup-runtime (8s)\u001b[22m\n"}
{"level":"info","time":"2026-05-26T19:58:44.572+0530","caller":"terminal/terminal.go:187","msg":"\u001b[32m✔\u001b[0m [1]  \u001b[2mpre (23s)\u001b[22m\n"}
{"level":"info","time":"2026-05-26T19:58:44.742+0530","caller":"terminal/terminal.go:187","msg":"\u001b[32m✔\u001b[0m [1]  \u001b[2mdiscovery (1s)\u001b[22m\n"}
{"level":"info","time":"2026-05-26T19:58:45.554+0530","caller":"terminal/terminal.go:187","msg":"\u001b[32m✔\u001b[0m [3]  \u001b[2mpre (25s)\u001b[22m\n"}
{"level":"info","time":"2026-05-26T19:58:45.732+0530","caller":"terminal/terminal.go:187","msg":"\u001b[32m✔\u001b[0m [3]  \u001b[2mdiscovery (1s)\u001b[22m\n"}
{"level":"info","time":"2026-05-26T19:58:59.381+0530","caller":"terminal/terminal.go:187","msg":"\u001b[32m✔\u001b[0m [2]  \u001b[2mpre (39s)\u001b[22m\n"}
{"level":"info","time":"2026-05-26T19:58:59.506+0530","caller":"terminal/terminal.go:187","msg":"\u001b[32m✔\u001b[0m [2]  \u001b[2mdiscovery (0s)\u001b[22m\n"}
{"level":"debug","time":"2026-05-26T19:59:38.201+0530","caller":"events/manager.go:356","msg":"No new messages received from SSE for jobID: b8fee01f-a749-456a-a974-5ea3509ceb94. Fetching from APIs"}
{"level":"debug","time":"2026-05-26T20:00:10.074+0530","caller":"events/manager.go:356","msg":"No new messages received from SSE for jobID: b8fee01f-a749-456a-a974-5ea3509ceb94. Fetching from APIs"}
{"level":"info","time":"2026-05-26T20:00:11.568+0530","caller":"terminal/terminal.go:187","msg":"\u001b[32m✔\u001b[0m [1]  \u001b[2mSelPlayGroundTest10 (1m16s)\u001b[22m\n"}
{"level":"info","time":"2026-05-26T20:00:28.945+0530","caller":"terminal/terminal.go:187","msg":"\u001b[32m✔\u001b[0m [3]  \u001b[2mSelPlayGroundTest12 (1m35s)\u001b[22m\n"}
{"level":"info","time":"2026-05-26T20:00:38.458+0530","caller":"terminal/terminal.go:187","msg":"\u001b[32m✔\u001b[0m [1]  \u001b[2mSelPlayGroundTest13 (27s)\u001b[22m\n"}
{"level":"info","time":"2026-05-26T20:00:59.875+0530","caller":"terminal/terminal.go:187","msg":"\u001b[32m✔\u001b[0m [3]  \u001b[2mSelPlayGroundTest15 (31s)\u001b[22m\n"}
{"level":"info","time":"2026-05-26T20:01:05.599+0530","caller":"terminal/terminal.go:187","msg":"\u001b[32m✔\u001b[0m [1]  \u001b[2mSelPlayGroundTest1 (27s)\u001b[22m\n"}
{"level":"info","time":"2026-05-26T20:01:10.729+0530","caller":"terminal/terminal.go:187","msg":"\u001b[91mx\u001b[0m [2]  \u001b[2mSelPlayGroundTest11 (2m2s)\u001b[22m\n"}
{"level":"info","time":"2026-05-26T20:01:33.098+0530","caller":"terminal/terminal.go:187","msg":"\u001b[32m✔\u001b[0m [1]  \u001b[2mSelPlayGroundTest4 (28s)\u001b[22m\n"}
{"level":"info","time":"2026-05-26T20:01:39.116+0530","caller":"terminal/terminal.go:187","msg":"\u001b[32m✔\u001b[0m [3]  \u001b[2mSelPlayGroundTest3 (39s)\u001b[22m\n"}
{"level":"info","time":"2026-05-26T20:01:58.914+0530","caller":"terminal/terminal.go:187","msg":"\u001b[91mx\u001b[0m [2]  \u001b[2mSelPlayGroundTest14 (48s)\u001b[22m\n"}
{"level":"info","time":"2026-05-26T20:02:06.177+0530","caller":"terminal/terminal.go:187","msg":"\u001b[32m✔\u001b[0m [1]  \u001b[2mSelPlayGroundTest7 (33s)\u001b[22m\n"}
{"level":"info","time":"2026-05-26T20:02:10.024+0530","caller":"terminal/terminal.go:187","msg":"\u001b[32m✔\u001b[0m [3]  \u001b[2mSelPlayGroundTest6 (31s)\u001b[22m\n"}
{"level":"info","time":"2026-05-26T20:02:34.735+0530","caller":"terminal/terminal.go:187","msg":"\u001b[32m✔\u001b[0m [2]  \u001b[2mSelPlayGroundTest2 (35s)\u001b[22m\n"}
{"level":"info","time":"2026-05-26T20:02:44.309+0530","caller":"terminal/terminal.go:187","msg":"\u001b[32m✔\u001b[0m [3]  \u001b[2mSelPlayGroundTest9 (34s)\u001b[22m\n"}
{"level":"debug","time":"2026-05-26T20:03:14.310+0530","caller":"events/manager.go:356","msg":"No new messages received from SSE for jobID: b8fee01f-a749-456a-a974-5ea3509ceb94. Fetching from APIs"}
{"level":"info","time":"2026-05-26T20:03:23.666+0530","caller":"terminal/terminal.go:187","msg":"\u001b[91mx\u001b[0m [2]  \u001b[2mSelPlayGroundTest5 (48s)\u001b[22m\n"}
{"level":"debug","time":"2026-05-26T20:03:54.051+0530","caller":"events/manager.go:356","msg":"No new messages received from SSE for jobID: b8fee01f-a749-456a-a974-5ea3509ceb94. Fetching from APIs"}
{"level":"info","time":"2026-05-26T20:04:17.108+0530","caller":"terminal/terminal.go:187","msg":"\u001b[91mx\u001b[0m [2]  \u001b[2mSelPlayGroundTest8 (54s)\u001b[22m\n"}
{"level":"debug","time":"2026-05-26T20:04:47.086+0530","caller":"events/manager.go:356","msg":"No new messages received from SSE for jobID: b8fee01f-a749-456a-a974-5ea3509ceb94. Fetching from APIs"}
{"level":"debug","time":"2026-05-26T20:04:49.021+0530","caller":"jobmanager/sse_setup.go:134","msg":"\n\nJob status"}
{"level":"info","time":"2026-05-26T20:04:49.021+0530","caller":"core/lifecycle.go:811","msg":"taskId:HYPL-509662-1779805689982279644ENX has failed with remark: Job failed as encountered a Test level failure\n"}
{"level":"info","time":"2026-05-26T20:04:50.039+0530","caller":"jobmanager/JobSummaryManager.go:54","msg":"\n\u001b[101m FAILED \u001b[0m\n"}
{"level":"info","time":"2026-05-26T20:04:50.039+0530","caller":"jobmanager/JobSummaryManager.go:113","msg":"    \u001b[1mTest Execution Time\u001b[22m:                  \u001b[91m4m31s\u001b[0m"}
{"level":"info","time":"2026-05-26T20:04:50.039+0530","caller":"jobmanager/JobSummaryManager.go:113","msg":"    \u001b[1mJob Duration Time\u001b[22m:                    6m35s"}
{"level":"info","time":"2026-05-26T20:04:50.039+0530","caller":"jobmanager/JobSummaryManager.go:113","msg":"    \u001b[1mTotal Tasks\u001b[22m:                          3"}
{"level":"info","time":"2026-05-26T20:04:50.039+0530","caller":"jobmanager/JobSummaryManager.go:113","msg":"    \u001b[1mCumulative Time Consumed\u001b[22m:             16m1s"}
{"level":"info","time":"2026-05-26T20:04:50.039+0530","caller":"jobmanager/JobSummaryManager.go:113","msg":"    \u001b[1mTotal Stages\u001b[22m:                         21"}
{"level":"info","time":"2026-05-26T20:04:50.039+0530","caller":"jobmanager/JobSummaryManager.go:113","msg":"    \u001b[1mPass discovery stage percentage\u001b[22m:      100.00%"}
{"level":"info","time":"2026-05-26T20:04:50.039+0530","caller":"jobmanager/JobSummaryManager.go:113","msg":"    \u001b[1mFailed discovery stage percentage\u001b[22m:    0.00%"}
{"level":"info","time":"2026-05-26T20:04:50.039+0530","caller":"jobmanager/JobSummaryManager.go:113","msg":"    \u001b[1mPass pre stage percentage\u001b[22m:            \u001b[92m100.00%\u001b[0m"}
{"level":"info","time":"2026-05-26T20:04:50.039+0530","caller":"jobmanager/JobSummaryManager.go:113","msg":"    \u001b[1mFailed pre stage percentage\u001b[22m:          0.00%"}
{"level":"info","time":"2026-05-26T20:04:50.039+0530","caller":"jobmanager/JobSummaryManager.go:113","msg":"    \u001b[1mPass test stage percentage\u001b[22m:           73.33%"}
{"level":"info","time":"2026-05-26T20:04:50.039+0530","caller":"jobmanager/JobSummaryManager.go:113","msg":"    \u001b[1mFailed test stage percentage\u001b[22m:         \u001b[91m26.67%\u001b[0m"}
{"level":"info","time":"2026-05-26T20:04:50.039+0530","caller":"jobmanager/JobSummaryManager.go:113","msg":"    \u001b[1mPass post stage percentage\u001b[22m:           0.00%"}
{"level":"info","time":"2026-05-26T20:04:50.039+0530","caller":"jobmanager/JobSummaryManager.go:113","msg":"    \u001b[1mFailed post stage percentage\u001b[22m:         0.00%"}
{"level":"info","time":"2026-05-26T20:04:50.039+0530","caller":"jobmanager/JobSummaryManager.go:113","msg":"    \u001b[1mFailed Tasks\u001b[22m:                         1"}
{"level":"info","time":"2026-05-26T20:04:50.039+0530","caller":"jobmanager/JobSummaryManager.go:58","msg":""}
{"level":"debug","time":"2026-05-26T20:04:50.042+0530","caller":"core/lifecycle.go:924","msg":"Context canceled"}
{"level":"info","time":"2026-05-26T20:04:50.042+0530","caller":"events/manager.go:338","msg":"context done and stopping SSE"}
{"level":"debug","time":"2026-05-26T20:04:50.042+0530","caller":"events/manager.go:256","msg":"Stopping event manager"}
{"level":"info","time":"2026-05-26T20:04:50.042+0530","caller":"core/lifecycle.go:927","msg":"\u001b[2mStopping pipeline gracefully\u001b[22m"}
{"level":"error","time":"2026-05-26T20:04:50.042+0530","caller":"core/lifecycle.go:930","msg":"2026-05-26T19:57:47+05:30    error    Exiting with error: Failed tasks found."}
{"level":"info","time":"2026-05-26T20:04:50.042+0530","caller":"jobmanager/manager.go:138","msg":"Job Link: \u001b[4m\u001b[34mhttps://hyperexecute.lambdatest.com/hyperexecute/task?jobId=b8fee01f-a749-456a-a974-5ea3509ceb94\u001b[0m\u001b[24m\n"}
{"level":"debug","time":"2026-05-26T20:04:50.042+0530","caller":"core/lifecycle.go:59","msg":"Quit requested from main goroutine...."}
{"level":"debug","time":"2026-05-26T20:04:50.042+0530","caller":"core/lifecycle.go:60","msg":"Waiting for the goroutines to exit"}
{"level":"debug","time":"2026-05-26T20:04:50.042+0530","caller":"core/lifecycle.go:63","msg":"All lifecycle goroutines exited"}
{"level":"debug","time":"2026-05-26T20:04:50.042+0530","caller":"cmd/bin.go:400","msg":"Exiting application due to error Failed tasks found."}
{"level":"debug","time":"2026-05-26T20:04:50.042+0530","caller":"cmd/bin.go:361","msg":"main: all goroutines have finished."}
{"level":"debug","time":"2026-05-27T17:08:35.858+0530","caller":"cmd/bin.go:145","msg":"cli os: darwin, cli arch: arm64"}
{"level":"debug","time":"2026-05-27T17:08:36.752+0530","caller":"cmd/bin.go:154","msg":"Upstream version details: {Name:cli Min:0.2.265 Max:0.2.341} "}
{"level":"info","time":"2026-05-27T17:08:36.752+0530","caller":"cmd/bin.go:202","msg":"Generating TraceID for tracking request: 01KSMKNCG6AC7XJ61QPFQXRX9F \n"}
{"level":"debug","time":"2026-05-27T17:08:39.817+0530","caller":"core/lifecycle.go:107","msg":"Setting environment"}
{"level":"debug","time":"2026-05-27T17:08:39.817+0530","caller":"core/lifecycle.go:110","msg":"Parsing config"}
{"level":"debug","time":"2026-05-27T17:08:39.818+0530","caller":"yamlconfigmanager/setup.go:725","msg":"Custom location for .hyperexecute.yaml specified. Using: yaml/linux/junit_hyperexecute_autosplit_sample.yaml"}
{"level":"debug","time":"2026-05-27T17:08:39.818+0530","caller":"yamlconfigmanager/setup.go:117","msg":"using hyperexecute config from : yaml/linux/junit_hyperexecute_autosplit_sample.yaml"}
{"level":"debug","time":"2026-05-27T17:08:43.444+0530","caller":"yamlconfigmanager/setup.go:2153","msg":"Autodetecting test type in files of path : /Users/anmolg/Desktop/Projects/Hyper sample/junit-selenium-hyperexecute-sample-main"}
{"level":"debug","time":"2026-05-27T17:08:43.446+0530","caller":"yamlconfigmanager/setup.go:547","msg":"Tunnel: false"}
{"level":"info","time":"2026-05-27T17:08:43.446+0530","caller":"models/HypertestYamlConfig.go:974","msg":"\n\u001b[4m\u001b[1m\u001b[97mExecution Plan\u001b[0m\u001b[22m\u001b[24m"}
{"level":"info","time":"2026-05-27T17:08:43.446+0530","caller":"models/HypertestYamlConfig.go:775","msg":"Mode:    \u001b[36mautosplit\u001b[0m"}
{"level":"info","time":"2026-05-27T17:08:43.446+0530","caller":"models/HypertestYamlConfig.go:835","msg":"Runson:    \u001b[36mlinux\u001b[0m"}
{"level":"info","time":"2026-05-27T17:08:43.446+0530","caller":"models/HypertestYamlConfig.go:843","msg":"Concurrency:    \u001b[36m3\u001b[0m"}
{"level":"info","time":"2026-05-27T17:08:43.446+0530","caller":"models/HypertestYamlConfig.go:907","msg":"Report:    \u001b[36menabled\u001b[0m"}
{"level":"info","time":"2026-05-27T17:08:43.446+0530","caller":"models/HypertestYamlConfig.go:987","msg":""}
{"level":"debug","time":"2026-05-27T17:08:43.446+0530","caller":"filevalidator/setup.go:49","msg":"Warning: Checking data.json file in current directory, no dataJsonPath found in .hyperexecute.yaml"}
{"level":"debug","time":"2026-05-27T17:08:43.446+0530","caller":"filevalidator/setup.go:53","msg":"Warning: data.json file doesn't exist"}
{"level":"debug","time":"2026-05-27T17:08:47.336+0530","caller":"core/lifecycle.go:527","msg":"Job ID: de3ab199-b22b-4120-ab60-ae54f1cd0fb2"}
{"level":"debug","time":"2026-05-27T17:08:47.336+0530","caller":"core/lifecycle.go:530","msg":"User - anmolgtestmuai, triggered job with ID de3ab199-b22b-4120-ab60-ae54f1cd0fb2 from CLI"}
{"level":"debug","time":"2026-05-27T17:08:47.336+0530","caller":"events/manager.go:97","msg":"Starting event manager"}
{"level":"debug","time":"2026-05-27T17:08:47.336+0530","caller":"events/manager.go:99","msg":"SSE enabled, getting SSE connection"}
{"level":"debug","time":"2026-05-27T17:08:47.337+0530","caller":"archivemanager/setup.go:339","msg":"digestMap: map[]"}
{"level":"debug","time":"2026-05-27T17:08:47.337+0530","caller":"archivemanager/setup.go:345","msg":"Creating archive of target directory: /Users/anmolg/Desktop/Projects/Hyper sample/junit-selenium-hyperexecute-sample-main"}
{"level":"debug","time":"2026-05-27T17:08:47.383+0530","caller":"core/lifecycle.go:684","msg":"Zip file size: 228.56 kB"}
{"level":"debug","time":"2026-05-27T17:08:47.383+0530","caller":"core/lifecycle.go:694","msg":"Archive location: /Users/anmolg/Desktop/Projects/Hyper sample/junit-selenium-hyperexecute-sample-main/hyperexecute-code-de3ab199-b22b-4120-ab60-ae54f1cd0fb2.zip\n"}
{"level":"debug","time":"2026-05-27T17:08:47.383+0530","caller":"storage/azure.go:60","msg":"Payload size: 228.56 kB, source path /Users/anmolg/Desktop/Projects/Hyper sample/junit-selenium-hyperexecute-sample-main/hyperexecute-code-de3ab199-b22b-4120-ab60-ae54f1cd0fb2.zip"}
{"level":"debug","time":"2026-05-27T17:08:48.766+0530","caller":"events/manager.go:288","msg":"connection to hyperexecute server established successfully."}
{"level":"debug","time":"2026-05-27T17:08:51.943+0530","caller":"storage/azure.go:84","msg":"Azcopy output: \n\r0.0 %, 0 Done, 0 Failed, 1 Pending, 0 Skipped, 1 Total, 2-sec Throughput (Mb/s): 0.9137\r100.0 %, 1 Done, 0 Failed, 0 Pending, 0 Skipped, 1 Total,                              \nTotal time taken to upload(min) :0.0667\n, stderr: "}
{"level":"info","time":"2026-05-27T17:08:51.943+0530","caller":"storage/azure.go:123","msg":"File: /Users/anmolg/Desktop/Projects/Hyper sample/junit-selenium-hyperexecute-sample-main/hyperexecute-code-de3ab199-b22b-4120-ab60-ae54f1cd0fb2.zip upload completed in 4.559745708s"}
{"level":"debug","time":"2026-05-27T17:08:51.943+0530","caller":"receptionmanager/setup.go:284","msg":"only one runtime entry detected, mapping it to older yaml format"}
{"level":"debug","time":"2026-05-27T17:08:51.944+0530","caller":"receptionmanager/setup.go:313","msg":"only one partialreports entry detected, mapping it to older yaml format"}
{"level":"debug","time":"2026-05-27T17:08:51.944+0530","caller":"receptionmanager/setup.go:188","msg":"Uploading yaml : /Users/anmolg/Desktop/Projects/Hyper sample/junit-selenium-hyperexecute-sample-main/.updatedhyperexecute.yaml"}
{"level":"debug","time":"2026-05-27T17:08:51.944+0530","caller":"storage/azure.go:60","msg":"Payload size: 4.11 kB, source path /Users/anmolg/Desktop/Projects/Hyper sample/junit-selenium-hyperexecute-sample-main/.updatedhyperexecute.yaml"}
{"level":"debug","time":"2026-05-27T17:08:53.979+0530","caller":"storage/azure.go:84","msg":"Azcopy output: \n\r100.0 %, 1 Done, 0 Failed, 0 Pending, 0 Skipped, 1 Total, 2-sec Throughput (Mb/s): 0.0164\nTotal time taken to upload(min) :0.0333\n, stderr: "}
{"level":"info","time":"2026-05-27T17:08:53.979+0530","caller":"storage/azure.go:123","msg":"File: /Users/anmolg/Desktop/Projects/Hyper sample/junit-selenium-hyperexecute-sample-main/.updatedhyperexecute.yaml upload completed in 2.034238667s"}
{"level":"debug","time":"2026-05-27T17:08:53.979+0530","caller":"core/lifecycle.go:721","msg":"Successfully deleted code archive: /Users/anmolg/Desktop/Projects/Hyper sample/junit-selenium-hyperexecute-sample-main/hyperexecute-code-de3ab199-b22b-4120-ab60-ae54f1cd0fb2.zip\n"}
{"level":"debug","time":"2026-05-27T17:08:53.979+0530","caller":"storage/azure.go:60","msg":"Payload size: 595 B, source path yaml/linux/mask-de3ab199-b22b-4120-ab60-ae54f1cd0fb2.yaml"}
{"level":"debug","time":"2026-05-27T17:08:56.016+0530","caller":"storage/azure.go:84","msg":"Azcopy output: \n\r100.0 %, 1 Done, 0 Failed, 0 Pending, 0 Skipped, 1 Total, 2-sec Throughput (Mb/s): 0.0024\nTotal time taken to upload(min) :0.0334\n, stderr: "}
{"level":"info","time":"2026-05-27T17:08:56.017+0530","caller":"storage/azure.go:123","msg":"File: yaml/linux/mask-de3ab199-b22b-4120-ab60-ae54f1cd0fb2.yaml upload completed in 2.037233125s"}
{"level":"debug","time":"2026-05-27T17:08:58.569+0530","caller":"jobmanager/sse_setup.go:192","msg":"Task id: HYPL-509662-1779881937315910942PLT"}
{"level":"debug","time":"2026-05-27T17:08:58.569+0530","caller":"jobmanager/sse_setup.go:193","msg":"Sending new task alert to stage manager for taskId: HYPL-509662-1779881937315910942PLT"}
{"level":"debug","time":"2026-05-27T17:08:58.569+0530","caller":"jobmanager/sse_setup.go:192","msg":"Task id: HYPL-509662-1779881937319819875HSK"}
{"level":"debug","time":"2026-05-27T17:08:58.569+0530","caller":"jobmanager/sse_setup.go:193","msg":"Sending new task alert to stage manager for taskId: HYPL-509662-1779881937319819875HSK"}
{"level":"debug","time":"2026-05-27T17:08:58.569+0530","caller":"jobmanager/sse_setup.go:192","msg":"Task id: HYPL-509662-1779881937323820068BCM"}
{"level":"debug","time":"2026-05-27T17:08:58.569+0530","caller":"jobmanager/sse_setup.go:193","msg":"Sending new task alert to stage manager for taskId: HYPL-509662-1779881937323820068BCM"}
{"level":"info","time":"2026-05-27T17:09:01.401+0530","caller":"jobmanager/sse_setup.go:84","msg":"\nJob \u001b[1m\u001b[4mde3ab199-b22b-4120-ab60-ae54f1cd0fb2\u001b[24m\u001b[22m has started \u001b[97mRUNNING\u001b[0m"}
{"level":"info","time":"2026-05-27T17:09:01.401+0530","caller":"jobmanager/manager.go:138","msg":"Job Link: \u001b[4m\u001b[34mhttps://hyperexecute.lambdatest.com/hyperexecute/task?jobId=de3ab199-b22b-4120-ab60-ae54f1cd0fb2\u001b[0m\u001b[24m\n"}
{"level":"info","time":"2026-05-27T17:09:08.020+0530","caller":"terminal/terminal.go:187","msg":"\u001b[32m✔\u001b[0m [1]  \u001b[2msetup-runtime (8s)\u001b[22m\n"}
{"level":"info","time":"2026-05-27T17:09:08.521+0530","caller":"terminal/terminal.go:187","msg":"\u001b[32m✔\u001b[0m [2]  \u001b[2msetup-runtime (8s)\u001b[22m\n"}
{"level":"info","time":"2026-05-27T17:09:09.473+0530","caller":"terminal/terminal.go:187","msg":"\u001b[32m✔\u001b[0m [3]  \u001b[2msetup-runtime (9s)\u001b[22m\n"}
{"level":"info","time":"2026-05-27T17:09:30.589+0530","caller":"terminal/terminal.go:187","msg":"\u001b[91mx\u001b[0m [1]  \u001b[2mpre (23s)\u001b[22m\n"}
{"level":"info","time":"2026-05-27T17:09:30.616+0530","caller":"terminal/terminal.go:187","msg":"\u001b[91mx\u001b[0m [2]  \u001b[2mpre (23s)\u001b[22m\n"}
{"level":"info","time":"2026-05-27T17:09:31.430+0530","caller":"terminal/terminal.go:187","msg":"\u001b[91mx\u001b[0m [3]  \u001b[2mpre (22s)\u001b[22m\n"}
{"level":"debug","time":"2026-05-27T17:09:33.438+0530","caller":"jobmanager/sse_setup.go:134","msg":"\n\nJob status"}
{"level":"info","time":"2026-05-27T17:09:33.438+0530","caller":"core/lifecycle.go:811","msg":"taskId:HYPL-509662-1779881937315910942PLT has failed with remark: Job failed at prerun step. Please check your Yaml configuration.\n"}
{"level":"info","time":"2026-05-27T17:09:33.438+0530","caller":"core/lifecycle.go:811","msg":"taskId:HYPL-509662-1779881937319819875HSK has failed with remark: Job failed at prerun step. Please check your Yaml configuration.\n"}
{"level":"info","time":"2026-05-27T17:09:33.438+0530","caller":"core/lifecycle.go:811","msg":"taskId:HYPL-509662-1779881937323820068BCM has failed with remark: Job failed at prerun step. Please check your Yaml configuration.\n"}
{"level":"info","time":"2026-05-27T17:09:34.341+0530","caller":"jobmanager/JobSummaryManager.go:54","msg":"\n\u001b[101m FAILED \u001b[0m\n"}
{"level":"info","time":"2026-05-27T17:09:34.341+0530","caller":"jobmanager/JobSummaryManager.go:113","msg":"    \u001b[1mTest Execution Time\u001b[22m:                  \u001b[91m0s\u001b[0m"}
{"level":"info","time":"2026-05-27T17:09:34.341+0530","caller":"jobmanager/JobSummaryManager.go:113","msg":"    \u001b[1mJob Duration Time\u001b[22m:                    31s"}
{"level":"info","time":"2026-05-27T17:09:34.341+0530","caller":"jobmanager/JobSummaryManager.go:113","msg":"    \u001b[1mTotal Tasks\u001b[22m:                          3"}
{"level":"info","time":"2026-05-27T17:09:34.341+0530","caller":"jobmanager/JobSummaryManager.go:113","msg":"    \u001b[1mCumulative Time Consumed\u001b[22m:             1m31s"}
{"level":"info","time":"2026-05-27T17:09:34.341+0530","caller":"jobmanager/JobSummaryManager.go:113","msg":"    \u001b[1mTotal Stages\u001b[22m:                         3"}
{"level":"info","time":"2026-05-27T17:09:34.341+0530","caller":"jobmanager/JobSummaryManager.go:113","msg":"    \u001b[1mPass discovery stage percentage\u001b[22m:      0.00%"}
{"level":"info","time":"2026-05-27T17:09:34.341+0530","caller":"jobmanager/JobSummaryManager.go:113","msg":"    \u001b[1mFailed discovery stage percentage\u001b[22m:    0.00%"}
{"level":"info","time":"2026-05-27T17:09:34.341+0530","caller":"jobmanager/JobSummaryManager.go:113","msg":"    \u001b[1mPass pre stage percentage\u001b[22m:            0.00%"}
{"level":"info","time":"2026-05-27T17:09:34.341+0530","caller":"jobmanager/JobSummaryManager.go:113","msg":"    \u001b[1mFailed pre stage percentage\u001b[22m:          \u001b[91m100.00%\u001b[0m"}
{"level":"info","time":"2026-05-27T17:09:34.341+0530","caller":"jobmanager/JobSummaryManager.go:113","msg":"    \u001b[1mPass test stage percentage\u001b[22m:           0.00%"}
{"level":"info","time":"2026-05-27T17:09:34.341+0530","caller":"jobmanager/JobSummaryManager.go:113","msg":"    \u001b[1mFailed test stage percentage\u001b[22m:         0.00%"}
{"level":"info","time":"2026-05-27T17:09:34.341+0530","caller":"jobmanager/JobSummaryManager.go:113","msg":"    \u001b[1mPass post stage percentage\u001b[22m:           0.00%"}
{"level":"info","time":"2026-05-27T17:09:34.341+0530","caller":"jobmanager/JobSummaryManager.go:113","msg":"    \u001b[1mFailed post stage percentage\u001b[22m:         0.00%"}
{"level":"info","time":"2026-05-27T17:09:34.341+0530","caller":"jobmanager/JobSummaryManager.go:113","msg":"    \u001b[1mFailed Tasks\u001b[22m:                         3"}
{"level":"info","time":"2026-05-27T17:09:34.341+0530","caller":"jobmanager/JobSummaryManager.go:58","msg":""}
{"level":"debug","time":"2026-05-27T17:09:34.343+0530","caller":"core/lifecycle.go:924","msg":"Context canceled"}
{"level":"info","time":"2026-05-27T17:09:34.343+0530","caller":"events/manager.go:338","msg":"context done and stopping SSE"}
{"level":"info","time":"2026-05-27T17:09:34.343+0530","caller":"core/lifecycle.go:927","msg":"\u001b[2mStopping pipeline gracefully\u001b[22m"}
{"level":"error","time":"2026-05-27T17:09:34.343+0530","caller":"core/lifecycle.go:930","msg":"2026-05-27T17:08:34+05:30    error    Exiting with error: Failed tasks found."}
{"level":"info","time":"2026-05-27T17:09:34.344+0530","caller":"jobmanager/manager.go:138","msg":"Job Link: \u001b[4m\u001b[34mhttps://hyperexecute.lambdatest.com/hyperexecute/task?jobId=de3ab199-b22b-4120-ab60-ae54f1cd0fb2\u001b[0m\u001b[24m\n"}
{"level":"debug","time":"2026-05-27T17:09:34.344+0530","caller":"core/lifecycle.go:59","msg":"Quit requested from main goroutine...."}
{"level":"debug","time":"2026-05-27T17:09:34.344+0530","caller":"events/manager.go:256","msg":"Stopping event manager"}
{"level":"debug","time":"2026-05-27T17:09:34.344+0530","caller":"core/lifecycle.go:60","msg":"Waiting for the goroutines to exit"}
{"level":"debug","time":"2026-05-27T17:09:34.344+0530","caller":"core/lifecycle.go:63","msg":"All lifecycle goroutines exited"}
{"level":"debug","time":"2026-05-27T17:09:34.344+0530","caller":"cmd/bin.go:400","msg":"Exiting application due to error Failed tasks found."}
{"level":"debug","time":"2026-05-27T17:09:34.344+0530","caller":"cmd/bin.go:361","msg":"main: all goroutines have finished."}
{"level":"debug","time":"2026-05-27T19:39:07.831+0530","caller":"cmd/bin.go:145","msg":"cli os: darwin, cli arch: arm64"}
{"level":"debug","time":"2026-05-27T19:39:08.817+0530","caller":"cmd/bin.go:154","msg":"Upstream version details: {Name:cli Min:0.2.265 Max:0.2.341} "}
{"level":"info","time":"2026-05-27T19:39:08.817+0530","caller":"cmd/bin.go:202","msg":"Generating TraceID for tracking request: 01KSMW90H9DB79ZTQ5T251BK5A \n"}
{"level":"debug","time":"2026-05-27T19:39:12.255+0530","caller":"core/lifecycle.go:107","msg":"Setting environment"}
{"level":"debug","time":"2026-05-27T19:39:12.255+0530","caller":"core/lifecycle.go:110","msg":"Parsing config"}
{"level":"debug","time":"2026-05-27T19:39:12.255+0530","caller":"yamlconfigmanager/setup.go:725","msg":"Custom location for .hyperexecute.yaml specified. Using: yaml/linux/junit_hyperexecute_autosplit_sample.yaml"}
{"level":"debug","time":"2026-05-27T19:39:12.255+0530","caller":"yamlconfigmanager/setup.go:117","msg":"using hyperexecute config from : yaml/linux/junit_hyperexecute_autosplit_sample.yaml"}
{"level":"debug","time":"2026-05-27T19:39:14.492+0530","caller":"yamlconfigmanager/setup.go:2153","msg":"Autodetecting test type in files of path : /Users/anmolg/Desktop/Projects/Hyper sample/junit-selenium-hyperexecute-sample-main"}
{"level":"debug","time":"2026-05-27T19:39:14.493+0530","caller":"yamlconfigmanager/setup.go:547","msg":"Tunnel: false"}
{"level":"info","time":"2026-05-27T19:39:14.493+0530","caller":"models/HypertestYamlConfig.go:974","msg":"\n\u001b[4m\u001b[1m\u001b[97mExecution Plan\u001b[0m\u001b[22m\u001b[24m"}
{"level":"info","time":"2026-05-27T19:39:14.493+0530","caller":"models/HypertestYamlConfig.go:775","msg":"Mode:    \u001b[36mautosplit\u001b[0m"}
{"level":"info","time":"2026-05-27T19:39:14.493+0530","caller":"models/HypertestYamlConfig.go:835","msg":"Runson:    \u001b[36mlinux\u001b[0m"}
{"level":"info","time":"2026-05-27T19:39:14.493+0530","caller":"models/HypertestYamlConfig.go:843","msg":"Concurrency:    \u001b[36m3\u001b[0m"}
{"level":"info","time":"2026-05-27T19:39:14.493+0530","caller":"models/HypertestYamlConfig.go:907","msg":"Report:    \u001b[36menabled\u001b[0m"}
{"level":"info","time":"2026-05-27T19:39:14.493+0530","caller":"models/HypertestYamlConfig.go:987","msg":""}
{"level":"debug","time":"2026-05-27T19:39:14.494+0530","caller":"filevalidator/setup.go:49","msg":"Warning: Checking data.json file in current directory, no dataJsonPath found in .hyperexecute.yaml"}
{"level":"debug","time":"2026-05-27T19:39:14.494+0530","caller":"filevalidator/setup.go:53","msg":"Warning: data.json file doesn't exist"}
{"level":"debug","time":"2026-05-27T19:39:18.691+0530","caller":"core/lifecycle.go:527","msg":"Job ID: 9fb20aba-8243-46a5-bc78-56ccd5069350"}
{"level":"debug","time":"2026-05-27T19:39:18.691+0530","caller":"events/manager.go:97","msg":"Starting event manager"}
{"level":"debug","time":"2026-05-27T19:39:18.691+0530","caller":"events/manager.go:99","msg":"SSE enabled, getting SSE connection"}
{"level":"debug","time":"2026-05-27T19:39:18.691+0530","caller":"core/lifecycle.go:530","msg":"User - anmolgtestmuai, triggered job with ID 9fb20aba-8243-46a5-bc78-56ccd5069350 from CLI"}
{"level":"debug","time":"2026-05-27T19:39:18.692+0530","caller":"archivemanager/setup.go:339","msg":"digestMap: map[]"}
{"level":"debug","time":"2026-05-27T19:39:18.692+0530","caller":"archivemanager/setup.go:345","msg":"Creating archive of target directory: /Users/anmolg/Desktop/Projects/Hyper sample/junit-selenium-hyperexecute-sample-main"}
{"level":"debug","time":"2026-05-27T19:39:18.719+0530","caller":"core/lifecycle.go:684","msg":"Zip file size: 229.01 kB"}
{"level":"debug","time":"2026-05-27T19:39:18.719+0530","caller":"core/lifecycle.go:694","msg":"Archive location: /Users/anmolg/Desktop/Projects/Hyper sample/junit-selenium-hyperexecute-sample-main/hyperexecute-code-9fb20aba-8243-46a5-bc78-56ccd5069350.zip\n"}
{"level":"debug","time":"2026-05-27T19:39:18.720+0530","caller":"storage/azure.go:60","msg":"Payload size: 229.01 kB, source path /Users/anmolg/Desktop/Projects/Hyper sample/junit-selenium-hyperexecute-sample-main/hyperexecute-code-9fb20aba-8243-46a5-bc78-56ccd5069350.zip"}
{"level":"debug","time":"2026-05-27T19:39:20.149+0530","caller":"events/manager.go:288","msg":"connection to hyperexecute server established successfully."}
{"level":"debug","time":"2026-05-27T19:39:23.296+0530","caller":"storage/azure.go:84","msg":"Azcopy output: \n\r0.0 %, 0 Done, 0 Failed, 1 Pending, 0 Skipped, 1 Total, 2-sec Throughput (Mb/s): 0.9157\r100.0 %, 1 Done, 0 Failed, 0 Pending, 0 Skipped, 1 Total,                              \nTotal time taken to upload(min) :0.0667\n, stderr: "}
{"level":"info","time":"2026-05-27T19:39:23.296+0530","caller":"storage/azure.go:123","msg":"File: /Users/anmolg/Desktop/Projects/Hyper sample/junit-selenium-hyperexecute-sample-main/hyperexecute-code-9fb20aba-8243-46a5-bc78-56ccd5069350.zip upload completed in 4.576967625s"}
{"level":"debug","time":"2026-05-27T19:39:23.297+0530","caller":"receptionmanager/setup.go:284","msg":"only one runtime entry detected, mapping it to older yaml format"}
{"level":"debug","time":"2026-05-27T19:39:23.297+0530","caller":"receptionmanager/setup.go:313","msg":"only one partialreports entry detected, mapping it to older yaml format"}
{"level":"debug","time":"2026-05-27T19:39:23.298+0530","caller":"receptionmanager/setup.go:188","msg":"Uploading yaml : /Users/anmolg/Desktop/Projects/Hyper sample/junit-selenium-hyperexecute-sample-main/.updatedhyperexecute.yaml"}
{"level":"debug","time":"2026-05-27T19:39:23.298+0530","caller":"storage/azure.go:60","msg":"Payload size: 4.22 kB, source path /Users/anmolg/Desktop/Projects/Hyper sample/junit-selenium-hyperexecute-sample-main/.updatedhyperexecute.yaml"}
{"level":"debug","time":"2026-05-27T19:39:25.332+0530","caller":"storage/azure.go:84","msg":"Azcopy output: \n\r100.0 %, 1 Done, 0 Failed, 0 Pending, 0 Skipped, 1 Total, 2-sec Throughput (Mb/s): 0.0169\nTotal time taken to upload(min) :0.0334\n, stderr: "}
{"level":"info","time":"2026-05-27T19:39:25.332+0530","caller":"storage/azure.go:123","msg":"File: /Users/anmolg/Desktop/Projects/Hyper sample/junit-selenium-hyperexecute-sample-main/.updatedhyperexecute.yaml upload completed in 2.034129334s"}
{"level":"debug","time":"2026-05-27T19:39:25.332+0530","caller":"core/lifecycle.go:721","msg":"Successfully deleted code archive: /Users/anmolg/Desktop/Projects/Hyper sample/junit-selenium-hyperexecute-sample-main/hyperexecute-code-9fb20aba-8243-46a5-bc78-56ccd5069350.zip\n"}
{"level":"debug","time":"2026-05-27T19:39:25.334+0530","caller":"storage/azure.go:60","msg":"Payload size: 650 B, source path yaml/linux/mask-9fb20aba-8243-46a5-bc78-56ccd5069350.yaml"}
{"level":"debug","time":"2026-05-27T19:39:27.370+0530","caller":"storage/azure.go:84","msg":"Azcopy output: \n\r100.0 %, 1 Done, 0 Failed, 0 Pending, 0 Skipped, 1 Total, 2-sec Throughput (Mb/s): 0.0026\nTotal time taken to upload(min) :0.0333\n, stderr: "}
{"level":"info","time":"2026-05-27T19:39:27.370+0530","caller":"storage/azure.go:123","msg":"File: yaml/linux/mask-9fb20aba-8243-46a5-bc78-56ccd5069350.yaml upload completed in 2.036163875s"}
{"level":"debug","time":"2026-05-27T19:39:29.871+0530","caller":"jobmanager/sse_setup.go:192","msg":"Task id: HYPL-509662-1779890968548177301CUD"}
{"level":"debug","time":"2026-05-27T19:39:29.871+0530","caller":"jobmanager/sse_setup.go:193","msg":"Sending new task alert to stage manager for taskId: HYPL-509662-1779890968548177301CUD"}
{"level":"debug","time":"2026-05-27T19:39:29.871+0530","caller":"jobmanager/sse_setup.go:192","msg":"Task id: HYPL-509662-1779890968553199538YBV"}
{"level":"debug","time":"2026-05-27T19:39:29.871+0530","caller":"jobmanager/sse_setup.go:193","msg":"Sending new task alert to stage manager for taskId: HYPL-509662-1779890968553199538YBV"}
{"level":"debug","time":"2026-05-27T19:39:29.871+0530","caller":"jobmanager/sse_setup.go:192","msg":"Task id: HYPL-509662-1779890968558202277DLC"}
{"level":"debug","time":"2026-05-27T19:39:29.871+0530","caller":"jobmanager/sse_setup.go:193","msg":"Sending new task alert to stage manager for taskId: HYPL-509662-1779890968558202277DLC"}
{"level":"debug","time":"2026-05-27T19:39:59.875+0530","caller":"events/manager.go:356","msg":"No new messages received from SSE for jobID: 9fb20aba-8243-46a5-bc78-56ccd5069350. Fetching from APIs"}
{"level":"info","time":"2026-05-27T19:40:00.968+0530","caller":"jobmanager/sse_setup.go:86","msg":"\nJob \u001b[1m\u001b[4m9fb20aba-8243-46a5-bc78-56ccd5069350\u001b[24m\u001b[22m has \u001b[97mINITIATED\u001b[0m"}
{"level":"info","time":"2026-05-27T19:40:00.968+0530","caller":"jobmanager/manager.go:138","msg":"Job Link: \u001b[4m\u001b[34mhttps://hyperexecute.lambdatest.com/hyperexecute/task?jobId=9fb20aba-8243-46a5-bc78-56ccd5069350\u001b[0m\u001b[24m\n"}
{"level":"info","time":"2026-05-27T19:40:35.102+0530","caller":"terminal/terminal.go:187","msg":"\u001b[32m✔\u001b[0m [2]  \u001b[2msetup-runtime (8s)\u001b[22m\n"}
{"level":"info","time":"2026-05-27T19:40:35.103+0530","caller":"terminal/terminal.go:187","msg":"\u001b[32m✔\u001b[0m [1]  \u001b[2msetup-runtime (8s)\u001b[22m\n"}
{"level":"info","time":"2026-05-27T19:40:35.894+0530","caller":"terminal/terminal.go:187","msg":"\u001b[32m✔\u001b[0m [3]  \u001b[2msetup-runtime (9s)\u001b[22m\n"}
{"level":"debug","time":"2026-05-27T19:41:06.012+0530","caller":"events/manager.go:356","msg":"No new messages received from SSE for jobID: 9fb20aba-8243-46a5-bc78-56ccd5069350. Fetching from APIs"}
{"level":"info","time":"2026-05-27T19:41:09.596+0530","caller":"terminal/terminal.go:187","msg":"\u001b[32m✔\u001b[0m [2]  \u001b[2mpre (34s)\u001b[22m\n"}
{"level":"info","time":"2026-05-27T19:41:09.742+0530","caller":"terminal/terminal.go:187","msg":"\u001b[32m✔\u001b[0m [2]  \u001b[2mdiscovery (1s)\u001b[22m\n"}
{"level":"info","time":"2026-05-27T19:41:16.678+0530","caller":"terminal/terminal.go:187","msg":"\u001b[32m✔\u001b[0m [1]  \u001b[2mpre (42s)\u001b[22m\n"}
{"level":"info","time":"2026-05-27T19:41:16.822+0530","caller":"terminal/terminal.go:187","msg":"\u001b[32m✔\u001b[0m [1]  \u001b[2mdiscovery (1s)\u001b[22m\n"}
{"level":"info","time":"2026-05-27T19:41:18.045+0530","caller":"terminal/terminal.go:187","msg":"\u001b[32m✔\u001b[0m [3]  \u001b[2mpre (43s)\u001b[22m\n"}
{"level":"info","time":"2026-05-27T19:41:18.201+0530","caller":"terminal/terminal.go:187","msg":"\u001b[32m✔\u001b[0m [3]  \u001b[2mdiscovery (0s)\u001b[22m\n"}
{"level":"debug","time":"2026-05-27T19:41:56.592+0530","caller":"events/manager.go:356","msg":"No new messages received from SSE for jobID: 9fb20aba-8243-46a5-bc78-56ccd5069350. Fetching from APIs"}
{"level":"info","time":"2026-05-27T19:42:18.149+0530","caller":"terminal/terminal.go:187","msg":"\u001b[32m✔\u001b[0m [2]  \u001b[2mBingSearch3Test (1m1s)\u001b[22m\n"}
{"level":"info","time":"2026-05-27T19:42:22.601+0530","caller":"terminal/terminal.go:187","msg":"\u001b[32m✔\u001b[0m [1]  \u001b[2mBingSearch2Test (58s)\u001b[22m\n"}
{"level":"info","time":"2026-05-27T19:42:42.965+0530","caller":"terminal/terminal.go:187","msg":"\u001b[32m✔\u001b[0m [3]  \u001b[2mBingSearch4Test (1m17s)\u001b[22m\n"}
{"level":"info","time":"2026-05-27T19:42:52.707+0530","caller":"terminal/terminal.go:187","msg":"\u001b[32m✔\u001b[0m [1]  \u001b[2mBingSearchTest (30s)\u001b[22m\n"}
{"level":"info","time":"2026-05-27T19:43:17.084+0530","caller":"terminal/terminal.go:187","msg":"\u001b[91mx\u001b[0m [2]  \u001b[2mInputFormSubmit2Test (59s)\u001b[22m\n"}
{"level":"info","time":"2026-05-27T19:43:38.506+0530","caller":"terminal/terminal.go:187","msg":"\u001b[91mx\u001b[0m [3]  \u001b[2mInputFormSubmit3Test (55s)\u001b[22m\n"}
{"level":"info","time":"2026-05-27T19:43:48.140+0530","caller":"terminal/terminal.go:187","msg":"\u001b[91mx\u001b[0m [1]  \u001b[2mInputFormSubmit4Test (56s)\u001b[22m\n"}
{"level":"info","time":"2026-05-27T19:44:09.285+0530","caller":"terminal/terminal.go:187","msg":"\u001b[32m✔\u001b[0m [3]  \u001b[2mToDoAddAndComplete2Test (31s)\u001b[22m\n"}
{"level":"info","time":"2026-05-27T19:44:11.101+0530","caller":"terminal/terminal.go:187","msg":"\u001b[91mx\u001b[0m [2]  \u001b[2mInputFormSubmitTest (54s)\u001b[22m\n"}
{"level":"info","time":"2026-05-27T19:44:17.413+0530","caller":"terminal/terminal.go:187","msg":"\u001b[32m✔\u001b[0m [1]  \u001b[2mToDoAddAndComplete3Test (29s)\u001b[22m\n"}
{"level":"info","time":"2026-05-27T19:44:35.302+0530","caller":"terminal/terminal.go:187","msg":"\u001b[32m✔\u001b[0m [3]  \u001b[2mToDoAddAndComplete5Test (26s)\u001b[22m\n"}
{"level":"info","time":"2026-05-27T19:44:42.353+0530","caller":"terminal/terminal.go:187","msg":"\u001b[32m✔\u001b[0m [2]  \u001b[2mToDoAddAndComplete4Test (31s)\u001b[22m\n"}
{"level":"info","time":"2026-05-27T19:44:46.918+0530","caller":"terminal/terminal.go:187","msg":"\u001b[32m✔\u001b[0m [1]  \u001b[2mToDoAddAndCompleteTest (30s)\u001b[22m\n"}
{"level":"info","time":"2026-05-27T19:45:14.944+0530","caller":"terminal/terminal.go:187","msg":"\u001b[32m✔\u001b[0m [3]  \u001b[2mToDoFilterTest (40s)\u001b[22m\n"}
{"level":"info","time":"2026-05-27T19:45:27.447+0530","caller":"terminal/terminal.go:187","msg":"\u001b[32m✔\u001b[0m [2]  \u001b[2mToDoClearAndDeleteTest (45s)\u001b[22m\n"}
{"level":"debug","time":"2026-05-27T19:46:00.111+0530","caller":"jobmanager/sse_setup.go:134","msg":"\n\nJob status"}
{"level":"info","time":"2026-05-27T19:46:00.112+0530","caller":"core/lifecycle.go:811","msg":"taskId:HYPL-509662-1779890968548177301CUD has failed with remark: Job failed as encountered a Test level failure\n"}
{"level":"info","time":"2026-05-27T19:46:00.113+0530","caller":"core/lifecycle.go:811","msg":"taskId:HYPL-509662-1779890968553199538YBV has failed with remark: Job failed as encountered a Test level failure\n"}
{"level":"info","time":"2026-05-27T19:46:00.113+0530","caller":"core/lifecycle.go:811","msg":"taskId:HYPL-509662-1779890968558202277DLC has failed with remark: Job failed as encountered a Test level failure\n"}
{"level":"info","time":"2026-05-27T19:46:00.920+0530","caller":"jobmanager/JobSummaryManager.go:54","msg":"\n\u001b[101m FAILED \u001b[0m\n"}
{"level":"info","time":"2026-05-27T19:46:00.921+0530","caller":"jobmanager/JobSummaryManager.go:113","msg":"    \u001b[1mTest Execution Time\u001b[22m:                  \u001b[91m3m40s\u001b[0m"}
{"level":"info","time":"2026-05-27T19:46:00.921+0530","caller":"jobmanager/JobSummaryManager.go:113","msg":"    \u001b[1mJob Duration Time\u001b[22m:                    5m31s"}
{"level":"info","time":"2026-05-27T19:46:00.921+0530","caller":"jobmanager/JobSummaryManager.go:113","msg":"    \u001b[1mTotal Tasks\u001b[22m:                          3"}
{"level":"info","time":"2026-05-27T19:46:00.922+0530","caller":"jobmanager/JobSummaryManager.go:113","msg":"    \u001b[1mCumulative Time Consumed\u001b[22m:             15m40s"}
{"level":"info","time":"2026-05-27T19:46:00.922+0530","caller":"jobmanager/JobSummaryManager.go:113","msg":"    \u001b[1mTotal Stages\u001b[22m:                         21"}
{"level":"info","time":"2026-05-27T19:46:00.922+0530","caller":"jobmanager/JobSummaryManager.go:113","msg":"    \u001b[1mPass discovery stage percentage\u001b[22m:      100.00%"}
{"level":"info","time":"2026-05-27T19:46:00.922+0530","caller":"jobmanager/JobSummaryManager.go:113","msg":"    \u001b[1mFailed discovery stage percentage\u001b[22m:    0.00%"}
{"level":"info","time":"2026-05-27T19:46:00.922+0530","caller":"jobmanager/JobSummaryManager.go:113","msg":"    \u001b[1mPass pre stage percentage\u001b[22m:            \u001b[92m100.00%\u001b[0m"}
{"level":"info","time":"2026-05-27T19:46:00.922+0530","caller":"jobmanager/JobSummaryManager.go:113","msg":"    \u001b[1mFailed pre stage percentage\u001b[22m:          0.00%"}
{"level":"info","time":"2026-05-27T19:46:00.922+0530","caller":"jobmanager/JobSummaryManager.go:113","msg":"    \u001b[1mPass test stage percentage\u001b[22m:           73.33%"}
{"level":"info","time":"2026-05-27T19:46:00.922+0530","caller":"jobmanager/JobSummaryManager.go:113","msg":"    \u001b[1mFailed test stage percentage\u001b[22m:         \u001b[91m26.67%\u001b[0m"}
{"level":"info","time":"2026-05-27T19:46:00.922+0530","caller":"jobmanager/JobSummaryManager.go:113","msg":"    \u001b[1mPass post stage percentage\u001b[22m:           0.00%"}
{"level":"info","time":"2026-05-27T19:46:00.922+0530","caller":"jobmanager/JobSummaryManager.go:113","msg":"    \u001b[1mFailed post stage percentage\u001b[22m:         0.00%"}
{"level":"info","time":"2026-05-27T19:46:00.922+0530","caller":"jobmanager/JobSummaryManager.go:113","msg":"    \u001b[1mFailed Tasks\u001b[22m:                         3"}
{"level":"info","time":"2026-05-27T19:46:00.922+0530","caller":"jobmanager/JobSummaryManager.go:58","msg":""}
{"level":"debug","time":"2026-05-27T19:46:00.926+0530","caller":"core/lifecycle.go:924","msg":"Context canceled"}
{"level":"info","time":"2026-05-27T19:46:00.926+0530","caller":"core/lifecycle.go:927","msg":"\u001b[2mStopping pipeline gracefully\u001b[22m"}
{"level":"error","time":"2026-05-27T19:46:00.927+0530","caller":"core/lifecycle.go:930","msg":"2026-05-27T19:39:06+05:30    error    Exiting with error: Failed tasks found."}
{"level":"info","time":"2026-05-27T19:46:00.927+0530","caller":"jobmanager/manager.go:138","msg":"Job Link: \u001b[4m\u001b[34mhttps://hyperexecute.lambdatest.com/hyperexecute/task?jobId=9fb20aba-8243-46a5-bc78-56ccd5069350\u001b[0m\u001b[24m\n"}
{"level":"info","time":"2026-05-27T19:46:00.926+0530","caller":"events/manager.go:338","msg":"context done and stopping SSE"}
{"level":"debug","time":"2026-05-27T19:46:00.927+0530","caller":"events/manager.go:256","msg":"Stopping event manager"}
{"level":"debug","time":"2026-05-27T19:46:00.927+0530","caller":"core/lifecycle.go:59","msg":"Quit requested from main goroutine...."}
{"level":"debug","time":"2026-05-27T19:46:00.927+0530","caller":"core/lifecycle.go:60","msg":"Waiting for the goroutines to exit"}
{"level":"debug","time":"2026-05-27T19:46:00.927+0530","caller":"core/lifecycle.go:63","msg":"All lifecycle goroutines exited"}
{"level":"debug","time":"2026-05-27T19:46:00.927+0530","caller":"cmd/bin.go:400","msg":"Exiting application due to error Failed tasks found."}
{"level":"info","time":"2026-05-28T15:04:57.934+0530","caller":"web/setup.go:72","msg":"Starting integrated server (API) at \u001b[4m\u001b[34mhttps://stage-hyperexecute.lambdatestinternal.com/hyperexecute/cli-gui?apiPort=8080\u001b[0m\u001b[24m"}
{"level":"info","time":"2026-05-28T15:04:57.936+0530","caller":"web/setup.go:73","msg":"Tip: You can use the flag \"--web-server-port <port>\" to run on custom port."}
{"level":"info","time":"2026-05-28T15:05:35.772+0530","caller":"analyzer/analyze.go:27","msg":"Analyzing project test environment"}
{"level":"error","time":"2026-05-28T15:05:35.788+0530","caller":"analyzer/analyser.go:110","msg":"2026-05-28T15:04:57+05:30    error    error while detecting language No language detected"}
{"level":"info","time":"2026-05-28T15:08:18.652+0530","caller":"analyzer/analyze.go:27","msg":"Analyzing project test environment"}
{"level":"error","time":"2026-05-28T15:08:18.658+0530","caller":"analyzer/analyser.go:110","msg":"2026-05-28T15:04:57+05:30    error    error while detecting language No language detected"}
{"level":"info","time":"2026-05-28T15:11:01.674+0530","caller":"web/setup.go:84","msg":"Shutting down integrated server..."}
{"level":"info","time":"2026-05-28T15:11:18.290+0530","caller":"web/setup.go:72","msg":"Starting integrated server (API) at \u001b[4m\u001b[34mhttps://hyperexecute.lambdatest.com/hyperexecute/cli-gui?apiPort=8080\u001b[0m\u001b[24m"}
{"level":"info","time":"2026-05-28T15:11:18.290+0530","caller":"web/setup.go:73","msg":"Tip: You can use the flag \"--web-server-port <port>\" to run on custom port."}
{"level":"info","time":"2026-05-28T15:11:42.008+0530","caller":"analyzer/analyze.go:27","msg":"Analyzing project test environment"}
{"level":"error","time":"2026-05-28T15:11:42.021+0530","caller":"analyzer/analyser.go:110","msg":"2026-05-28T15:11:18+05:30    error    error while detecting language No language detected"}
{"level":"info","time":"2026-05-28T15:13:33.745+0530","caller":"analyzer/analyze.go:27","msg":"Analyzing project test environment"}
{"level":"error","time":"2026-05-28T15:13:33.758+0530","caller":"analyzer/analyser.go:110","msg":"2026-05-28T15:11:18+05:30    error    error while detecting language No language detected"}
{"level":"info","time":"2026-05-28T15:15:14.021+0530","caller":"web/setup.go:192","msg":"Successfully saved YAML to /Users/anmolg/Desktop/Projects/Hyper sample/junit-selenium-hyperexecute-sample-main/.hyperexecute/hyperexecute.yaml"}
{"level":"info","time":"2026-05-28T15:15:14.027+0530","caller":"web/setup.go:226","msg":"Starting test execution with command: ./hyperexecute [--verbose --user anmolgtestmuai --key LT_kguvWq81N6zCOvqozlQWIBZS6hQPCuF1r20HLhc2OhWF8xa --env prod --config .hyperexecute/hyperexecute.yaml --server-port 51414]"}
{"level":"debug","time":"2026-05-28T15:15:15.183+0530","caller":"cmd/bin.go:145","msg":"cli os: darwin, cli arch: arm64"}
{"level":"debug","time":"2026-05-28T15:15:15.879+0530","caller":"cmd/bin.go:154","msg":"Upstream version details: {Name:cli Min:0.2.265 Max:0.2.341} "}
{"level":"info","time":"2026-05-28T15:15:15.879+0530","caller":"cmd/bin.go:202","msg":"Generating TraceID for tracking request: 01KSPZJJB38FDSZKM44PP366HX \n"}
{"level":"debug","time":"2026-05-28T15:15:18.971+0530","caller":"core/lifecycle.go:107","msg":"Setting environment"}
{"level":"debug","time":"2026-05-28T15:15:18.971+0530","caller":"core/lifecycle.go:110","msg":"Parsing config"}
{"level":"debug","time":"2026-05-28T15:15:18.972+0530","caller":"yamlconfigmanager/setup.go:725","msg":"Custom location for .hyperexecute.yaml specified. Using: .hyperexecute/hyperexecute.yaml"}
{"level":"debug","time":"2026-05-28T15:15:18.972+0530","caller":"yamlconfigmanager/setup.go:117","msg":"using hyperexecute config from : .hyperexecute/hyperexecute.yaml"}
{"level":"error","time":"2026-05-28T15:15:18.972+0530","caller":"core/lifecycle.go:115","msg":"2026-05-28T15:15:14+05:30    error    ERR::PAR::HT_YAML     Unable to parse .hyperexecute/hyperexecute.yaml  error: yaml: unmarshal errors:\n  line 40: cannot unmarshal !!str `TIMEOUT` into int    Error while loading hyperexecute configuration file"}
{"level":"debug","time":"2026-05-28T15:15:18.972+0530","caller":"core/lifecycle.go:59","msg":"Quit requested from main goroutine...."}
{"level":"debug","time":"2026-05-28T15:15:18.972+0530","caller":"core/lifecycle.go:60","msg":"Waiting for the goroutines to exit"}
{"level":"debug","time":"2026-05-28T15:15:18.972+0530","caller":"core/lifecycle.go:63","msg":"All lifecycle goroutines exited"}
{"level":"debug","time":"2026-05-28T15:15:18.972+0530","caller":"cmd/bin.go:400","msg":"Exiting application due to error ERR::PAR::HT_YAML     Unable to parse .hyperexecute/hyperexecute.yaml  error: yaml: unmarshal errors:\n  line 40: cannot unmarshal !!str `TIMEOUT` into int"}
{"level":"debug","time":"2026-05-28T15:15:18.972+0530","caller":"cmd/bin.go:361","msg":"main: all goroutines have finished."}
{"level":"error","time":"2026-05-28T15:15:18.974+0530","caller":"web/setup.go:236","msg":"2026-05-28T15:11:18+05:30    error    Test execution failed with error: exit status 1"}
{"level":"error","time":"2026-05-28T15:15:18.974+0530","caller":"web/setup.go:237","msg":"2026-05-28T15:11:18+05:30    error    Exit code: 1"}
{"level":"error","time":"2026-05-28T15:15:18.974+0530","caller":"web/setup.go:239","msg":"2026-05-28T15:11:18+05:30    error    Stderr: Error: ERR::PAR::HT_YAML     Unable to parse .hyperexecute/hyperexecute.yaml  error: yaml: unmarshal errors:\n  line 40: cannot unmarshal !!str `TIMEOUT` into int\n"}
{"level":"error","time":"2026-05-28T15:15:18.974+0530","caller":"web/setup.go:252","msg":"2026-05-28T15:11:18+05:30    error    Test execution finished with non-zero exit code: 1"}
{"level":"info","time":"2026-05-28T15:19:10.601+0530","caller":"web/setup.go:192","msg":"Successfully saved YAML to /Users/anmolg/Desktop/Projects/Hyper sample/junit-selenium-hyperexecute-sample-main/.hyperexecute/hyperexecute.yaml"}
{"level":"info","time":"2026-05-28T15:19:10.604+0530","caller":"web/setup.go:226","msg":"Starting test execution with command: ./hyperexecute [--verbose --user anmolgtestmuai --key LT_kguvWq81N6zCOvqozlQWIBZS6hQPCuF1r20HLhc2OhWF8xa --env prod --config .hyperexecute/hyperexecute.yaml --server-port 51492]"}
{"level":"debug","time":"2026-05-28T15:19:11.594+0530","caller":"cmd/bin.go:145","msg":"cli os: darwin, cli arch: arm64"}
{"level":"debug","time":"2026-05-28T15:19:12.293+0530","caller":"cmd/bin.go:154","msg":"Upstream version details: {Name:cli Min:0.2.265 Max:0.2.341} "}
{"level":"info","time":"2026-05-28T15:19:12.293+0530","caller":"cmd/bin.go:202","msg":"Generating TraceID for tracking request: 01KSPZSSBQTVRCSP75M5BR5XGJ \n"}
{"level":"debug","time":"2026-05-28T15:19:14.581+0530","caller":"core/lifecycle.go:107","msg":"Setting environment"}
{"level":"debug","time":"2026-05-28T15:19:14.582+0530","caller":"core/lifecycle.go:110","msg":"Parsing config"}
{"level":"debug","time":"2026-05-28T15:19:14.582+0530","caller":"yamlconfigmanager/setup.go:725","msg":"Custom location for .hyperexecute.yaml specified. Using: .hyperexecute/hyperexecute.yaml"}
{"level":"debug","time":"2026-05-28T15:19:14.582+0530","caller":"yamlconfigmanager/setup.go:117","msg":"using hyperexecute config from : .hyperexecute/hyperexecute.yaml"}
{"level":"debug","time":"2026-05-28T15:19:16.350+0530","caller":"yamlconfigmanager/setup.go:2153","msg":"Autodetecting test type in files of path : /Users/anmolg/Desktop/Projects/Hyper sample/junit-selenium-hyperexecute-sample-main"}
{"level":"debug","time":"2026-05-28T15:19:16.351+0530","caller":"yamlconfigmanager/setup.go:547","msg":"Tunnel: false"}
{"level":"info","time":"2026-05-28T15:19:16.351+0530","caller":"models/HypertestYamlConfig.go:974","msg":"\nExecution Plan"}
{"level":"info","time":"2026-05-28T15:19:16.351+0530","caller":"models/HypertestYamlConfig.go:775","msg":"Mode:    autosplit"}
{"level":"info","time":"2026-05-28T15:19:16.351+0530","caller":"models/HypertestYamlConfig.go:835","msg":"Runson:    linux"}
{"level":"info","time":"2026-05-28T15:19:16.351+0530","caller":"models/HypertestYamlConfig.go:843","msg":"Concurrency:    1"}
{"level":"info","time":"2026-05-28T15:19:16.351+0530","caller":"models/HypertestYamlConfig.go:907","msg":"Report:    enabled"}
{"level":"info","time":"2026-05-28T15:19:16.351+0530","caller":"models/HypertestYamlConfig.go:921","msg":"Artefacts:"}
{"level":"info","time":"2026-05-28T15:19:16.351+0530","caller":"models/HypertestYamlConfig.go:924","msg":"    TestReports:    reports/**"}
{"level":"info","time":"2026-05-28T15:19:16.351+0530","caller":"models/HypertestYamlConfig.go:939","msg":"Cache Directories:"}
{"level":"info","time":"2026-05-28T15:19:16.351+0530","caller":"models/HypertestYamlConfig.go:941","msg":"    CacheDir"}
{"level":"info","time":"2026-05-28T15:19:16.351+0530","caller":"models/HypertestYamlConfig.go:987","msg":""}
{"level":"debug","time":"2026-05-28T15:19:16.351+0530","caller":"filevalidator/setup.go:49","msg":"Warning: Checking data.json file in current directory, no dataJsonPath found in .hyperexecute.yaml"}
{"level":"debug","time":"2026-05-28T15:19:16.351+0530","caller":"filevalidator/setup.go:53","msg":"Warning: data.json file doesn't exist"}
{"level":"debug","time":"2026-05-28T15:19:20.796+0530","caller":"core/lifecycle.go:527","msg":"Job ID: 44f01b2c-f48c-4d61-b3eb-254197f9ee04"}
{"level":"debug","time":"2026-05-28T15:19:20.796+0530","caller":"core/lifecycle.go:530","msg":"User - anmolgtestmuai, triggered job with ID 44f01b2c-f48c-4d61-b3eb-254197f9ee04 from CLI"}
{"level":"debug","time":"2026-05-28T15:19:20.796+0530","caller":"events/manager.go:97","msg":"Starting event manager"}
{"level":"debug","time":"2026-05-28T15:19:20.796+0530","caller":"events/manager.go:99","msg":"SSE enabled, getting SSE connection"}
{"level":"debug","time":"2026-05-28T15:19:20.797+0530","caller":"archivemanager/setup.go:339","msg":"digestMap: map[]"}
{"level":"debug","time":"2026-05-28T15:19:20.797+0530","caller":"archivemanager/setup.go:345","msg":"Creating archive of target directory: /Users/anmolg/Desktop/Projects/Hyper sample/junit-selenium-hyperexecute-sample-main"}
{"level":"debug","time":"2026-05-28T15:19:20.820+0530","caller":"core/lifecycle.go:684","msg":"Zip file size: 229.12 kB"}
{"level":"debug","time":"2026-05-28T15:19:20.820+0530","caller":"core/lifecycle.go:694","msg":"Archive location: /Users/anmolg/Desktop/Projects/Hyper sample/junit-selenium-hyperexecute-sample-main/hyperexecute-code-44f01b2c-f48c-4d61-b3eb-254197f9ee04.zip\n"}
{"level":"debug","time":"2026-05-28T15:19:20.821+0530","caller":"storage/azure.go:60","msg":"Payload size: 229.12 kB, source path /Users/anmolg/Desktop/Projects/Hyper sample/junit-selenium-hyperexecute-sample-main/hyperexecute-code-44f01b2c-f48c-4d61-b3eb-254197f9ee04.zip"}
{"level":"debug","time":"2026-05-28T15:19:21.874+0530","caller":"events/manager.go:288","msg":"connection to hyperexecute server established successfully."}
{"level":"debug","time":"2026-05-28T15:19:25.443+0530","caller":"storage/azure.go:84","msg":"Azcopy output: \n\r0.0 %, 0 Done, 0 Failed, 1 Pending, 0 Skipped, 1 Total, 2-sec Throughput (Mb/s): 0.916\r100.0 %, 1 Done, 0 Failed, 0 Pending, 0 Skipped, 1 Total,                             \nTotal time taken to upload(min) :0.0667\n, stderr: "}
{"level":"info","time":"2026-05-28T15:19:25.443+0530","caller":"storage/azure.go:123","msg":"File: /Users/anmolg/Desktop/Projects/Hyper sample/junit-selenium-hyperexecute-sample-main/hyperexecute-code-44f01b2c-f48c-4d61-b3eb-254197f9ee04.zip upload completed in 4.622045833s"}
{"level":"debug","time":"2026-05-28T15:19:25.443+0530","caller":"receptionmanager/setup.go:284","msg":"only one runtime entry detected, mapping it to older yaml format"}
{"level":"debug","time":"2026-05-28T15:19:25.443+0530","caller":"receptionmanager/setup.go:313","msg":"only one partialreports entry detected, mapping it to older yaml format"}
{"level":"debug","time":"2026-05-28T15:19:25.444+0530","caller":"receptionmanager/setup.go:188","msg":"Uploading yaml : /Users/anmolg/Desktop/Projects/Hyper sample/junit-selenium-hyperexecute-sample-main/.updatedhyperexecute.yaml"}
{"level":"debug","time":"2026-05-28T15:19:25.444+0530","caller":"storage/azure.go:60","msg":"Payload size: 4.61 kB, source path /Users/anmolg/Desktop/Projects/Hyper sample/junit-selenium-hyperexecute-sample-main/.updatedhyperexecute.yaml"}
{"level":"debug","time":"2026-05-28T15:19:27.480+0530","caller":"storage/azure.go:84","msg":"Azcopy output: \n\r100.0 %, 1 Done, 0 Failed, 0 Pending, 0 Skipped, 1 Total, 2-sec Throughput (Mb/s): 0.0184\nTotal time taken to upload(min) :0.0333\n, stderr: "}
{"level":"info","time":"2026-05-28T15:19:27.480+0530","caller":"storage/azure.go:123","msg":"File: /Users/anmolg/Desktop/Projects/Hyper sample/junit-selenium-hyperexecute-sample-main/.updatedhyperexecute.yaml upload completed in 2.036175625s"}
{"level":"debug","time":"2026-05-28T15:19:27.480+0530","caller":"core/lifecycle.go:721","msg":"Successfully deleted code archive: /Users/anmolg/Desktop/Projects/Hyper sample/junit-selenium-hyperexecute-sample-main/hyperexecute-code-44f01b2c-f48c-4d61-b3eb-254197f9ee04.zip\n"}
{"level":"debug","time":"2026-05-28T15:19:27.482+0530","caller":"storage/azure.go:60","msg":"Payload size: 1.01 kB, source path .hyperexecute/mask-44f01b2c-f48c-4d61-b3eb-254197f9ee04.yaml"}
{"level":"debug","time":"2026-05-28T15:19:29.517+0530","caller":"storage/azure.go:84","msg":"Azcopy output: \n\r100.0 %, 1 Done, 0 Failed, 0 Pending, 0 Skipped, 1 Total, 2-sec Throughput (Mb/s): 0.0041\nTotal time taken to upload(min) :0.0334\n, stderr: "}
{"level":"info","time":"2026-05-28T15:19:29.517+0530","caller":"storage/azure.go:123","msg":"File: .hyperexecute/mask-44f01b2c-f48c-4d61-b3eb-254197f9ee04.yaml upload completed in 2.035231959s"}
{"level":"debug","time":"2026-05-28T15:19:31.812+0530","caller":"jobmanager/sse_setup.go:192","msg":"Task id: HYPL-509662-1779961770589481153ZDS"}
{"level":"debug","time":"2026-05-28T15:19:31.812+0530","caller":"jobmanager/sse_setup.go:193","msg":"Sending new task alert to stage manager for taskId: HYPL-509662-1779961770589481153ZDS"}
{"level":"debug","time":"2026-05-28T15:20:01.814+0530","caller":"events/manager.go:356","msg":"No new messages received from SSE for jobID: 44f01b2c-f48c-4d61-b3eb-254197f9ee04. Fetching from APIs"}
{"level":"info","time":"2026-05-28T15:20:02.784+0530","caller":"jobmanager/sse_setup.go:86","msg":"\nJob 44f01b2c-f48c-4d61-b3eb-254197f9ee04 has INITIATED"}
{"level":"info","time":"2026-05-28T15:20:02.785+0530","caller":"jobmanager/manager.go:138","msg":"Job Link: https://hyperexecute.lambdatest.com/hyperexecute/task?jobId=44f01b2c-f48c-4d61-b3eb-254197f9ee04\n"}
{"level":"debug","time":"2026-05-28T15:20:33.647+0530","caller":"events/manager.go:356","msg":"No new messages received from SSE for jobID: 44f01b2c-f48c-4d61-b3eb-254197f9ee04. Fetching from APIs"}
{"level":"info","time":"2026-05-28T15:21:00.817+0530","caller":"terminal/terminal.go:187","msg":"✔ [1]  cache-download (1s)\n"}
{"level":"info","time":"2026-05-28T15:21:01.277+0530","caller":"jobmanager/sse_setup.go:84","msg":"\nJob 44f01b2c-f48c-4d61-b3eb-254197f9ee04 has started RUNNING"}
{"level":"info","time":"2026-05-28T15:21:01.278+0530","caller":"jobmanager/manager.go:138","msg":"Job Link: https://hyperexecute.lambdatest.com/hyperexecute/task?jobId=44f01b2c-f48c-4d61-b3eb-254197f9ee04\n"}
{"level":"info","time":"2026-05-28T15:21:04.641+0530","caller":"terminal/terminal.go:187","msg":"✔ [1]  setup-runtime (5s)\n"}
{"level":"info","time":"2026-05-28T15:21:12.089+0530","caller":"terminal/terminal.go:187","msg":"x [1]  pre (8s)\n"}
{"level":"info","time":"2026-05-28T15:21:14.021+0530","caller":"jobmanager/sse_setup.go:86","msg":"\nJob 44f01b2c-f48c-4d61-b3eb-254197f9ee04 has  FAILED "}
{"level":"info","time":"2026-05-28T15:21:14.021+0530","caller":"jobmanager/manager.go:138","msg":"Job Link: https://hyperexecute.lambdatest.com/hyperexecute/task?jobId=44f01b2c-f48c-4d61-b3eb-254197f9ee04\n"}
{"level":"error","time":"2026-05-28T15:21:14.021+0530","caller":"jobmanager/sse_setup.go:121","msg":"2026-05-28T15:19:10+05:30    error    ERR::JOB::STS     Job failed!"}
{"level":"debug","time":"2026-05-28T15:21:14.021+0530","caller":"jobmanager/sse_setup.go:134","msg":"\n\nJob status"}
{"level":"info","time":"2026-05-28T15:21:14.021+0530","caller":"jobmanager/sse_setup.go:147","msg":"\n Job Labels: selenium-pytest  linux  autosplit "}
{"level":"info","time":"2026-05-28T15:21:14.021+0530","caller":"jobmanager/sse_setup.go:149","msg":" ID: 44f01b2c-f48c-4d61-b3eb-254197f9ee04\n Status:  FAILED \n Remark: Job failed at prerun step. Please check your Yaml configuration.\n OrgID: 509662\n Created: 2026-05-28 09:49:20 +0000 UTC\n Updated: 2026-05-28 09:51:11 +0000 UTC\n global timeout: 90\n testsuite timeout: 90\n retry on failure: false\n start time: 2026-05-28 09:50:59 +0000 UTC\n end time: 2026-05-28 09:51:11 +0000 UTC\n duration: 12s"}
{"level":"info","time":"2026-05-28T15:21:14.021+0530","caller":"jobmanager/sse_setup.go:155","msg":"\n\nTask status\n"}
{"level":"info","time":"2026-05-28T15:21:14.021+0530","caller":"jobmanager/sse_setup.go:161","msg":" ID: HYPL-509662-1779961770589481153ZDS\n Status: failed\n Remark: Job failed at prerun step. Please check your Yaml configuration.\n Created: 2026-05-28 09:49:30 +0000 UTC\n Updated: 2026-05-28 09:51:11 +0000 UTC\n context: {\"_jobId\": \"44f01b2c-f48c-4d61-b3eb-254197f9ee04\", \"_taskId\": \"HYPL-509662-1779961770589481153ZDS\", \"_ims_enabled\": true, \"_sanctumIntent\": \"hyperexecute-linux\", \"_ims_template_id\": \"linux\", \"_parentTestIntent\": \"hyperexecute-linux\", \"_adbEspressoSupport\": \"true\", \"_whiteLabelProductTag\": \"\"}\n tunnel name: \n os: linux\n start time: 2026-05-28 09:50:59 +0000 UTC\n end time: 2026-05-28 09:51:11 +0000 UTC\n duration: 12s"}
{"level":"info","time":"2026-05-28T15:21:14.021+0530","caller":"jobmanager/sse_setup.go:166","msg":"\n"}
{"level":"info","time":"2026-05-28T15:21:14.021+0530","caller":"core/lifecycle.go:811","msg":"taskId:HYPL-509662-1779961770589481153ZDS has failed with remark: Job failed at prerun step. Please check your Yaml configuration.\n"}
{"level":"info","time":"2026-05-28T15:21:14.810+0530","caller":"jobmanager/JobSummaryManager.go:54","msg":"\n FAILED \n"}
{"level":"info","time":"2026-05-28T15:21:14.811+0530","caller":"jobmanager/JobSummaryManager.go:113","msg":"    Test Execution Time:                  0s"}
{"level":"info","time":"2026-05-28T15:21:14.811+0530","caller":"jobmanager/JobSummaryManager.go:113","msg":"    Job Duration Time:                    12s"}
{"level":"info","time":"2026-05-28T15:21:14.811+0530","caller":"jobmanager/JobSummaryManager.go:113","msg":"    Total Tasks:                          1"}
{"level":"info","time":"2026-05-28T15:21:14.811+0530","caller":"jobmanager/JobSummaryManager.go:113","msg":"    Cumulative Time Consumed:             12s"}
{"level":"info","time":"2026-05-28T15:21:14.811+0530","caller":"jobmanager/JobSummaryManager.go:113","msg":"    Total Stages:                         1"}
{"level":"info","time":"2026-05-28T15:21:14.811+0530","caller":"jobmanager/JobSummaryManager.go:113","msg":"    Pass discovery stage percentage:      0.00%"}
{"level":"info","time":"2026-05-28T15:21:14.811+0530","caller":"jobmanager/JobSummaryManager.go:113","msg":"    Failed discovery stage percentage:    0.00%"}
{"level":"info","time":"2026-05-28T15:21:14.811+0530","caller":"jobmanager/JobSummaryManager.go:113","msg":"    Pass pre stage percentage:            0.00%"}
{"level":"info","time":"2026-05-28T15:21:14.811+0530","caller":"jobmanager/JobSummaryManager.go:113","msg":"    Failed pre stage percentage:          100.00%"}
{"level":"info","time":"2026-05-28T15:21:14.811+0530","caller":"jobmanager/JobSummaryManager.go:113","msg":"    Pass test stage percentage:           0.00%"}
{"level":"info","time":"2026-05-28T15:21:14.811+0530","caller":"jobmanager/JobSummaryManager.go:113","msg":"    Failed test stage percentage:         0.00%"}
{"level":"info","time":"2026-05-28T15:21:14.811+0530","caller":"jobmanager/JobSummaryManager.go:113","msg":"    Pass post stage percentage:           0.00%"}
{"level":"info","time":"2026-05-28T15:21:14.811+0530","caller":"jobmanager/JobSummaryManager.go:113","msg":"    Failed post stage percentage:         0.00%"}
{"level":"info","time":"2026-05-28T15:21:14.811+0530","caller":"jobmanager/JobSummaryManager.go:113","msg":"    Failed Tasks:                         1"}
{"level":"info","time":"2026-05-28T15:21:14.811+0530","caller":"jobmanager/JobSummaryManager.go:58","msg":""}
{"level":"info","time":"2026-05-28T15:21:14.813+0530","caller":"events/manager.go:338","msg":"context done and stopping SSE"}
{"level":"debug","time":"2026-05-28T15:21:14.813+0530","caller":"core/lifecycle.go:924","msg":"Context canceled"}
{"level":"debug","time":"2026-05-28T15:21:14.814+0530","caller":"events/manager.go:256","msg":"Stopping event manager"}
{"level":"info","time":"2026-05-28T15:21:14.814+0530","caller":"core/lifecycle.go:927","msg":"Stopping pipeline gracefully"}
{"level":"error","time":"2026-05-28T15:21:14.814+0530","caller":"core/lifecycle.go:930","msg":"2026-05-28T15:19:10+05:30    error    Exiting with error: Failed tasks found."}
{"level":"info","time":"2026-05-28T15:21:14.814+0530","caller":"jobmanager/manager.go:138","msg":"Job Link: https://hyperexecute.lambdatest.com/hyperexecute/task?jobId=44f01b2c-f48c-4d61-b3eb-254197f9ee04\n"}
{"level":"debug","time":"2026-05-28T15:21:14.814+0530","caller":"core/lifecycle.go:59","msg":"Quit requested from main goroutine...."}
{"level":"debug","time":"2026-05-28T15:21:14.814+0530","caller":"core/lifecycle.go:60","msg":"Waiting for the goroutines to exit"}
{"level":"debug","time":"2026-05-28T15:21:14.814+0530","caller":"core/lifecycle.go:63","msg":"All lifecycle goroutines exited"}
{"level":"debug","time":"2026-05-28T15:21:14.814+0530","caller":"cmd/bin.go:361","msg":"main: all goroutines have finished."}
{"level":"debug","time":"2026-05-28T15:21:14.814+0530","caller":"cmd/bin.go:400","msg":"Exiting application due to error Failed tasks found."}
{"level":"error","time":"2026-05-28T15:21:14.821+0530","caller":"web/setup.go:236","msg":"2026-05-28T15:11:18+05:30    error    Test execution failed with error: exit status 1"}
{"level":"error","time":"2026-05-28T15:21:14.821+0530","caller":"web/setup.go:237","msg":"2026-05-28T15:11:18+05:30    error    Exit code: 1"}
{"level":"error","time":"2026-05-28T15:21:14.821+0530","caller":"web/setup.go:239","msg":"2026-05-28T15:11:18+05:30    error    Stderr: Error: Failed tasks found.\n"}
{"level":"error","time":"2026-05-28T15:21:14.821+0530","caller":"web/setup.go:252","msg":"2026-05-28T15:11:18+05:30    error    Test execution finished with non-zero exit code: 1"}
{"level":"info","time":"2026-05-28T15:22:39.308+0530","caller":"web/setup.go:192","msg":"Successfully saved YAML to /Users/anmolg/Desktop/Projects/Hyper sample/junit-selenium-hyperexecute-sample-main/.hyperexecute/hyperexecute.yaml"}
{"level":"info","time":"2026-05-28T15:22:39.316+0530","caller":"web/setup.go:226","msg":"Starting test execution with command: ./hyperexecute [--verbose --user anmolgtestmuai --key LT_kguvWq81N6zCOvqozlQWIBZS6hQPCuF1r20HLhc2OhWF8xa --env prod --config .hyperexecute/hyperexecute.yaml --server-port 51604]"}
{"level":"debug","time":"2026-05-28T15:22:40.382+0530","caller":"cmd/bin.go:145","msg":"cli os: darwin, cli arch: arm64"}
{"level":"debug","time":"2026-05-28T15:22:41.057+0530","caller":"cmd/bin.go:154","msg":"Upstream version details: {Name:cli Min:0.2.265 Max:0.2.341} "}
{"level":"info","time":"2026-05-28T15:22:41.057+0530","caller":"cmd/bin.go:202","msg":"Generating TraceID for tracking request: 01KSQ00562F76SQV4R6C7A6DDV \n"}
{"level":"debug","time":"2026-05-28T15:22:42.830+0530","caller":"core/lifecycle.go:107","msg":"Setting environment"}
{"level":"debug","time":"2026-05-28T15:22:42.831+0530","caller":"core/lifecycle.go:110","msg":"Parsing config"}
{"level":"debug","time":"2026-05-28T15:22:42.831+0530","caller":"yamlconfigmanager/setup.go:725","msg":"Custom location for .hyperexecute.yaml specified. Using: .hyperexecute/hyperexecute.yaml"}
{"level":"debug","time":"2026-05-28T15:22:42.831+0530","caller":"yamlconfigmanager/setup.go:117","msg":"using hyperexecute config from : .hyperexecute/hyperexecute.yaml"}
{"level":"debug","time":"2026-05-28T15:22:44.748+0530","caller":"yamlconfigmanager/setup.go:2153","msg":"Autodetecting test type in files of path : /Users/anmolg/Desktop/Projects/Hyper sample/junit-selenium-hyperexecute-sample-main"}
{"level":"debug","time":"2026-05-28T15:22:44.749+0530","caller":"yamlconfigmanager/setup.go:547","msg":"Tunnel: false"}
{"level":"info","time":"2026-05-28T15:22:44.749+0530","caller":"models/HypertestYamlConfig.go:974","msg":"\nExecution Plan"}
{"level":"info","time":"2026-05-28T15:22:44.750+0530","caller":"models/HypertestYamlConfig.go:775","msg":"Mode:    autosplit"}
{"level":"info","time":"2026-05-28T15:22:44.750+0530","caller":"models/HypertestYamlConfig.go:835","msg":"Runson:    linux"}
{"level":"info","time":"2026-05-28T15:22:44.750+0530","caller":"models/HypertestYamlConfig.go:843","msg":"Concurrency:    1"}
{"level":"info","time":"2026-05-28T15:22:44.750+0530","caller":"models/HypertestYamlConfig.go:907","msg":"Report:    enabled"}
{"level":"info","time":"2026-05-28T15:22:44.750+0530","caller":"models/HypertestYamlConfig.go:987","msg":""}
{"level":"debug","time":"2026-05-28T15:22:44.750+0530","caller":"filevalidator/setup.go:49","msg":"Warning: Checking data.json file in current directory, no dataJsonPath found in .hyperexecute.yaml"}
{"level":"debug","time":"2026-05-28T15:22:44.750+0530","caller":"filevalidator/setup.go:53","msg":"Warning: data.json file doesn't exist"}
{"level":"debug","time":"2026-05-28T15:22:48.077+0530","caller":"core/lifecycle.go:527","msg":"Job ID: 002a7a94-4729-4512-99f1-d3b747ee508e"}
{"level":"debug","time":"2026-05-28T15:22:48.077+0530","caller":"events/manager.go:97","msg":"Starting event manager"}
{"level":"debug","time":"2026-05-28T15:22:48.077+0530","caller":"events/manager.go:99","msg":"SSE enabled, getting SSE connection"}
{"level":"debug","time":"2026-05-28T15:22:48.077+0530","caller":"core/lifecycle.go:530","msg":"User - anmolgtestmuai, triggered job with ID 002a7a94-4729-4512-99f1-d3b747ee508e from CLI"}
{"level":"debug","time":"2026-05-28T15:22:48.083+0530","caller":"archivemanager/setup.go:339","msg":"digestMap: map[]"}
{"level":"debug","time":"2026-05-28T15:22:48.086+0530","caller":"archivemanager/setup.go:345","msg":"Creating archive of target directory: /Users/anmolg/Desktop/Projects/Hyper sample/junit-selenium-hyperexecute-sample-main"}
{"level":"debug","time":"2026-05-28T15:22:48.114+0530","caller":"core/lifecycle.go:684","msg":"Zip file size: 229.01 kB"}
{"level":"debug","time":"2026-05-28T15:22:48.114+0530","caller":"core/lifecycle.go:694","msg":"Archive location: /Users/anmolg/Desktop/Projects/Hyper sample/junit-selenium-hyperexecute-sample-main/hyperexecute-code-002a7a94-4729-4512-99f1-d3b747ee508e.zip\n"}
{"level":"debug","time":"2026-05-28T15:22:48.114+0530","caller":"storage/azure.go:60","msg":"Payload size: 229.01 kB, source path /Users/anmolg/Desktop/Projects/Hyper sample/junit-selenium-hyperexecute-sample-main/hyperexecute-code-002a7a94-4729-4512-99f1-d3b747ee508e.zip"}
{"level":"debug","time":"2026-05-28T15:22:49.064+0530","caller":"events/manager.go:288","msg":"connection to hyperexecute server established successfully."}
{"level":"debug","time":"2026-05-28T15:22:52.674+0530","caller":"storage/azure.go:84","msg":"Azcopy output: \n\r0.0 %, 0 Done, 0 Failed, 1 Pending, 0 Skipped, 1 Total, 2-sec Throughput (Mb/s): 0.9154\r100.0 %, 1 Done, 0 Failed, 0 Pending, 0 Skipped, 1 Total,                              \nTotal time taken to upload(min) :0.0667\n, stderr: "}
{"level":"info","time":"2026-05-28T15:22:52.674+0530","caller":"storage/azure.go:123","msg":"File: /Users/anmolg/Desktop/Projects/Hyper sample/junit-selenium-hyperexecute-sample-main/hyperexecute-code-002a7a94-4729-4512-99f1-d3b747ee508e.zip upload completed in 4.560007792s"}
{"level":"debug","time":"2026-05-28T15:22:52.675+0530","caller":"receptionmanager/setup.go:284","msg":"only one runtime entry detected, mapping it to older yaml format"}
{"level":"debug","time":"2026-05-28T15:22:52.675+0530","caller":"receptionmanager/setup.go:313","msg":"only one partialreports entry detected, mapping it to older yaml format"}
{"level":"debug","time":"2026-05-28T15:22:52.676+0530","caller":"receptionmanager/setup.go:188","msg":"Uploading yaml : /Users/anmolg/Desktop/Projects/Hyper sample/junit-selenium-hyperexecute-sample-main/.updatedhyperexecute.yaml"}
{"level":"debug","time":"2026-05-28T15:22:52.676+0530","caller":"storage/azure.go:60","msg":"Payload size: 4.22 kB, source path /Users/anmolg/Desktop/Projects/Hyper sample/junit-selenium-hyperexecute-sample-main/.updatedhyperexecute.yaml"}
{"level":"debug","time":"2026-05-28T15:22:54.711+0530","caller":"storage/azure.go:84","msg":"Azcopy output: \n\r100.0 %, 1 Done, 0 Failed, 0 Pending, 0 Skipped, 1 Total, 2-sec Throughput (Mb/s): 0.0169\nTotal time taken to upload(min) :0.0333\n, stderr: "}
{"level":"info","time":"2026-05-28T15:22:54.711+0530","caller":"storage/azure.go:123","msg":"File: /Users/anmolg/Desktop/Projects/Hyper sample/junit-selenium-hyperexecute-sample-main/.updatedhyperexecute.yaml upload completed in 2.035351334s"}
{"level":"debug","time":"2026-05-28T15:22:54.711+0530","caller":"core/lifecycle.go:721","msg":"Successfully deleted code archive: /Users/anmolg/Desktop/Projects/Hyper sample/junit-selenium-hyperexecute-sample-main/hyperexecute-code-002a7a94-4729-4512-99f1-d3b747ee508e.zip\n"}
{"level":"debug","time":"2026-05-28T15:22:54.712+0530","caller":"storage/azure.go:60","msg":"Payload size: 664 B, source path .hyperexecute/mask-002a7a94-4729-4512-99f1-d3b747ee508e.yaml"}
{"level":"debug","time":"2026-05-28T15:22:56.747+0530","caller":"storage/azure.go:84","msg":"Azcopy output: \n\r100.0 %, 1 Done, 0 Failed, 0 Pending, 0 Skipped, 1 Total, 2-sec Throughput (Mb/s): 0.0027\nTotal time taken to upload(min) :0.0333\n, stderr: "}
{"level":"info","time":"2026-05-28T15:22:56.747+0530","caller":"storage/azure.go:123","msg":"File: .hyperexecute/mask-002a7a94-4729-4512-99f1-d3b747ee508e.yaml upload completed in 2.035791208s"}
{"level":"debug","time":"2026-05-28T15:22:58.975+0530","caller":"jobmanager/sse_setup.go:192","msg":"Task id: HYPL-509662-1779961977761776087EVT"}
{"level":"debug","time":"2026-05-28T15:22:58.975+0530","caller":"jobmanager/sse_setup.go:193","msg":"Sending new task alert to stage manager for taskId: HYPL-509662-1779961977761776087EVT"}
{"level":"debug","time":"2026-05-28T15:23:28.977+0530","caller":"events/manager.go:356","msg":"No new messages received from SSE for jobID: 002a7a94-4729-4512-99f1-d3b747ee508e. Fetching from APIs"}
{"level":"info","time":"2026-05-28T15:23:29.729+0530","caller":"jobmanager/sse_setup.go:86","msg":"\nJob 002a7a94-4729-4512-99f1-d3b747ee508e has INITIATED"}
{"level":"info","time":"2026-05-28T15:23:29.729+0530","caller":"jobmanager/manager.go:138","msg":"Job Link: https://hyperexecute.lambdatest.com/hyperexecute/task?jobId=002a7a94-4729-4512-99f1-d3b747ee508e\n"}
{"level":"debug","time":"2026-05-28T15:24:00.524+0530","caller":"events/manager.go:356","msg":"No new messages received from SSE for jobID: 002a7a94-4729-4512-99f1-d3b747ee508e. Fetching from APIs"}
{"level":"debug","time":"2026-05-28T15:24:32.160+0530","caller":"events/manager.go:356","msg":"No new messages received from SSE for jobID: 002a7a94-4729-4512-99f1-d3b747ee508e. Fetching from APIs"}
{"level":"info","time":"2026-05-28T15:24:51.304+0530","caller":"jobmanager/sse_setup.go:84","msg":"\nJob 002a7a94-4729-4512-99f1-d3b747ee508e has started RUNNING"}
{"level":"info","time":"2026-05-28T15:24:51.305+0530","caller":"jobmanager/manager.go:138","msg":"Job Link: https://hyperexecute.lambdatest.com/hyperexecute/task?jobId=002a7a94-4729-4512-99f1-d3b747ee508e\n"}
{"level":"info","time":"2026-05-28T15:24:58.532+0530","caller":"terminal/terminal.go:187","msg":"✔ [1]  setup-runtime (8s)\n"}
{"level":"info","time":"2026-05-28T15:25:23.447+0530","caller":"terminal/terminal.go:187","msg":"✔ [1]  pre (25s)\n"}
{"level":"info","time":"2026-05-28T15:25:23.621+0530","caller":"terminal/terminal.go:187","msg":"✔ [1]  discovery (0s)\n"}
{"level":"debug","time":"2026-05-28T15:26:02.362+0530","caller":"events/manager.go:356","msg":"No new messages received from SSE for jobID: 002a7a94-4729-4512-99f1-d3b747ee508e. Fetching from APIs"}
{"level":"info","time":"2026-05-28T15:26:27.449+0530","caller":"terminal/terminal.go:187","msg":"✔ [1]  BingSearch2Test (55s)\n"}
{"level":"info","time":"2026-05-28T15:26:57.442+0530","caller":"terminal/terminal.go:187","msg":"✔ [1]  BingSearch3Test (30s)\n"}
{"level":"info","time":"2026-05-28T15:27:25.821+0530","caller":"terminal/terminal.go:187","msg":"✔ [1]  BingSearch4Test (29s)\n"}
{"level":"info","time":"2026-05-28T15:27:54.037+0530","caller":"terminal/terminal.go:187","msg":"✔ [1]  BingSearchTest (28s)\n"}
{"level":"debug","time":"2026-05-28T15:28:24.435+0530","caller":"events/manager.go:356","msg":"No new messages received from SSE for jobID: 002a7a94-4729-4512-99f1-d3b747ee508e. Fetching from APIs"}
{"level":"info","time":"2026-05-28T15:28:53.003+0530","caller":"terminal/terminal.go:187","msg":"x [1]  InputFormSubmit2Test (59s)\n"}
{"level":"debug","time":"2026-05-28T15:29:23.644+0530","caller":"events/manager.go:356","msg":"No new messages received from SSE for jobID: 002a7a94-4729-4512-99f1-d3b747ee508e. Fetching from APIs"}
{"level":"info","time":"2026-05-28T15:29:42.345+0530","caller":"terminal/terminal.go:187","msg":"x [1]  InputFormSubmit3Test (49s)\n"}
{"level":"debug","time":"2026-05-28T15:30:12.733+0530","caller":"events/manager.go:356","msg":"No new messages received from SSE for jobID: 002a7a94-4729-4512-99f1-d3b747ee508e. Fetching from APIs"}
{"level":"info","time":"2026-05-28T15:30:32.902+0530","caller":"terminal/terminal.go:187","msg":"x [1]  InputFormSubmit4Test (50s)\n"}
{"level":"debug","time":"2026-05-28T15:31:02.903+0530","caller":"events/manager.go:356","msg":"No new messages received from SSE for jobID: 002a7a94-4729-4512-99f1-d3b747ee508e. Fetching from APIs"}
{"level":"info","time":"2026-05-28T15:31:20.579+0530","caller":"terminal/terminal.go:187","msg":"x [1]  InputFormSubmitTest (48s)\n"}
{"level":"info","time":"2026-05-28T15:31:49.630+0530","caller":"terminal/terminal.go:187","msg":"✔ [1]  ToDoAddAndComplete2Test (29s)\n"}
{"level":"info","time":"2026-05-28T15:32:15.762+0530","caller":"terminal/terminal.go:187","msg":"✔ [1]  ToDoAddAndComplete3Test (27s)\n"}
{"level":"info","time":"2026-05-28T15:32:40.330+0530","caller":"terminal/terminal.go:187","msg":"✔ [1]  ToDoAddAndComplete4Test (24s)\n"}
{"level":"info","time":"2026-05-28T15:33:05.011+0530","caller":"terminal/terminal.go:187","msg":"✔ [1]  ToDoAddAndComplete5Test (25s)\n"}
{"level":"info","time":"2026-05-28T15:33:29.270+0530","caller":"terminal/terminal.go:187","msg":"✔ [1]  ToDoAddAndCompleteTest (24s)\n"}
{"level":"debug","time":"2026-05-28T15:33:59.692+0530","caller":"events/manager.go:356","msg":"No new messages received from SSE for jobID: 002a7a94-4729-4512-99f1-d3b747ee508e. Fetching from APIs"}
{"level":"info","time":"2026-05-28T15:34:07.486+0530","caller":"terminal/terminal.go:187","msg":"✔ [1]  ToDoClearAndDeleteTest (38s)\n"}
{"level":"debug","time":"2026-05-28T15:34:37.920+0530","caller":"events/manager.go:356","msg":"No new messages received from SSE for jobID: 002a7a94-4729-4512-99f1-d3b747ee508e. Fetching from APIs"}
{"level":"info","time":"2026-05-28T15:34:48.234+0530","caller":"terminal/terminal.go:187","msg":"✔ [1]  ToDoFilterTest (41s)\n"}
{"level":"debug","time":"2026-05-28T15:35:18.235+0530","caller":"events/manager.go:356","msg":"No new messages received from SSE for jobID: 002a7a94-4729-4512-99f1-d3b747ee508e. Fetching from APIs"}
{"level":"info","time":"2026-05-28T15:35:19.869+0530","caller":"jobmanager/sse_setup.go:86","msg":"\nJob 002a7a94-4729-4512-99f1-d3b747ee508e has  FAILED "}
{"level":"info","time":"2026-05-28T15:35:19.869+0530","caller":"jobmanager/manager.go:138","msg":"Job Link: https://hyperexecute.lambdatest.com/hyperexecute/task?jobId=002a7a94-4729-4512-99f1-d3b747ee508e\n"}
{"level":"error","time":"2026-05-28T15:35:19.869+0530","caller":"jobmanager/sse_setup.go:121","msg":"2026-05-28T15:22:39+05:30    error    ERR::JOB::STS     Job failed!"}
{"level":"debug","time":"2026-05-28T15:35:19.869+0530","caller":"jobmanager/sse_setup.go:134","msg":"\n\nJob status"}
{"level":"info","time":"2026-05-28T15:35:19.869+0530","caller":"jobmanager/sse_setup.go:147","msg":"\n Job Labels: selenium-junit  linux  autosplit "}
{"level":"info","time":"2026-05-28T15:35:19.869+0530","caller":"jobmanager/sse_setup.go:149","msg":" ID: 002a7a94-4729-4512-99f1-d3b747ee508e\n Status:  FAILED \n Remark: Job failed as encountered a Test level failure\n OrgID: 509662\n Created: 2026-05-28 09:52:47 +0000 UTC\n Updated: 2026-05-28 10:05:17 +0000 UTC\n global timeout: 90\n testsuite timeout: 90\n retry on failure: true\n start time: 2026-05-28 09:54:49 +0000 UTC\n end time: 2026-05-28 10:05:17 +0000 UTC\n duration: 10m28s"}
{"level":"info","time":"2026-05-28T15:35:19.869+0530","caller":"jobmanager/sse_setup.go:155","msg":"\n\nTask status\n"}
{"level":"info","time":"2026-05-28T15:35:19.869+0530","caller":"jobmanager/sse_setup.go:161","msg":" ID: HYPL-509662-1779961977761776087EVT\n Status: failed\n Remark: Job failed as encountered a Test level failure\n Created: 2026-05-28 09:52:57 +0000 UTC\n Updated: 2026-05-28 10:05:17 +0000 UTC\n context: {\"_jobId\": \"002a7a94-4729-4512-99f1-d3b747ee508e\", \"_taskId\": \"HYPL-509662-1779961977761776087EVT\", \"_ims_enabled\": true, \"_sanctumIntent\": \"hyperexecute-linux\", \"_ims_template_id\": \"linux\", \"_parentTestIntent\": \"hyperexecute-linux\", \"_adbEspressoSupport\": \"true\", \"_whiteLabelProductTag\": \"\"}\n tunnel name: \n os: linux\n start time: 2026-05-28 09:54:49 +0000 UTC\n end time: 2026-05-28 10:05:17 +0000 UTC\n duration: 10m28s"}
{"level":"info","time":"2026-05-28T15:35:19.869+0530","caller":"jobmanager/sse_setup.go:166","msg":"\n"}
{"level":"info","time":"2026-05-28T15:35:19.869+0530","caller":"core/lifecycle.go:811","msg":"taskId:HYPL-509662-1779961977761776087EVT has failed with remark: Job failed as encountered a Test level failure\n"}
{"level":"info","time":"2026-05-28T15:35:20.526+0530","caller":"jobmanager/JobSummaryManager.go:54","msg":"\n FAILED \n"}
{"level":"info","time":"2026-05-28T15:35:20.526+0530","caller":"jobmanager/JobSummaryManager.go:113","msg":"    Test Execution Time:                  4m27s"}
{"level":"info","time":"2026-05-28T15:35:20.526+0530","caller":"jobmanager/JobSummaryManager.go:113","msg":"    Job Duration Time:                    10m28s"}
{"level":"info","time":"2026-05-28T15:35:20.526+0530","caller":"jobmanager/JobSummaryManager.go:113","msg":"    Total Tasks:                          1"}
{"level":"info","time":"2026-05-28T15:35:20.526+0530","caller":"jobmanager/JobSummaryManager.go:113","msg":"    Cumulative Time Consumed:             10m28s"}
{"level":"info","time":"2026-05-28T15:35:20.526+0530","caller":"jobmanager/JobSummaryManager.go:113","msg":"    Total Stages:                         17"}
{"level":"info","time":"2026-05-28T15:35:20.526+0530","caller":"jobmanager/JobSummaryManager.go:113","msg":"    Pass discovery stage percentage:      100.00%"}
{"level":"info","time":"2026-05-28T15:35:20.526+0530","caller":"jobmanager/JobSummaryManager.go:113","msg":"    Failed discovery stage percentage:    0.00%"}
{"level":"info","time":"2026-05-28T15:35:20.526+0530","caller":"jobmanager/JobSummaryManager.go:113","msg":"    Pass pre stage percentage:            100.00%"}
{"level":"info","time":"2026-05-28T15:35:20.526+0530","caller":"jobmanager/JobSummaryManager.go:113","msg":"    Failed pre stage percentage:          0.00%"}
{"level":"info","time":"2026-05-28T15:35:20.526+0530","caller":"jobmanager/JobSummaryManager.go:113","msg":"    Pass test stage percentage:           73.33%"}
{"level":"info","time":"2026-05-28T15:35:20.526+0530","caller":"jobmanager/JobSummaryManager.go:113","msg":"    Failed test stage percentage:         26.67%"}
{"level":"info","time":"2026-05-28T15:35:20.526+0530","caller":"jobmanager/JobSummaryManager.go:113","msg":"    Pass post stage percentage:           0.00%"}
{"level":"info","time":"2026-05-28T15:35:20.526+0530","caller":"jobmanager/JobSummaryManager.go:113","msg":"    Failed post stage percentage:         0.00%"}
{"level":"info","time":"2026-05-28T15:35:20.526+0530","caller":"jobmanager/JobSummaryManager.go:113","msg":"    Failed Tasks:                         1"}
{"level":"info","time":"2026-05-28T15:35:20.526+0530","caller":"jobmanager/JobSummaryManager.go:58","msg":""}
{"level":"info","time":"2026-05-28T15:35:20.528+0530","caller":"events/manager.go:338","msg":"context done and stopping SSE"}
{"level":"debug","time":"2026-05-28T15:35:20.528+0530","caller":"events/manager.go:256","msg":"Stopping event manager"}
{"level":"debug","time":"2026-05-28T15:35:20.528+0530","caller":"core/lifecycle.go:924","msg":"Context canceled"}
{"level":"info","time":"2026-05-28T15:35:20.528+0530","caller":"core/lifecycle.go:927","msg":"Stopping pipeline gracefully"}
{"level":"error","time":"2026-05-28T15:35:20.528+0530","caller":"core/lifecycle.go:930","msg":"2026-05-28T15:22:39+05:30    error    Exiting with error: Failed tasks found."}
{"level":"info","time":"2026-05-28T15:35:20.528+0530","caller":"jobmanager/manager.go:138","msg":"Job Link: https://hyperexecute.lambdatest.com/hyperexecute/task?jobId=002a7a94-4729-4512-99f1-d3b747ee508e\n"}
{"level":"debug","time":"2026-05-28T15:35:20.528+0530","caller":"core/lifecycle.go:59","msg":"Quit requested from main goroutine...."}
{"level":"debug","time":"2026-05-28T15:35:20.528+0530","caller":"core/lifecycle.go:60","msg":"Waiting for the goroutines to exit"}
{"level":"debug","time":"2026-05-28T15:35:20.528+0530","caller":"core/lifecycle.go:63","msg":"All lifecycle goroutines exited"}
{"level":"debug","time":"2026-05-28T15:35:20.528+0530","caller":"cmd/bin.go:361","msg":"main: all goroutines have finished."}
{"level":"debug","time":"2026-05-28T15:35:20.528+0530","caller":"cmd/bin.go:400","msg":"Exiting application due to error Failed tasks found."}
{"level":"error","time":"2026-05-28T15:35:20.532+0530","caller":"web/setup.go:236","msg":"2026-05-28T15:11:18+05:30    error    Test execution failed with error: exit status 1"}
{"level":"error","time":"2026-05-28T15:35:20.532+0530","caller":"web/setup.go:237","msg":"2026-05-28T15:11:18+05:30    error    Exit code: 1"}
{"level":"error","time":"2026-05-28T15:35:20.532+0530","caller":"web/setup.go:239","msg":"2026-05-28T15:11:18+05:30    error    Stderr: Error: Failed tasks found.\n"}
{"level":"error","time":"2026-05-28T15:35:20.532+0530","caller":"web/setup.go:252","msg":"2026-05-28T15:11:18+05:30    error    Test execution finished with non-zero exit code: 1"}
{"level":"info","time":"2026-05-28T15:54:58.799+0530","caller":"web/setup.go:84","msg":"Shutting down integrated server..."}
{"level":"info","time":"2026-05-28T15:58:06.041+0530","caller":"web/setup.go:72","msg":"Starting integrated server (API) at \u001b[4m\u001b[34mhttps://hyperexecute.lambdatest.com/hyperexecute/cli-gui?apiPort=8080\u001b[0m\u001b[24m"}
{"level":"info","time":"2026-05-28T15:58:06.041+0530","caller":"web/setup.go:73","msg":"Tip: You can use the flag \"--web-server-port <port>\" to run on custom port."}
{"level":"info","time":"2026-05-28T15:58:15.952+0530","caller":"analyzer/analyze.go:27","msg":"Analyzing project test environment"}
{"level":"error","time":"2026-05-28T15:58:15.966+0530","caller":"analyzer/analyser.go:110","msg":"2026-05-28T15:58:06+05:30    error    error while detecting language No language detected"}
{"level":"info","time":"2026-05-28T15:59:24.275+0530","caller":"web/setup.go:192","msg":"Successfully saved YAML to /Users/anmolg/Desktop/Projects/Hyper sample/junit-selenium-hyperexecute-sample-main/.hyperexecute/hyperexecute.yaml"}
{"level":"info","time":"2026-05-28T15:59:24.283+0530","caller":"web/setup.go:226","msg":"Starting test execution with command: ./hyperexecute [--verbose --user anmolgtestmuai --key LT_kguvWq81N6zCOvqozlQWIBZS6hQPCuF1r20HLhc2OhWF8xa --env prod --config .hyperexecute/hyperexecute.yaml --server-port 52605]"}
{"level":"debug","time":"2026-05-28T15:59:25.157+0530","caller":"cmd/bin.go:145","msg":"cli os: darwin, cli arch: arm64"}
{"level":"debug","time":"2026-05-28T15:59:25.889+0530","caller":"cmd/bin.go:154","msg":"Upstream version details: {Name:cli Min:0.2.265 Max:0.2.341} "}
{"level":"info","time":"2026-05-28T15:59:25.889+0530","caller":"cmd/bin.go:202","msg":"Generating TraceID for tracking request: 01KSQ23E7310NRETRV3E487BPS \n"}
{"level":"debug","time":"2026-05-28T15:59:28.830+0530","caller":"core/lifecycle.go:107","msg":"Setting environment"}
{"level":"debug","time":"2026-05-28T15:59:28.831+0530","caller":"core/lifecycle.go:110","msg":"Parsing config"}
{"level":"debug","time":"2026-05-28T15:59:28.831+0530","caller":"yamlconfigmanager/setup.go:725","msg":"Custom location for .hyperexecute.yaml specified. Using: .hyperexecute/hyperexecute.yaml"}
{"level":"debug","time":"2026-05-28T15:59:28.831+0530","caller":"yamlconfigmanager/setup.go:117","msg":"using hyperexecute config from : .hyperexecute/hyperexecute.yaml"}
{"level":"debug","time":"2026-05-28T15:59:30.716+0530","caller":"yamlconfigmanager/setup.go:2153","msg":"Autodetecting test type in files of path : /Users/anmolg/Desktop/Projects/Hyper sample/junit-selenium-hyperexecute-sample-main"}
{"level":"debug","time":"2026-05-28T15:59:30.716+0530","caller":"yamlconfigmanager/setup.go:547","msg":"Tunnel: false"}
{"level":"info","time":"2026-05-28T15:59:30.716+0530","caller":"models/HypertestYamlConfig.go:974","msg":"\nExecution Plan"}
{"level":"info","time":"2026-05-28T15:59:30.716+0530","caller":"models/HypertestYamlConfig.go:775","msg":"Mode:    autosplit"}
{"level":"info","time":"2026-05-28T15:59:30.716+0530","caller":"models/HypertestYamlConfig.go:835","msg":"Runson:    linux"}
{"level":"info","time":"2026-05-28T15:59:30.716+0530","caller":"models/HypertestYamlConfig.go:843","msg":"Concurrency:    1"}
{"level":"info","time":"2026-05-28T15:59:30.716+0530","caller":"models/HypertestYamlConfig.go:907","msg":"Report:    enabled"}
{"level":"info","time":"2026-05-28T15:59:30.716+0530","caller":"models/HypertestYamlConfig.go:987","msg":""}
{"level":"debug","time":"2026-05-28T15:59:30.716+0530","caller":"filevalidator/setup.go:49","msg":"Warning: Checking data.json file in current directory, no dataJsonPath found in .hyperexecute.yaml"}
{"level":"debug","time":"2026-05-28T15:59:30.716+0530","caller":"filevalidator/setup.go:53","msg":"Warning: data.json file doesn't exist"}
{"level":"debug","time":"2026-05-28T15:59:34.053+0530","caller":"core/lifecycle.go:527","msg":"Job ID: 7d828b6a-cc35-4f00-9049-057e760bbd62"}
{"level":"debug","time":"2026-05-28T15:59:34.054+0530","caller":"events/manager.go:97","msg":"Starting event manager"}
{"level":"debug","time":"2026-05-28T15:59:34.054+0530","caller":"events/manager.go:99","msg":"SSE enabled, getting SSE connection"}
{"level":"debug","time":"2026-05-28T15:59:34.054+0530","caller":"core/lifecycle.go:530","msg":"User - anmolgtestmuai, triggered job with ID 7d828b6a-cc35-4f00-9049-057e760bbd62 from CLI"}
{"level":"debug","time":"2026-05-28T15:59:34.056+0530","caller":"archivemanager/setup.go:339","msg":"digestMap: map[]"}
{"level":"debug","time":"2026-05-28T15:59:34.056+0530","caller":"archivemanager/setup.go:345","msg":"Creating archive of target directory: /Users/anmolg/Desktop/Projects/Hyper sample/junit-selenium-hyperexecute-sample-main"}
{"level":"debug","time":"2026-05-28T15:59:34.094+0530","caller":"core/lifecycle.go:684","msg":"Zip file size: 228.99 kB"}
{"level":"debug","time":"2026-05-28T15:59:34.094+0530","caller":"core/lifecycle.go:694","msg":"Archive location: /Users/anmolg/Desktop/Projects/Hyper sample/junit-selenium-hyperexecute-sample-main/hyperexecute-code-7d828b6a-cc35-4f00-9049-057e760bbd62.zip\n"}
{"level":"debug","time":"2026-05-28T15:59:34.094+0530","caller":"storage/azure.go:60","msg":"Payload size: 228.99 kB, source path /Users/anmolg/Desktop/Projects/Hyper sample/junit-selenium-hyperexecute-sample-main/hyperexecute-code-7d828b6a-cc35-4f00-9049-057e760bbd62.zip"}
{"level":"debug","time":"2026-05-28T15:59:35.019+0530","caller":"events/manager.go:288","msg":"connection to hyperexecute server established successfully."}
{"level":"debug","time":"2026-05-28T15:59:38.679+0530","caller":"storage/azure.go:84","msg":"Azcopy output: \n\r0.0 %, 0 Done, 0 Failed, 1 Pending, 0 Skipped, 1 Total, 2-sec Throughput (Mb/s): 0.9154\r100.0 %, 1 Done, 0 Failed, 0 Pending, 0 Skipped, 1 Total,                              \nTotal time taken to upload(min) :0.0667\n, stderr: "}
{"level":"info","time":"2026-05-28T15:59:38.679+0530","caller":"storage/azure.go:123","msg":"File: /Users/anmolg/Desktop/Projects/Hyper sample/junit-selenium-hyperexecute-sample-main/hyperexecute-code-7d828b6a-cc35-4f00-9049-057e760bbd62.zip upload completed in 4.584797708s"}
{"level":"debug","time":"2026-05-28T15:59:38.680+0530","caller":"receptionmanager/setup.go:284","msg":"only one runtime entry detected, mapping it to older yaml format"}
{"level":"debug","time":"2026-05-28T15:59:38.680+0530","caller":"receptionmanager/setup.go:313","msg":"only one partialreports entry detected, mapping it to older yaml format"}
{"level":"debug","time":"2026-05-28T15:59:38.681+0530","caller":"receptionmanager/setup.go:188","msg":"Uploading yaml : /Users/anmolg/Desktop/Projects/Hyper sample/junit-selenium-hyperexecute-sample-main/.updatedhyperexecute.yaml"}
{"level":"debug","time":"2026-05-28T15:59:38.681+0530","caller":"storage/azure.go:60","msg":"Payload size: 4.22 kB, source path /Users/anmolg/Desktop/Projects/Hyper sample/junit-selenium-hyperexecute-sample-main/.updatedhyperexecute.yaml"}
{"level":"debug","time":"2026-05-28T15:59:40.715+0530","caller":"storage/azure.go:84","msg":"Azcopy output: \n\r100.0 %, 1 Done, 0 Failed, 0 Pending, 0 Skipped, 1 Total, 2-sec Throughput (Mb/s): 0.0169\nTotal time taken to upload(min) :0.0334\n, stderr: "}
{"level":"info","time":"2026-05-28T15:59:40.715+0530","caller":"storage/azure.go:123","msg":"File: /Users/anmolg/Desktop/Projects/Hyper sample/junit-selenium-hyperexecute-sample-main/.updatedhyperexecute.yaml upload completed in 2.034762333s"}
{"level":"debug","time":"2026-05-28T15:59:40.716+0530","caller":"core/lifecycle.go:721","msg":"Successfully deleted code archive: /Users/anmolg/Desktop/Projects/Hyper sample/junit-selenium-hyperexecute-sample-main/hyperexecute-code-7d828b6a-cc35-4f00-9049-057e760bbd62.zip\n"}
{"level":"debug","time":"2026-05-28T15:59:40.716+0530","caller":"storage/azure.go:60","msg":"Payload size: 664 B, source path .hyperexecute/mask-7d828b6a-cc35-4f00-9049-057e760bbd62.yaml"}
{"level":"debug","time":"2026-05-28T15:59:42.759+0530","caller":"storage/azure.go:84","msg":"Azcopy output: \n\r100.0 %, 1 Done, 0 Failed, 0 Pending, 0 Skipped, 1 Total, 2-sec Throughput (Mb/s): 0.0027\nTotal time taken to upload(min) :0.0334\n, stderr: "}
{"level":"info","time":"2026-05-28T15:59:42.760+0530","caller":"storage/azure.go:123","msg":"File: .hyperexecute/mask-7d828b6a-cc35-4f00-9049-057e760bbd62.yaml upload completed in 2.043427042s"}
{"level":"debug","time":"2026-05-28T15:59:45.024+0530","caller":"jobmanager/sse_setup.go:192","msg":"Task id: HYPL-509662-1779964183867508661LOJ"}
{"level":"debug","time":"2026-05-28T15:59:45.024+0530","caller":"jobmanager/sse_setup.go:193","msg":"Sending new task alert to stage manager for taskId: HYPL-509662-1779964183867508661LOJ"}
{"level":"info","time":"2026-05-28T15:59:52.668+0530","caller":"jobmanager/sse_setup.go:84","msg":"\nJob 7d828b6a-cc35-4f00-9049-057e760bbd62 has started RUNNING"}
{"level":"info","time":"2026-05-28T15:59:52.669+0530","caller":"jobmanager/manager.go:138","msg":"Job Link: https://hyperexecute.lambdatest.com/hyperexecute/task?jobId=7d828b6a-cc35-4f00-9049-057e760bbd62\n"}
{"level":"info","time":"2026-05-28T16:00:00.181+0530","caller":"terminal/terminal.go:187","msg":"✔ [1]  setup-runtime (8s)\n"}
{"level":"debug","time":"2026-05-28T16:00:30.210+0530","caller":"events/manager.go:356","msg":"No new messages received from SSE for jobID: 7d828b6a-cc35-4f00-9049-057e760bbd62. Fetching from APIs"}
{"level":"info","time":"2026-05-28T16:00:42.483+0530","caller":"terminal/terminal.go:187","msg":"✔ [1]  pre (42s)\n"}
{"level":"info","time":"2026-05-28T16:00:42.630+0530","caller":"terminal/terminal.go:187","msg":"✔ [1]  discovery (1s)\n"}
{"level":"debug","time":"2026-05-28T16:01:21.284+0530","caller":"events/manager.go:356","msg":"No new messages received from SSE for jobID: 7d828b6a-cc35-4f00-9049-057e760bbd62. Fetching from APIs"}
{"level":"info","time":"2026-05-28T16:01:30.620+0530","caller":"jobmanager/sse_setup.go:86","msg":"\nJob 7d828b6a-cc35-4f00-9049-057e760bbd62 has  ABORTED "}
{"level":"info","time":"2026-05-28T16:01:30.621+0530","caller":"jobmanager/manager.go:138","msg":"Job Link: https://hyperexecute.lambdatest.com/hyperexecute/task?jobId=7d828b6a-cc35-4f00-9049-057e760bbd62\n"}
{"level":"error","time":"2026-05-28T16:01:30.621+0530","caller":"jobmanager/sse_setup.go:104","msg":"2026-05-28T15:59:24+05:30    error    ERR::JOB::STS     Job aborted!"}
{"level":"debug","time":"2026-05-28T16:01:30.621+0530","caller":"jobmanager/sse_setup.go:134","msg":"\n\nJob status"}
{"level":"info","time":"2026-05-28T16:01:30.621+0530","caller":"jobmanager/sse_setup.go:147","msg":"\n Job Labels: selenium-junit  linux  autosplit "}
{"level":"info","time":"2026-05-28T16:01:30.621+0530","caller":"jobmanager/sse_setup.go:149","msg":" ID: 7d828b6a-cc35-4f00-9049-057e760bbd62\n Status:  ABORTED \n Remark: job has been aborted by anmolgtestmuai\n OrgID: 509662\n Created: 2026-05-28 10:29:33 +0000 UTC\n Updated: 2026-05-28 10:31:28 +0000 UTC\n global timeout: 90\n testsuite timeout: 90\n retry on failure: true\n start time: 2026-05-28 10:29:50 +0000 UTC\n end time: 2026-05-28 10:31:28 +0000 UTC\n duration: 1m38s"}
{"level":"info","time":"2026-05-28T16:01:30.621+0530","caller":"jobmanager/sse_setup.go:155","msg":"\n\nTask status\n"}
{"level":"info","time":"2026-05-28T16:01:30.621+0530","caller":"jobmanager/sse_setup.go:161","msg":" ID: HYPL-509662-1779964183867508661LOJ\n Status: aborted\n Remark: task has been aborted by user\n Created: 2026-05-28 10:29:43 +0000 UTC\n Updated: 2026-05-28 10:31:28 +0000 UTC\n context: {\"_jobId\": \"7d828b6a-cc35-4f00-9049-057e760bbd62\", \"_taskId\": \"HYPL-509662-1779964183867508661LOJ\", \"_ims_enabled\": true, \"_sanctumIntent\": \"hyperexecute-linux\", \"_ims_template_id\": \"linux\", \"_parentTestIntent\": \"hyperexecute-linux\", \"_adbEspressoSupport\": \"true\", \"_whiteLabelProductTag\": \"\"}\n tunnel name: \n os: linux\n start time: 2026-05-28 10:29:50 +0000 UTC\n end time: 2026-05-28 10:31:28 +0000 UTC\n duration: 1m38s"}
{"level":"info","time":"2026-05-28T16:01:30.621+0530","caller":"jobmanager/sse_setup.go:166","msg":"\n"}
{"level":"info","time":"2026-05-28T16:01:31.613+0530","caller":"jobmanager/JobSummaryManager.go:54","msg":"\n ABORTED \n"}
{"level":"info","time":"2026-05-28T16:01:31.613+0530","caller":"jobmanager/JobSummaryManager.go:113","msg":"    Test Execution Time:                  13s"}
{"level":"info","time":"2026-05-28T16:01:31.613+0530","caller":"jobmanager/JobSummaryManager.go:113","msg":"    Job Duration Time:                    1m55s"}
{"level":"info","time":"2026-05-28T16:01:31.613+0530","caller":"jobmanager/JobSummaryManager.go:113","msg":"    Total Tasks:                          1"}
{"level":"info","time":"2026-05-28T16:01:31.613+0530","caller":"jobmanager/JobSummaryManager.go:113","msg":"    Cumulative Time Consumed:             1m38s"}
{"level":"info","time":"2026-05-28T16:01:31.613+0530","caller":"jobmanager/JobSummaryManager.go:113","msg":"    Total Stages:                         17"}
{"level":"info","time":"2026-05-28T16:01:31.613+0530","caller":"jobmanager/JobSummaryManager.go:113","msg":"    Pass discovery stage percentage:      100.00%"}
{"level":"info","time":"2026-05-28T16:01:31.613+0530","caller":"jobmanager/JobSummaryManager.go:113","msg":"    Failed discovery stage percentage:    0.00%"}
{"level":"info","time":"2026-05-28T16:01:31.613+0530","caller":"jobmanager/JobSummaryManager.go:113","msg":"    Pass pre stage percentage:            100.00%"}
{"level":"info","time":"2026-05-28T16:01:31.613+0530","caller":"jobmanager/JobSummaryManager.go:113","msg":"    Failed pre stage percentage:          0.00%"}
{"level":"info","time":"2026-05-28T16:01:31.613+0530","caller":"jobmanager/JobSummaryManager.go:113","msg":"    Pass test stage percentage:           0.00%"}
{"level":"info","time":"2026-05-28T16:01:31.613+0530","caller":"jobmanager/JobSummaryManager.go:113","msg":"    Failed test stage percentage:         100.00%"}
{"level":"info","time":"2026-05-28T16:01:31.613+0530","caller":"jobmanager/JobSummaryManager.go:113","msg":"    Pass post stage percentage:           0.00%"}
{"level":"info","time":"2026-05-28T16:01:31.613+0530","caller":"jobmanager/JobSummaryManager.go:113","msg":"    Failed post stage percentage:         0.00%"}
{"level":"info","time":"2026-05-28T16:01:31.613+0530","caller":"jobmanager/JobSummaryManager.go:113","msg":"    Failed Tasks:                         0"}
{"level":"info","time":"2026-05-28T16:01:31.613+0530","caller":"jobmanager/JobSummaryManager.go:58","msg":""}
{"level":"debug","time":"2026-05-28T16:01:31.615+0530","caller":"core/lifecycle.go:924","msg":"Context canceled"}
{"level":"info","time":"2026-05-28T16:01:31.615+0530","caller":"events/manager.go:338","msg":"context done and stopping SSE"}
{"level":"info","time":"2026-05-28T16:01:31.615+0530","caller":"core/lifecycle.go:927","msg":"Stopping pipeline gracefully"}
{"level":"error","time":"2026-05-28T16:01:31.615+0530","caller":"core/lifecycle.go:930","msg":"2026-05-28T15:59:24+05:30    error    Exiting with error: Job aborted."}
{"level":"debug","time":"2026-05-28T16:01:31.615+0530","caller":"events/manager.go:256","msg":"Stopping event manager"}
{"level":"info","time":"2026-05-28T16:01:31.615+0530","caller":"jobmanager/manager.go:138","msg":"Job Link: https://hyperexecute.lambdatest.com/hyperexecute/task?jobId=7d828b6a-cc35-4f00-9049-057e760bbd62\n"}
{"level":"debug","time":"2026-05-28T16:01:31.615+0530","caller":"core/lifecycle.go:59","msg":"Quit requested from main goroutine...."}
{"level":"debug","time":"2026-05-28T16:01:31.615+0530","caller":"core/lifecycle.go:60","msg":"Waiting for the goroutines to exit"}
{"level":"debug","time":"2026-05-28T16:01:31.615+0530","caller":"core/lifecycle.go:63","msg":"All lifecycle goroutines exited"}
{"level":"debug","time":"2026-05-28T16:01:31.615+0530","caller":"cmd/bin.go:400","msg":"Exiting application due to error Job aborted."}
{"level":"debug","time":"2026-05-28T16:01:31.615+0530","caller":"cmd/bin.go:361","msg":"main: all goroutines have finished."}
{"level":"error","time":"2026-05-28T16:01:31.623+0530","caller":"web/setup.go:236","msg":"2026-05-28T15:58:06+05:30    error    Test execution failed with error: exit status 2"}
{"level":"error","time":"2026-05-28T16:01:31.623+0530","caller":"web/setup.go:237","msg":"2026-05-28T15:58:06+05:30    error    Exit code: 2"}
{"level":"error","time":"2026-05-28T16:01:31.623+0530","caller":"web/setup.go:239","msg":"2026-05-28T15:58:06+05:30    error    Stderr: Error: Job aborted.\n"}
{"level":"error","time":"2026-05-28T16:01:31.623+0530","caller":"web/setup.go:252","msg":"2026-05-28T15:58:06+05:30    error    Test execution finished with non-zero exit code: 2"}
{"level":"info","time":"2026-05-28T16:01:57.793+0530","caller":"web/setup.go:192","msg":"Successfully saved YAML to /Users/anmolg/Desktop/Projects/Hyper sample/junit-selenium-hyperexecute-sample-main/.hyperexecute/hyperexecute.yaml"}
{"level":"info","time":"2026-05-28T16:01:57.799+0530","caller":"web/setup.go:226","msg":"Starting test execution with command: ./hyperexecute [--verbose --user anmolgtestmuai --key LT_kguvWq81N6zCOvqozlQWIBZS6hQPCuF1r20HLhc2OhWF8xa --env prod --config .hyperexecute/hyperexecute.yaml --server-port 52702]"}
{"level":"debug","time":"2026-05-28T16:01:58.580+0530","caller":"cmd/bin.go:145","msg":"cli os: darwin, cli arch: arm64"}
{"level":"debug","time":"2026-05-28T16:01:59.310+0530","caller":"cmd/bin.go:154","msg":"Upstream version details: {Name:cli Min:0.2.265 Max:0.2.341} "}
{"level":"info","time":"2026-05-28T16:01:59.310+0530","caller":"cmd/bin.go:202","msg":"Generating TraceID for tracking request: 01KSQ2845GNG12CH4GQEX76JVW \n"}
{"level":"debug","time":"2026-05-28T16:02:01.502+0530","caller":"core/lifecycle.go:107","msg":"Setting environment"}
{"level":"debug","time":"2026-05-28T16:02:01.503+0530","caller":"core/lifecycle.go:110","msg":"Parsing config"}
{"level":"debug","time":"2026-05-28T16:02:01.503+0530","caller":"yamlconfigmanager/setup.go:725","msg":"Custom location for .hyperexecute.yaml specified. Using: .hyperexecute/hyperexecute.yaml"}
{"level":"debug","time":"2026-05-28T16:02:01.503+0530","caller":"yamlconfigmanager/setup.go:117","msg":"using hyperexecute config from : .hyperexecute/hyperexecute.yaml"}
{"level":"debug","time":"2026-05-28T16:02:03.607+0530","caller":"yamlconfigmanager/setup.go:2153","msg":"Autodetecting test type in files of path : /Users/anmolg/Desktop/Projects/Hyper sample/junit-selenium-hyperexecute-sample-main"}
{"level":"debug","time":"2026-05-28T16:02:03.608+0530","caller":"yamlconfigmanager/setup.go:547","msg":"Tunnel: false"}
{"level":"info","time":"2026-05-28T16:02:03.608+0530","caller":"models/HypertestYamlConfig.go:974","msg":"\nExecution Plan"}
{"level":"info","time":"2026-05-28T16:02:03.608+0530","caller":"models/HypertestYamlConfig.go:775","msg":"Mode:    autosplit"}
{"level":"info","time":"2026-05-28T16:02:03.608+0530","caller":"models/HypertestYamlConfig.go:835","msg":"Runson:    linux"}
{"level":"info","time":"2026-05-28T16:02:03.608+0530","caller":"models/HypertestYamlConfig.go:843","msg":"Concurrency:    11"}
{"level":"info","time":"2026-05-28T16:02:03.608+0530","caller":"models/HypertestYamlConfig.go:907","msg":"Report:    enabled"}
{"level":"info","time":"2026-05-28T16:02:03.608+0530","caller":"models/HypertestYamlConfig.go:987","msg":""}
{"level":"debug","time":"2026-05-28T16:02:03.608+0530","caller":"filevalidator/setup.go:49","msg":"Warning: Checking data.json file in current directory, no dataJsonPath found in .hyperexecute.yaml"}
{"level":"debug","time":"2026-05-28T16:02:03.608+0530","caller":"filevalidator/setup.go:53","msg":"Warning: data.json file doesn't exist"}
{"level":"debug","time":"2026-05-28T16:02:07.092+0530","caller":"core/lifecycle.go:527","msg":"Job ID: 640806ee-d5b2-433d-8fd8-66e5239a19ec"}
{"level":"debug","time":"2026-05-28T16:02:07.092+0530","caller":"events/manager.go:97","msg":"Starting event manager"}
{"level":"debug","time":"2026-05-28T16:02:07.092+0530","caller":"events/manager.go:99","msg":"SSE enabled, getting SSE connection"}
{"level":"debug","time":"2026-05-28T16:02:07.092+0530","caller":"core/lifecycle.go:530","msg":"User - anmolgtestmuai, triggered job with ID 640806ee-d5b2-433d-8fd8-66e5239a19ec from CLI"}
{"level":"debug","time":"2026-05-28T16:02:07.097+0530","caller":"archivemanager/setup.go:339","msg":"digestMap: map[]"}
{"level":"debug","time":"2026-05-28T16:02:07.097+0530","caller":"archivemanager/setup.go:345","msg":"Creating archive of target directory: /Users/anmolg/Desktop/Projects/Hyper sample/junit-selenium-hyperexecute-sample-main"}
{"level":"debug","time":"2026-05-28T16:02:07.134+0530","caller":"core/lifecycle.go:684","msg":"Zip file size: 228.99 kB"}
{"level":"debug","time":"2026-05-28T16:02:07.134+0530","caller":"core/lifecycle.go:694","msg":"Archive location: /Users/anmolg/Desktop/Projects/Hyper sample/junit-selenium-hyperexecute-sample-main/hyperexecute-code-640806ee-d5b2-433d-8fd8-66e5239a19ec.zip\n"}
{"level":"debug","time":"2026-05-28T16:02:07.135+0530","caller":"storage/azure.go:60","msg":"Payload size: 228.99 kB, source path /Users/anmolg/Desktop/Projects/Hyper sample/junit-selenium-hyperexecute-sample-main/hyperexecute-code-640806ee-d5b2-433d-8fd8-66e5239a19ec.zip"}
{"level":"debug","time":"2026-05-28T16:02:08.011+0530","caller":"events/manager.go:288","msg":"connection to hyperexecute server established successfully."}
{"level":"debug","time":"2026-05-28T16:02:13.244+0530","caller":"storage/azure.go:84","msg":"Azcopy output: \n\r0.0 %, 0 Done, 0 Failed, 1 Pending, 0 Skipped, 1 Total, 2-sec Throughput (Mb/s): 0.9151\r100.0 %, 0 Done, 0 Failed, 1 Pending, 0 Skipped, 1 Total,                              \r100.0 %, 1 Done, 0 Failed, 0 Pending, 0 Skipped, 1 Total, \nTotal time taken to upload(min) :0.1\n, stderr: "}
{"level":"info","time":"2026-05-28T16:02:13.245+0530","caller":"storage/azure.go:123","msg":"File: /Users/anmolg/Desktop/Projects/Hyper sample/junit-selenium-hyperexecute-sample-main/hyperexecute-code-640806ee-d5b2-433d-8fd8-66e5239a19ec.zip upload completed in 6.110304s"}
{"level":"debug","time":"2026-05-28T16:02:13.245+0530","caller":"receptionmanager/setup.go:284","msg":"only one runtime entry detected, mapping it to older yaml format"}
{"level":"debug","time":"2026-05-28T16:02:13.246+0530","caller":"receptionmanager/setup.go:313","msg":"only one partialreports entry detected, mapping it to older yaml format"}
{"level":"debug","time":"2026-05-28T16:02:13.246+0530","caller":"receptionmanager/setup.go:188","msg":"Uploading yaml : /Users/anmolg/Desktop/Projects/Hyper sample/junit-selenium-hyperexecute-sample-main/.updatedhyperexecute.yaml"}
{"level":"debug","time":"2026-05-28T16:02:13.246+0530","caller":"storage/azure.go:60","msg":"Payload size: 4.22 kB, source path /Users/anmolg/Desktop/Projects/Hyper sample/junit-selenium-hyperexecute-sample-main/.updatedhyperexecute.yaml"}
{"level":"debug","time":"2026-05-28T16:02:15.300+0530","caller":"storage/azure.go:84","msg":"Azcopy output: \n\r100.0 %, 1 Done, 0 Failed, 0 Pending, 0 Skipped, 1 Total, 2-sec Throughput (Mb/s): 0.0169\nTotal time taken to upload(min) :0.0333\n, stderr: "}
{"level":"info","time":"2026-05-28T16:02:15.300+0530","caller":"storage/azure.go:123","msg":"File: /Users/anmolg/Desktop/Projects/Hyper sample/junit-selenium-hyperexecute-sample-main/.updatedhyperexecute.yaml upload completed in 2.053703625s"}
{"level":"debug","time":"2026-05-28T16:02:15.300+0530","caller":"core/lifecycle.go:721","msg":"Successfully deleted code archive: /Users/anmolg/Desktop/Projects/Hyper sample/junit-selenium-hyperexecute-sample-main/hyperexecute-code-640806ee-d5b2-433d-8fd8-66e5239a19ec.zip\n"}
{"level":"debug","time":"2026-05-28T16:02:15.300+0530","caller":"storage/azure.go:60","msg":"Payload size: 665 B, source path .hyperexecute/mask-640806ee-d5b2-433d-8fd8-66e5239a19ec.yaml"}
{"level":"debug","time":"2026-05-28T16:02:17.337+0530","caller":"storage/azure.go:84","msg":"Azcopy output: \n\r100.0 %, 1 Done, 0 Failed, 0 Pending, 0 Skipped, 1 Total, 2-sec Throughput (Mb/s): 0.0027\nTotal time taken to upload(min) :0.0334\n, stderr: "}
{"level":"info","time":"2026-05-28T16:02:17.337+0530","caller":"storage/azure.go:123","msg":"File: .hyperexecute/mask-640806ee-d5b2-433d-8fd8-66e5239a19ec.yaml upload completed in 2.03660475s"}
{"level":"debug","time":"2026-05-28T16:02:19.859+0530","caller":"jobmanager/sse_setup.go:192","msg":"Task id: HYPL-509662-1779964338547046769PVE"}
{"level":"debug","time":"2026-05-28T16:02:19.859+0530","caller":"jobmanager/sse_setup.go:193","msg":"Sending new task alert to stage manager for taskId: HYPL-509662-1779964338547046769PVE"}
{"level":"debug","time":"2026-05-28T16:02:19.859+0530","caller":"jobmanager/sse_setup.go:192","msg":"Task id: HYPL-509662-1779964338550613227TEV"}
{"level":"debug","time":"2026-05-28T16:02:19.859+0530","caller":"jobmanager/sse_setup.go:193","msg":"Sending new task alert to stage manager for taskId: HYPL-509662-1779964338550613227TEV"}
{"level":"debug","time":"2026-05-28T16:02:19.859+0530","caller":"jobmanager/sse_setup.go:192","msg":"Task id: HYPL-509662-1779964338560262406EQS"}
{"level":"debug","time":"2026-05-28T16:02:19.860+0530","caller":"jobmanager/sse_setup.go:193","msg":"Sending new task alert to stage manager for taskId: HYPL-509662-1779964338560262406EQS"}
{"level":"debug","time":"2026-05-28T16:02:19.860+0530","caller":"jobmanager/sse_setup.go:192","msg":"Task id: HYPL-509662-1779964338563795498OVB"}
{"level":"debug","time":"2026-05-28T16:02:19.860+0530","caller":"jobmanager/sse_setup.go:193","msg":"Sending new task alert to stage manager for taskId: HYPL-509662-1779964338563795498OVB"}
{"level":"debug","time":"2026-05-28T16:02:19.860+0530","caller":"jobmanager/sse_setup.go:192","msg":"Task id: HYPL-509662-1779964338567156086YJK"}
{"level":"debug","time":"2026-05-28T16:02:19.860+0530","caller":"jobmanager/sse_setup.go:193","msg":"Sending new task alert to stage manager for taskId: HYPL-509662-1779964338567156086YJK"}
{"level":"debug","time":"2026-05-28T16:02:19.860+0530","caller":"jobmanager/sse_setup.go:192","msg":"Task id: HYPL-509662-1779964338570579023EDP"}
{"level":"debug","time":"2026-05-28T16:02:19.860+0530","caller":"jobmanager/sse_setup.go:193","msg":"Sending new task alert to stage manager for taskId: HYPL-509662-1779964338570579023EDP"}
{"level":"debug","time":"2026-05-28T16:02:19.860+0530","caller":"jobmanager/sse_setup.go:192","msg":"Task id: HYPL-509662-1779964338573824848JEO"}
{"level":"debug","time":"2026-05-28T16:02:19.860+0530","caller":"jobmanager/sse_setup.go:193","msg":"Sending new task alert to stage manager for taskId: HYPL-509662-1779964338573824848JEO"}
{"level":"debug","time":"2026-05-28T16:02:19.860+0530","caller":"jobmanager/sse_setup.go:192","msg":"Task id: HYPL-509662-1779964338577143197FGY"}
{"level":"debug","time":"2026-05-28T16:02:19.860+0530","caller":"jobmanager/sse_setup.go:193","msg":"Sending new task alert to stage manager for taskId: HYPL-509662-1779964338577143197FGY"}
{"level":"debug","time":"2026-05-28T16:02:19.860+0530","caller":"jobmanager/sse_setup.go:192","msg":"Task id: HYPL-509662-1779964338582812039IGM"}
{"level":"debug","time":"2026-05-28T16:02:19.860+0530","caller":"jobmanager/sse_setup.go:193","msg":"Sending new task alert to stage manager for taskId: HYPL-509662-1779964338582812039IGM"}
{"level":"debug","time":"2026-05-28T16:02:19.860+0530","caller":"jobmanager/sse_setup.go:192","msg":"Task id: HYPL-509662-1779964338586428885ALH"}
{"level":"debug","time":"2026-05-28T16:02:19.860+0530","caller":"jobmanager/sse_setup.go:193","msg":"Sending new task alert to stage manager for taskId: HYPL-509662-1779964338586428885ALH"}
{"level":"debug","time":"2026-05-28T16:02:19.860+0530","caller":"jobmanager/sse_setup.go:192","msg":"Task id: HYPL-509662-1779964338589690793HEG"}
{"level":"debug","time":"2026-05-28T16:02:19.860+0530","caller":"jobmanager/sse_setup.go:193","msg":"Sending new task alert to stage manager for taskId: HYPL-509662-1779964338589690793HEG"}
{"level":"debug","time":"2026-05-28T16:02:49.860+0530","caller":"events/manager.go:356","msg":"No new messages received from SSE for jobID: 640806ee-d5b2-433d-8fd8-66e5239a19ec. Fetching from APIs"}
{"level":"info","time":"2026-05-28T16:02:50.763+0530","caller":"jobmanager/sse_setup.go:86","msg":"\nJob 640806ee-d5b2-433d-8fd8-66e5239a19ec has INITIATED"}
{"level":"info","time":"2026-05-28T16:02:50.763+0530","caller":"jobmanager/manager.go:138","msg":"Job Link: https://hyperexecute.lambdatest.com/hyperexecute/task?jobId=640806ee-d5b2-433d-8fd8-66e5239a19ec\n"}
{"level":"debug","time":"2026-05-28T16:03:21.476+0530","caller":"events/manager.go:356","msg":"No new messages received from SSE for jobID: 640806ee-d5b2-433d-8fd8-66e5239a19ec. Fetching from APIs"}
{"level":"info","time":"2026-05-28T16:03:41.623+0530","caller":"jobmanager/sse_setup.go:84","msg":"\nJob 640806ee-d5b2-433d-8fd8-66e5239a19ec has started RUNNING"}
{"level":"info","time":"2026-05-28T16:03:41.623+0530","caller":"jobmanager/manager.go:138","msg":"Job Link: https://hyperexecute.lambdatest.com/hyperexecute/task?jobId=640806ee-d5b2-433d-8fd8-66e5239a19ec\n"}
{"level":"info","time":"2026-05-28T16:03:49.087+0530","caller":"terminal/terminal.go:187","msg":"✔ [2]  setup-runtime (9s)\n"}
{"level":"info","time":"2026-05-28T16:03:50.243+0530","caller":"terminal/terminal.go:187","msg":"✔ [9]  setup-runtime (9s)\n"}
{"level":"info","time":"2026-05-28T16:03:50.325+0530","caller":"terminal/terminal.go:187","msg":"✔ [4]  setup-runtime (8s)\n"}
{"level":"info","time":"2026-05-28T16:03:51.688+0530","caller":"terminal/terminal.go:187","msg":"✔ [10]  setup-runtime (9s)\n"}
{"level":"info","time":"2026-05-28T16:03:53.693+0530","caller":"terminal/terminal.go:187","msg":"✔ [3]  setup-runtime (13s)\n"}
{"level":"info","time":"2026-05-28T16:03:53.873+0530","caller":"terminal/terminal.go:187","msg":"✔ [6]  setup-runtime (9s)\n"}
{"level":"info","time":"2026-05-28T16:03:53.932+0530","caller":"terminal/terminal.go:187","msg":"✔ [7]  setup-runtime (8s)\n"}
{"level":"info","time":"2026-05-28T16:03:53.932+0530","caller":"terminal/terminal.go:187","msg":"✔ [8]  setup-runtime (13s)\n"}
{"level":"info","time":"2026-05-28T16:03:55.327+0530","caller":"terminal/terminal.go:187","msg":"✔ [11]  setup-runtime (9s)\n"}
{"level":"info","time":"2026-05-28T16:03:55.844+0530","caller":"terminal/terminal.go:187","msg":"✔ [1]  setup-runtime (9s)\n"}
{"level":"info","time":"2026-05-28T16:03:56.255+0530","caller":"terminal/terminal.go:187","msg":"✔ [5]  setup-runtime (11s)\n"}
{"level":"info","time":"2026-05-28T16:04:21.578+0530","caller":"terminal/terminal.go:187","msg":"✔ [9]  pre (32s)\n"}
{"level":"info","time":"2026-05-28T16:04:21.736+0530","caller":"terminal/terminal.go:187","msg":"✔ [9]  discovery (1s)\n"}
{"level":"info","time":"2026-05-28T16:04:23.998+0530","caller":"terminal/terminal.go:187","msg":"✔ [7]  pre (31s)\n"}
{"level":"info","time":"2026-05-28T16:04:24.137+0530","caller":"terminal/terminal.go:187","msg":"✔ [7]  discovery (0s)\n"}
{"level":"info","time":"2026-05-28T16:04:25.186+0530","caller":"terminal/terminal.go:187","msg":"✔ [10]  pre (34s)\n"}
{"level":"info","time":"2026-05-28T16:04:25.326+0530","caller":"terminal/terminal.go:187","msg":"✔ [10]  discovery (0s)\n"}
{"level":"info","time":"2026-05-28T16:04:25.724+0530","caller":"terminal/terminal.go:187","msg":"✔ [5]  pre (30s)\n"}
{"level":"info","time":"2026-05-28T16:04:25.860+0530","caller":"terminal/terminal.go:187","msg":"✔ [5]  discovery (1s)\n"}
{"level":"info","time":"2026-05-28T16:04:28.992+0530","caller":"terminal/terminal.go:187","msg":"✔ [11]  pre (34s)\n"}
{"level":"info","time":"2026-05-28T16:04:29.123+0530","caller":"terminal/terminal.go:187","msg":"✔ [11]  discovery (0s)\n"}
{"level":"info","time":"2026-05-28T16:04:29.358+0530","caller":"terminal/terminal.go:187","msg":"✔ [2]  pre (40s)\n"}
{"level":"info","time":"2026-05-28T16:04:29.509+0530","caller":"terminal/terminal.go:187","msg":"✔ [2]  discovery (0s)\n"}
{"level":"info","time":"2026-05-28T16:04:31.405+0530","caller":"terminal/terminal.go:187","msg":"✔ [3]  pre (38s)\n"}
{"level":"info","time":"2026-05-28T16:04:31.526+0530","caller":"terminal/terminal.go:187","msg":"✔ [3]  discovery (0s)\n"}
{"level":"info","time":"2026-05-28T16:04:32.653+0530","caller":"terminal/terminal.go:187","msg":"✔ [8]  pre (40s)\n"}
{"level":"info","time":"2026-05-28T16:04:32.804+0530","caller":"terminal/terminal.go:187","msg":"✔ [8]  discovery (1s)\n"}
{"level":"info","time":"2026-05-28T16:04:34.811+0530","caller":"terminal/terminal.go:187","msg":"✔ [4]  pre (45s)\n"}
{"level":"info","time":"2026-05-28T16:04:34.975+0530","caller":"terminal/terminal.go:187","msg":"✔ [4]  discovery (1s)\n"}
{"level":"info","time":"2026-05-28T16:04:43.528+0530","caller":"terminal/terminal.go:187","msg":"✔ [1]  pre (48s)\n"}
{"level":"info","time":"2026-05-28T16:04:43.708+0530","caller":"terminal/terminal.go:187","msg":"✔ [1]  discovery (1s)\n"}
{"level":"info","time":"2026-05-28T16:04:49.563+0530","caller":"terminal/terminal.go:187","msg":"✔ [6]  pre (56s)\n"}
{"level":"info","time":"2026-05-28T16:04:49.641+0530","caller":"terminal/terminal.go:187","msg":"✔ [6]  discovery (1s)\n"}
{"level":"info","time":"2026-05-28T16:05:24.122+0530","caller":"terminal/terminal.go:187","msg":"✔ [9]  ToDoAddAndComplete2Test (55s)\n"}
{"level":"info","time":"2026-05-28T16:05:30.930+0530","caller":"terminal/terminal.go:187","msg":"✔ [10]  ToDoAddAndComplete3Test (58s)\n"}
{"level":"info","time":"2026-05-28T16:05:34.294+0530","caller":"terminal/terminal.go:187","msg":"✔ [2]  BingSearch3Test (57s)\n"}
{"level":"info","time":"2026-05-28T16:05:40.092+0530","caller":"terminal/terminal.go:187","msg":"✔ [3]  BingSearch4Test (1m1s)\n"}
{"level":"info","time":"2026-05-28T16:05:40.756+0530","caller":"terminal/terminal.go:187","msg":"✔ [11]  ToDoAddAndComplete4Test (1m4s)\n"}
{"level":"info","time":"2026-05-28T16:05:49.733+0530","caller":"terminal/terminal.go:187","msg":"✔ [4]  BingSearchTest (1m6s)\n"}
{"level":"info","time":"2026-05-28T16:05:50.443+0530","caller":"terminal/terminal.go:187","msg":"✔ [1]  BingSearch2Test (58s)\n"}
{"level":"info","time":"2026-05-28T16:06:07.097+0530","caller":"terminal/terminal.go:187","msg":"✔ [2]  ToDoAddAndCompleteTest (33s)\n"}
{"level":"info","time":"2026-05-28T16:06:08.710+0530","caller":"terminal/terminal.go:187","msg":"x [8]  InputFormSubmitTest (1m27s)\n"}
{"level":"info","time":"2026-05-28T16:06:11.889+0530","caller":"terminal/terminal.go:187","msg":"x [5]  InputFormSubmit2Test (1m39s)\n"}
{"level":"info","time":"2026-05-28T16:06:21.213+0530","caller":"terminal/terminal.go:187","msg":"✔ [3]  ToDoClearAndDeleteTest (41s)\n"}
{"level":"info","time":"2026-05-28T16:06:22.966+0530","caller":"terminal/terminal.go:187","msg":"x [6]  InputFormSubmit3Test (1m26s)\n"}
{"level":"info","time":"2026-05-28T16:06:26.341+0530","caller":"terminal/terminal.go:187","msg":"✔ [1]  ToDoAddAndComplete5Test (36s)\n"}
{"level":"info","time":"2026-05-28T16:06:37.816+0530","caller":"terminal/terminal.go:187","msg":"✔ [4]  ToDoFilterTest (48s)\n"}
{"level":"info","time":"2026-05-28T16:07:04.526+0530","caller":"terminal/terminal.go:187","msg":"x [7]  InputFormSubmit4Test (2m31s)\n"}
{"level":"info","time":"2026-05-28T16:07:37.032+0530","caller":"jobmanager/sse_setup.go:86","msg":"\nJob 640806ee-d5b2-433d-8fd8-66e5239a19ec has  FAILED "}
{"level":"info","time":"2026-05-28T16:07:37.033+0530","caller":"jobmanager/manager.go:138","msg":"Job Link: https://hyperexecute.lambdatest.com/hyperexecute/task?jobId=640806ee-d5b2-433d-8fd8-66e5239a19ec\n"}
{"level":"error","time":"2026-05-28T16:07:37.033+0530","caller":"jobmanager/sse_setup.go:121","msg":"2026-05-28T16:01:57+05:30    error    ERR::JOB::STS     Job failed!"}
{"level":"debug","time":"2026-05-28T16:07:37.033+0530","caller":"jobmanager/sse_setup.go:134","msg":"\n\nJob status"}
{"level":"info","time":"2026-05-28T16:07:37.033+0530","caller":"jobmanager/sse_setup.go:147","msg":"\n Job Labels: selenium-junit  linux  autosplit "}
{"level":"info","time":"2026-05-28T16:07:37.033+0530","caller":"jobmanager/sse_setup.go:149","msg":" ID: 640806ee-d5b2-433d-8fd8-66e5239a19ec\n Status:  FAILED \n Remark: Job failed as encountered a Test level failure\n OrgID: 509662\n Created: 2026-05-28 10:32:06 +0000 UTC\n Updated: 2026-05-28 10:37:33 +0000 UTC\n global timeout: 90\n testsuite timeout: 90\n retry on failure: true\n start time: 2026-05-28 10:33:39 +0000 UTC\n end time: 2026-05-28 10:37:33 +0000 UTC\n duration: 3m54s"}
{"level":"info","time":"2026-05-28T16:07:37.033+0530","caller":"jobmanager/sse_setup.go:155","msg":"\n\nTask status\n"}
{"level":"info","time":"2026-05-28T16:07:37.033+0530","caller":"jobmanager/sse_setup.go:161","msg":" ID: HYPL-509662-1779964338547046769PVE\n Status: completed\n Remark: completed\n Created: 2026-05-28 10:32:18 +0000 UTC\n Updated: 2026-05-28 10:36:55 +0000 UTC\n context: {\"_jobId\": \"640806ee-d5b2-433d-8fd8-66e5239a19ec\", \"_taskId\": \"HYPL-509662-1779964338547046769PVE\", \"_ims_enabled\": true, \"_sanctumIntent\": \"hyperexecute-linux\", \"_ims_template_id\": \"linux\", \"_parentTestIntent\": \"hyperexecute-linux\", \"_adbEspressoSupport\": \"true\", \"_whiteLabelProductTag\": \"\"}\n tunnel name: \n os: linux\n start time: 2026-05-28 10:33:46 +0000 UTC\n end time: 2026-05-28 10:36:55 +0000 UTC\n duration: 3m9s"}
{"level":"info","time":"2026-05-28T16:07:37.033+0530","caller":"jobmanager/sse_setup.go:166","msg":"\n"}
{"level":"info","time":"2026-05-28T16:07:37.033+0530","caller":"jobmanager/sse_setup.go:161","msg":" ID: HYPL-509662-1779964338550613227TEV\n Status: completed\n Remark: completed\n Created: 2026-05-28 10:32:18 +0000 UTC\n Updated: 2026-05-28 10:36:36 +0000 UTC\n context: {\"_jobId\": \"640806ee-d5b2-433d-8fd8-66e5239a19ec\", \"_taskId\": \"HYPL-509662-1779964338550613227TEV\", \"_ims_enabled\": true, \"_sanctumIntent\": \"hyperexecute-linux\", \"_ims_template_id\": \"linux\", \"_parentTestIntent\": \"hyperexecute-linux\", \"_adbEspressoSupport\": \"true\", \"_whiteLabelProductTag\": \"\"}\n tunnel name: \n os: linux\n start time: 2026-05-28 10:33:39 +0000 UTC\n end time: 2026-05-28 10:36:36 +0000 UTC\n duration: 2m57s"}
{"level":"info","time":"2026-05-28T16:07:37.033+0530","caller":"jobmanager/sse_setup.go:166","msg":"\n"}
{"level":"info","time":"2026-05-28T16:07:37.033+0530","caller":"jobmanager/sse_setup.go:161","msg":" ID: HYPL-509662-1779964338560262406EQS\n Status: completed\n Remark: completed\n Created: 2026-05-28 10:32:18 +0000 UTC\n Updated: 2026-05-28 10:36:50 +0000 UTC\n context: {\"_jobId\": \"640806ee-d5b2-433d-8fd8-66e5239a19ec\", \"_taskId\": \"HYPL-509662-1779964338560262406EQS\", \"_ims_enabled\": true, \"_sanctumIntent\": \"hyperexecute-linux\", \"_ims_template_id\": \"linux\", \"_parentTestIntent\": \"hyperexecute-linux\", \"_adbEspressoSupport\": \"true\", \"_whiteLabelProductTag\": \"\"}\n tunnel name: \n os: linux\n start time: 2026-05-28 10:33:39 +0000 UTC\n end time: 2026-05-28 10:36:50 +0000 UTC\n duration: 3m11s"}
{"level":"info","time":"2026-05-28T16:07:37.033+0530","caller":"jobmanager/sse_setup.go:166","msg":"\n"}
{"level":"info","time":"2026-05-28T16:07:37.034+0530","caller":"jobmanager/sse_setup.go:161","msg":" ID: HYPL-509662-1779964338563795498OVB\n Status: completed\n Remark: completed\n Created: 2026-05-28 10:32:18 +0000 UTC\n Updated: 2026-05-28 10:37:07 +0000 UTC\n context: {\"_jobId\": \"640806ee-d5b2-433d-8fd8-66e5239a19ec\", \"_taskId\": \"HYPL-509662-1779964338563795498OVB\", \"_ims_enabled\": true, \"_sanctumIntent\": \"hyperexecute-linux\", \"_ims_template_id\": \"linux\", \"_parentTestIntent\": \"hyperexecute-linux\", \"_adbEspressoSupport\": \"true\", \"_whiteLabelProductTag\": \"\"}\n tunnel name: \n os: linux\n start time: 2026-05-28 10:33:41 +0000 UTC\n end time: 2026-05-28 10:37:07 +0000 UTC\n duration: 3m26s"}
{"level":"info","time":"2026-05-28T16:07:37.034+0530","caller":"jobmanager/sse_setup.go:166","msg":"\n"}
{"level":"info","time":"2026-05-28T16:07:37.034+0530","caller":"jobmanager/sse_setup.go:161","msg":" ID: HYPL-509662-1779964338567156086YJK\n Status: failed\n Remark: Job failed as encountered a Test level failure\n Created: 2026-05-28 10:32:18 +0000 UTC\n Updated: 2026-05-28 10:36:41 +0000 UTC\n context: {\"_jobId\": \"640806ee-d5b2-433d-8fd8-66e5239a19ec\", \"_taskId\": \"HYPL-509662-1779964338567156086YJK\", \"_ims_enabled\": true, \"_sanctumIntent\": \"hyperexecute-linux\", \"_ims_template_id\": \"linux\", \"_parentTestIntent\": \"hyperexecute-linux\", \"_adbEspressoSupport\": \"true\", \"_whiteLabelProductTag\": \"\"}\n tunnel name: \n os: linux\n start time: 2026-05-28 10:33:43 +0000 UTC\n end time: 2026-05-28 10:36:41 +0000 UTC\n duration: 2m58s"}
{"level":"info","time":"2026-05-28T16:07:37.034+0530","caller":"jobmanager/sse_setup.go:166","msg":"\n"}
{"level":"info","time":"2026-05-28T16:07:37.034+0530","caller":"jobmanager/sse_setup.go:161","msg":" ID: HYPL-509662-1779964338570579023EDP\n Status: failed\n Remark: Job failed as encountered a Test level failure\n Created: 2026-05-28 10:32:18 +0000 UTC\n Updated: 2026-05-28 10:36:52 +0000 UTC\n context: {\"_jobId\": \"640806ee-d5b2-433d-8fd8-66e5239a19ec\", \"_taskId\": \"HYPL-509662-1779964338570579023EDP\", \"_ims_enabled\": true, \"_sanctumIntent\": \"hyperexecute-linux\", \"_ims_template_id\": \"linux\", \"_parentTestIntent\": \"hyperexecute-linux\", \"_adbEspressoSupport\": \"true\", \"_whiteLabelProductTag\": \"\"}\n tunnel name: \n os: linux\n start time: 2026-05-28 10:33:44 +0000 UTC\n end time: 2026-05-28 10:36:52 +0000 UTC\n duration: 3m8s"}
{"level":"info","time":"2026-05-28T16:07:37.034+0530","caller":"jobmanager/sse_setup.go:166","msg":"\n"}
{"level":"info","time":"2026-05-28T16:07:37.034+0530","caller":"jobmanager/sse_setup.go:161","msg":" ID: HYPL-509662-1779964338573824848JEO\n Status: failed\n Remark: Job failed as encountered a Test level failure\n Created: 2026-05-28 10:32:18 +0000 UTC\n Updated: 2026-05-28 10:37:33 +0000 UTC\n context: {\"_jobId\": \"640806ee-d5b2-433d-8fd8-66e5239a19ec\", \"_taskId\": \"HYPL-509662-1779964338573824848JEO\", \"_ims_enabled\": true, \"_sanctumIntent\": \"hyperexecute-linux\", \"_ims_template_id\": \"linux\", \"_parentTestIntent\": \"hyperexecute-linux\", \"_adbEspressoSupport\": \"true\", \"_whiteLabelProductTag\": \"\"}\n tunnel name: \n os: linux\n start time: 2026-05-28 10:33:44 +0000 UTC\n end time: 2026-05-28 10:37:33 +0000 UTC\n duration: 3m49s"}
{"level":"info","time":"2026-05-28T16:07:37.034+0530","caller":"jobmanager/sse_setup.go:166","msg":"\n"}
{"level":"info","time":"2026-05-28T16:07:37.034+0530","caller":"jobmanager/sse_setup.go:161","msg":" ID: HYPL-509662-1779964338577143197FGY\n Status: failed\n Remark: Job failed as encountered a Test level failure\n Created: 2026-05-28 10:32:18 +0000 UTC\n Updated: 2026-05-28 10:36:38 +0000 UTC\n context: {\"_jobId\": \"640806ee-d5b2-433d-8fd8-66e5239a19ec\", \"_taskId\": \"HYPL-509662-1779964338577143197FGY\", \"_ims_enabled\": true, \"_sanctumIntent\": \"hyperexecute-linux\", \"_ims_template_id\": \"linux\", \"_parentTestIntent\": \"hyperexecute-linux\", \"_adbEspressoSupport\": \"true\", \"_whiteLabelProductTag\": \"\"}\n tunnel name: \n os: linux\n start time: 2026-05-28 10:33:39 +0000 UTC\n end time: 2026-05-28 10:36:38 +0000 UTC\n duration: 2m59s"}
{"level":"info","time":"2026-05-28T16:07:37.034+0530","caller":"jobmanager/sse_setup.go:166","msg":"\n"}
{"level":"info","time":"2026-05-28T16:07:37.034+0530","caller":"jobmanager/sse_setup.go:161","msg":" ID: HYPL-509662-1779964338582812039IGM\n Status: completed\n Remark: completed\n Created: 2026-05-28 10:32:18 +0000 UTC\n Updated: 2026-05-28 10:35:53 +0000 UTC\n context: {\"_jobId\": \"640806ee-d5b2-433d-8fd8-66e5239a19ec\", \"_taskId\": \"HYPL-509662-1779964338582812039IGM\", \"_ims_enabled\": true, \"_sanctumIntent\": \"hyperexecute-linux\", \"_ims_template_id\": \"linux\", \"_parentTestIntent\": \"hyperexecute-linux\", \"_adbEspressoSupport\": \"true\", \"_whiteLabelProductTag\": \"\"}\n tunnel name: \n os: linux\n start time: 2026-05-28 10:33:40 +0000 UTC\n end time: 2026-05-28 10:35:53 +0000 UTC\n duration: 2m13s"}
{"level":"info","time":"2026-05-28T16:07:37.034+0530","caller":"jobmanager/sse_setup.go:166","msg":"\n"}
{"level":"info","time":"2026-05-28T16:07:37.034+0530","caller":"jobmanager/sse_setup.go:161","msg":" ID: HYPL-509662-1779964338586428885ALH\n Status: completed\n Remark: completed\n Created: 2026-05-28 10:32:18 +0000 UTC\n Updated: 2026-05-28 10:36:00 +0000 UTC\n context: {\"_jobId\": \"640806ee-d5b2-433d-8fd8-66e5239a19ec\", \"_taskId\": \"HYPL-509662-1779964338586428885ALH\", \"_ims_enabled\": true, \"_sanctumIntent\": \"hyperexecute-linux\", \"_ims_template_id\": \"linux\", \"_parentTestIntent\": \"hyperexecute-linux\", \"_adbEspressoSupport\": \"true\", \"_whiteLabelProductTag\": \"\"}\n tunnel name: \n os: linux\n start time: 2026-05-28 10:33:42 +0000 UTC\n end time: 2026-05-28 10:36:00 +0000 UTC\n duration: 2m18s"}
{"level":"info","time":"2026-05-28T16:07:37.034+0530","caller":"jobmanager/sse_setup.go:166","msg":"\n"}
{"level":"info","time":"2026-05-28T16:07:37.034+0530","caller":"jobmanager/sse_setup.go:161","msg":" ID: HYPL-509662-1779964338589690793HEG\n Status: completed\n Remark: completed\n Created: 2026-05-28 10:32:18 +0000 UTC\n Updated: 2026-05-28 10:36:10 +0000 UTC\n context: {\"_jobId\": \"640806ee-d5b2-433d-8fd8-66e5239a19ec\", \"_taskId\": \"HYPL-509662-1779964338589690793HEG\", \"_ims_enabled\": true, \"_sanctumIntent\": \"hyperexecute-linux\", \"_ims_template_id\": \"linux\", \"_parentTestIntent\": \"hyperexecute-linux\", \"_adbEspressoSupport\": \"true\", \"_whiteLabelProductTag\": \"\"}\n tunnel name: \n os: linux\n start time: 2026-05-28 10:33:45 +0000 UTC\n end time: 2026-05-28 10:36:10 +0000 UTC\n duration: 2m25s"}
{"level":"info","time":"2026-05-28T16:07:37.034+0530","caller":"jobmanager/sse_setup.go:166","msg":"\n"}
{"level":"info","time":"2026-05-28T16:07:37.034+0530","caller":"core/lifecycle.go:811","msg":"taskId:HYPL-509662-1779964338567156086YJK has failed with remark: Job failed as encountered a Test level failure\n"}
{"level":"info","time":"2026-05-28T16:07:37.034+0530","caller":"core/lifecycle.go:811","msg":"taskId:HYPL-509662-1779964338570579023EDP has failed with remark: Job failed as encountered a Test level failure\n"}
{"level":"info","time":"2026-05-28T16:07:37.034+0530","caller":"core/lifecycle.go:811","msg":"taskId:HYPL-509662-1779964338573824848JEO has failed with remark: Job failed as encountered a Test level failure\n"}
{"level":"info","time":"2026-05-28T16:07:37.034+0530","caller":"core/lifecycle.go:811","msg":"taskId:HYPL-509662-1779964338577143197FGY has failed with remark: Job failed as encountered a Test level failure\n"}
{"level":"info","time":"2026-05-28T16:07:37.971+0530","caller":"jobmanager/JobSummaryManager.go:54","msg":"\n FAILED \n"}
{"level":"info","time":"2026-05-28T16:07:37.971+0530","caller":"jobmanager/JobSummaryManager.go:113","msg":"    Test Execution Time:                  1m42s"}
{"level":"info","time":"2026-05-28T16:07:37.971+0530","caller":"jobmanager/JobSummaryManager.go:113","msg":"    Job Duration Time:                    3m54s"}
{"level":"info","time":"2026-05-28T16:07:37.971+0530","caller":"jobmanager/JobSummaryManager.go:113","msg":"    Total Tasks:                          11"}
{"level":"info","time":"2026-05-28T16:07:37.971+0530","caller":"jobmanager/JobSummaryManager.go:113","msg":"    Cumulative Time Consumed:             32m33s"}
{"level":"info","time":"2026-05-28T16:07:37.971+0530","caller":"jobmanager/JobSummaryManager.go:113","msg":"    Total Stages:                         37"}
{"level":"info","time":"2026-05-28T16:07:37.971+0530","caller":"jobmanager/JobSummaryManager.go:113","msg":"    Pass discovery stage percentage:      100.00%"}
{"level":"info","time":"2026-05-28T16:07:37.971+0530","caller":"jobmanager/JobSummaryManager.go:113","msg":"    Failed discovery stage percentage:    0.00%"}
{"level":"info","time":"2026-05-28T16:07:37.971+0530","caller":"jobmanager/JobSummaryManager.go:113","msg":"    Pass pre stage percentage:            100.00%"}
{"level":"info","time":"2026-05-28T16:07:37.971+0530","caller":"jobmanager/JobSummaryManager.go:113","msg":"    Failed pre stage percentage:          0.00%"}
{"level":"info","time":"2026-05-28T16:07:37.971+0530","caller":"jobmanager/JobSummaryManager.go:113","msg":"    Pass test stage percentage:           73.33%"}
{"level":"info","time":"2026-05-28T16:07:37.971+0530","caller":"jobmanager/JobSummaryManager.go:113","msg":"    Failed test stage percentage:         26.67%"}
{"level":"info","time":"2026-05-28T16:07:37.971+0530","caller":"jobmanager/JobSummaryManager.go:113","msg":"    Pass post stage percentage:           0.00%"}
{"level":"info","time":"2026-05-28T16:07:37.971+0530","caller":"jobmanager/JobSummaryManager.go:113","msg":"    Failed post stage percentage:         0.00%"}
{"level":"info","time":"2026-05-28T16:07:37.972+0530","caller":"jobmanager/JobSummaryManager.go:113","msg":"    Failed Tasks:                         4"}
{"level":"info","time":"2026-05-28T16:07:37.972+0530","caller":"jobmanager/JobSummaryManager.go:58","msg":""}
{"level":"info","time":"2026-05-28T16:07:37.974+0530","caller":"events/manager.go:338","msg":"context done and stopping SSE"}
{"level":"debug","time":"2026-05-28T16:07:37.974+0530","caller":"core/lifecycle.go:924","msg":"Context canceled"}
{"level":"debug","time":"2026-05-28T16:07:37.974+0530","caller":"events/manager.go:256","msg":"Stopping event manager"}
{"level":"info","time":"2026-05-28T16:07:37.974+0530","caller":"core/lifecycle.go:927","msg":"Stopping pipeline gracefully"}
{"level":"error","time":"2026-05-28T16:07:37.974+0530","caller":"core/lifecycle.go:930","msg":"2026-05-28T16:01:57+05:30    error    Exiting with error: Failed tasks found."}
{"level":"info","time":"2026-05-28T16:07:37.974+0530","caller":"jobmanager/manager.go:138","msg":"Job Link: https://hyperexecute.lambdatest.com/hyperexecute/task?jobId=640806ee-d5b2-433d-8fd8-66e5239a19ec\n"}
{"level":"debug","time":"2026-05-28T16:07:37.974+0530","caller":"core/lifecycle.go:59","msg":"Quit requested from main goroutine...."}
{"level":"debug","time":"2026-05-28T16:07:37.974+0530","caller":"core/lifecycle.go:60","msg":"Waiting for the goroutines to exit"}
{"level":"debug","time":"2026-05-28T16:07:37.974+0530","caller":"core/lifecycle.go:63","msg":"All lifecycle goroutines exited"}
{"level":"debug","time":"2026-05-28T16:07:37.974+0530","caller":"cmd/bin.go:361","msg":"main: all goroutines have finished."}
{"level":"debug","time":"2026-05-28T16:07:37.974+0530","caller":"cmd/bin.go:400","msg":"Exiting application due to error Failed tasks found."}
{"level":"error","time":"2026-05-28T16:07:37.982+0530","caller":"web/setup.go:236","msg":"2026-05-28T15:58:06+05:30    error    Test execution failed with error: exit status 1"}
{"level":"error","time":"2026-05-28T16:07:37.982+0530","caller":"web/setup.go:237","msg":"2026-05-28T15:58:06+05:30    error    Exit code: 1"}
{"level":"error","time":"2026-05-28T16:07:37.982+0530","caller":"web/setup.go:239","msg":"2026-05-28T15:58:06+05:30    error    Stderr: Error: Failed tasks found.\n"}
{"level":"error","time":"2026-05-28T16:07:37.982+0530","caller":"web/setup.go:252","msg":"2026-05-28T15:58:06+05:30    error    Test execution finished with non-zero exit code: 1"}
{"level":"debug","time":"2026-05-28T18:08:08.667+0530","caller":"cmd/bin.go:145","msg":"cli os: darwin, cli arch: arm64"}
{"level":"debug","time":"2026-05-28T18:08:09.536+0530","caller":"cmd/bin.go:154","msg":"Upstream version details: {Name:cli Min:0.2.265 Max:0.2.341} "}
{"level":"info","time":"2026-05-28T18:08:09.536+0530","caller":"cmd/bin.go:202","msg":"Generating TraceID for tracking request: 01KSQ9F4Q5X8TZR0CD5SX5XEYV \n"}
{"level":"debug","time":"2026-05-28T18:08:12.269+0530","caller":"core/lifecycle.go:107","msg":"Setting environment"}
{"level":"debug","time":"2026-05-28T18:08:12.269+0530","caller":"core/lifecycle.go:110","msg":"Parsing config"}
{"level":"debug","time":"2026-05-28T18:08:12.270+0530","caller":"yamlconfigmanager/setup.go:725","msg":"Custom location for .hyperexecute.yaml specified. Using: yaml/linux/junit_hyperexecute_autosplit_sample.yaml"}
{"level":"debug","time":"2026-05-28T18:08:12.270+0530","caller":"yamlconfigmanager/setup.go:117","msg":"using hyperexecute config from : yaml/linux/junit_hyperexecute_autosplit_sample.yaml"}
{"level":"debug","time":"2026-05-28T18:08:14.162+0530","caller":"yamlconfigmanager/setup.go:2153","msg":"Autodetecting test type in files of path : /Users/anmolg/Desktop/Projects/Hyper sample/junit-selenium-hyperexecute-sample-main"}
{"level":"debug","time":"2026-05-28T18:08:14.164+0530","caller":"yamlconfigmanager/setup.go:547","msg":"Tunnel: false"}
{"level":"info","time":"2026-05-28T18:08:14.164+0530","caller":"models/HypertestYamlConfig.go:974","msg":"\n\u001b[4m\u001b[1m\u001b[97mExecution Plan\u001b[0m\u001b[22m\u001b[24m"}
{"level":"info","time":"2026-05-28T18:08:14.164+0530","caller":"models/HypertestYamlConfig.go:775","msg":"Mode:    \u001b[36mautosplit\u001b[0m"}
{"level":"info","time":"2026-05-28T18:08:14.164+0530","caller":"models/HypertestYamlConfig.go:835","msg":"Runson:    \u001b[36mlinux\u001b[0m"}
{"level":"info","time":"2026-05-28T18:08:14.164+0530","caller":"models/HypertestYamlConfig.go:843","msg":"Concurrency:    \u001b[36m3\u001b[0m"}
{"level":"info","time":"2026-05-28T18:08:14.164+0530","caller":"models/HypertestYamlConfig.go:907","msg":"Report:    \u001b[36menabled\u001b[0m"}
{"level":"info","time":"2026-05-28T18:08:14.164+0530","caller":"models/HypertestYamlConfig.go:987","msg":""}
{"level":"debug","time":"2026-05-28T18:08:14.164+0530","caller":"filevalidator/setup.go:49","msg":"Warning: Checking data.json file in current directory, no dataJsonPath found in .hyperexecute.yaml"}
{"level":"debug","time":"2026-05-28T18:08:14.164+0530","caller":"filevalidator/setup.go:53","msg":"Warning: data.json file doesn't exist"}
{"level":"debug","time":"2026-05-28T18:08:17.733+0530","caller":"core/lifecycle.go:527","msg":"Job ID: 5819ee42-2176-4bb2-a9d7-1dd7c9fc056f"}
{"level":"debug","time":"2026-05-28T18:08:17.733+0530","caller":"events/manager.go:97","msg":"Starting event manager"}
{"level":"debug","time":"2026-05-28T18:08:17.733+0530","caller":"events/manager.go:99","msg":"SSE enabled, getting SSE connection"}
{"level":"debug","time":"2026-05-28T18:08:17.733+0530","caller":"core/lifecycle.go:530","msg":"User - anmolgtestmuai, triggered job with ID 5819ee42-2176-4bb2-a9d7-1dd7c9fc056f from CLI"}
{"level":"debug","time":"2026-05-28T18:08:17.734+0530","caller":"archivemanager/setup.go:339","msg":"digestMap: map[]"}
{"level":"debug","time":"2026-05-28T18:08:17.735+0530","caller":"archivemanager/setup.go:345","msg":"Creating archive of target directory: /Users/anmolg/Desktop/Projects/Hyper sample/junit-selenium-hyperexecute-sample-main"}
{"level":"debug","time":"2026-05-28T18:08:17.762+0530","caller":"core/lifecycle.go:684","msg":"Zip file size: 229.20 kB"}
{"level":"debug","time":"2026-05-28T18:08:17.762+0530","caller":"core/lifecycle.go:694","msg":"Archive location: /Users/anmolg/Desktop/Projects/Hyper sample/junit-selenium-hyperexecute-sample-main/hyperexecute-code-5819ee42-2176-4bb2-a9d7-1dd7c9fc056f.zip\n"}
{"level":"debug","time":"2026-05-28T18:08:17.762+0530","caller":"storage/azure.go:60","msg":"Payload size: 229.20 kB, source path /Users/anmolg/Desktop/Projects/Hyper sample/junit-selenium-hyperexecute-sample-main/hyperexecute-code-5819ee42-2176-4bb2-a9d7-1dd7c9fc056f.zip"}
{"level":"debug","time":"2026-05-28T18:08:18.140+0530","caller":"events/manager.go:288","msg":"connection to hyperexecute server established successfully."}
{"level":"debug","time":"2026-05-28T18:08:22.330+0530","caller":"storage/azure.go:84","msg":"Azcopy output: \n\r0.0 %, 0 Done, 0 Failed, 1 Pending, 0 Skipped, 1 Total, 2-sec Throughput (Mb/s): 0.9165\r100.0 %, 1 Done, 0 Failed, 0 Pending, 0 Skipped, 1 Total,                              \nTotal time taken to upload(min) :0.0667\n, stderr: "}
{"level":"info","time":"2026-05-28T18:08:22.330+0530","caller":"storage/azure.go:123","msg":"File: /Users/anmolg/Desktop/Projects/Hyper sample/junit-selenium-hyperexecute-sample-main/hyperexecute-code-5819ee42-2176-4bb2-a9d7-1dd7c9fc056f.zip upload completed in 4.568375625s"}
{"level":"debug","time":"2026-05-28T18:08:22.331+0530","caller":"receptionmanager/setup.go:284","msg":"only one runtime entry detected, mapping it to older yaml format"}
{"level":"debug","time":"2026-05-28T18:08:22.331+0530","caller":"receptionmanager/setup.go:313","msg":"only one partialreports entry detected, mapping it to older yaml format"}
{"level":"debug","time":"2026-05-28T18:08:22.331+0530","caller":"receptionmanager/setup.go:188","msg":"Uploading yaml : /Users/anmolg/Desktop/Projects/Hyper sample/junit-selenium-hyperexecute-sample-main/.updatedhyperexecute.yaml"}
{"level":"debug","time":"2026-05-28T18:08:22.332+0530","caller":"storage/azure.go:60","msg":"Payload size: 4.22 kB, source path /Users/anmolg/Desktop/Projects/Hyper sample/junit-selenium-hyperexecute-sample-main/.updatedhyperexecute.yaml"}
{"level":"debug","time":"2026-05-28T18:08:24.367+0530","caller":"storage/azure.go:84","msg":"Azcopy output: \n\r100.0 %, 1 Done, 0 Failed, 0 Pending, 0 Skipped, 1 Total, 2-sec Throughput (Mb/s): 0.0169\nTotal time taken to upload(min) :0.0334\n, stderr: "}
{"level":"info","time":"2026-05-28T18:08:24.367+0530","caller":"storage/azure.go:123","msg":"File: /Users/anmolg/Desktop/Projects/Hyper sample/junit-selenium-hyperexecute-sample-main/.updatedhyperexecute.yaml upload completed in 2.035744667s"}
{"level":"debug","time":"2026-05-28T18:08:24.367+0530","caller":"core/lifecycle.go:721","msg":"Successfully deleted code archive: /Users/anmolg/Desktop/Projects/Hyper sample/junit-selenium-hyperexecute-sample-main/hyperexecute-code-5819ee42-2176-4bb2-a9d7-1dd7c9fc056f.zip\n"}
{"level":"debug","time":"2026-05-28T18:08:24.368+0530","caller":"storage/azure.go:60","msg":"Payload size: 650 B, source path yaml/linux/mask-5819ee42-2176-4bb2-a9d7-1dd7c9fc056f.yaml"}
{"level":"debug","time":"2026-05-28T18:08:26.409+0530","caller":"storage/azure.go:84","msg":"Azcopy output: \n\r100.0 %, 1 Done, 0 Failed, 0 Pending, 0 Skipped, 1 Total, 2-sec Throughput (Mb/s): 0.0026\nTotal time taken to upload(min) :0.0334\n, stderr: "}
{"level":"info","time":"2026-05-28T18:08:26.409+0530","caller":"storage/azure.go:123","msg":"File: yaml/linux/mask-5819ee42-2176-4bb2-a9d7-1dd7c9fc056f.yaml upload completed in 2.040745208s"}
{"level":"debug","time":"2026-05-28T18:08:28.883+0530","caller":"jobmanager/sse_setup.go:192","msg":"Task id: HYPL-509662-1779971907668399939GQP"}
{"level":"debug","time":"2026-05-28T18:08:28.884+0530","caller":"jobmanager/sse_setup.go:193","msg":"Sending new task alert to stage manager for taskId: HYPL-509662-1779971907668399939GQP"}
{"level":"debug","time":"2026-05-28T18:08:28.884+0530","caller":"jobmanager/sse_setup.go:192","msg":"Task id: HYPL-509662-1779971907673056628KNA"}
{"level":"debug","time":"2026-05-28T18:08:28.884+0530","caller":"jobmanager/sse_setup.go:193","msg":"Sending new task alert to stage manager for taskId: HYPL-509662-1779971907673056628KNA"}
{"level":"debug","time":"2026-05-28T18:08:28.884+0530","caller":"jobmanager/sse_setup.go:192","msg":"Task id: HYPL-509662-1779971907677582064GTQ"}
{"level":"debug","time":"2026-05-28T18:08:28.884+0530","caller":"jobmanager/sse_setup.go:193","msg":"Sending new task alert to stage manager for taskId: HYPL-509662-1779971907677582064GTQ"}
{"level":"info","time":"2026-05-28T18:08:35.090+0530","caller":"jobmanager/sse_setup.go:84","msg":"\nJob \u001b[1m\u001b[4m5819ee42-2176-4bb2-a9d7-1dd7c9fc056f\u001b[24m\u001b[22m has started \u001b[97mRUNNING\u001b[0m"}
{"level":"info","time":"2026-05-28T18:08:35.090+0530","caller":"jobmanager/manager.go:138","msg":"Job Link: \u001b[4m\u001b[34mhttps://hyperexecute.lambdatest.com/hyperexecute/task?jobId=5819ee42-2176-4bb2-a9d7-1dd7c9fc056f\u001b[0m\u001b[24m\n"}
{"level":"info","time":"2026-05-28T18:08:42.422+0530","caller":"terminal/terminal.go:187","msg":"\u001b[32m✔\u001b[0m [1]  \u001b[2msetup-runtime (8s)\u001b[22m\n"}
{"level":"info","time":"2026-05-28T18:08:47.879+0530","caller":"terminal/terminal.go:187","msg":"\u001b[32m✔\u001b[0m [3]  \u001b[2msetup-runtime (9s)\u001b[22m\n"}
{"level":"info","time":"2026-05-28T18:08:48.281+0530","caller":"terminal/terminal.go:187","msg":"\u001b[32m✔\u001b[0m [2]  \u001b[2msetup-runtime (9s)\u001b[22m\n"}
{"level":"info","time":"2026-05-28T18:09:17.017+0530","caller":"terminal/terminal.go:187","msg":"\u001b[32m✔\u001b[0m [1]  \u001b[2mpre (35s)\u001b[22m\n"}
{"level":"info","time":"2026-05-28T18:09:17.086+0530","caller":"terminal/terminal.go:187","msg":"\u001b[32m✔\u001b[0m [1]  \u001b[2mdiscovery (1s)\u001b[22m\n"}
{"level":"info","time":"2026-05-28T18:09:19.083+0530","caller":"terminal/terminal.go:187","msg":"\u001b[32m✔\u001b[0m [2]  \u001b[2mpre (31s)\u001b[22m\n"}
{"level":"info","time":"2026-05-28T18:09:19.194+0530","caller":"terminal/terminal.go:187","msg":"\u001b[32m✔\u001b[0m [2]  \u001b[2mdiscovery (0s)\u001b[22m\n"}
{"level":"info","time":"2026-05-28T18:09:19.493+0530","caller":"terminal/terminal.go:187","msg":"\u001b[32m✔\u001b[0m [3]  \u001b[2mpre (31s)\u001b[22m\n"}
{"level":"info","time":"2026-05-28T18:09:19.655+0530","caller":"terminal/terminal.go:187","msg":"\u001b[32m✔\u001b[0m [3]  \u001b[2mdiscovery (1s)\u001b[22m\n"}
{"level":"debug","time":"2026-05-28T18:09:59.109+0530","caller":"events/manager.go:356","msg":"No new messages received from SSE for jobID: 5819ee42-2176-4bb2-a9d7-1dd7c9fc056f. Fetching from APIs"}
{"level":"info","time":"2026-05-28T18:10:21.532+0530","caller":"terminal/terminal.go:187","msg":"\u001b[32m✔\u001b[0m [1]  \u001b[2mBingSearch2Test (56s)\u001b[22m\n"}
{"level":"info","time":"2026-05-28T18:10:22.247+0530","caller":"terminal/terminal.go:187","msg":"\u001b[32m✔\u001b[0m [3]  \u001b[2mBingSearch4Test (55s)\u001b[22m\n"}
{"level":"info","time":"2026-05-28T18:10:24.088+0530","caller":"terminal/terminal.go:187","msg":"\u001b[32m✔\u001b[0m [2]  \u001b[2mBingSearch3Test (56s)\u001b[22m\n"}
{"level":"info","time":"2026-05-28T18:10:52.317+0530","caller":"terminal/terminal.go:187","msg":"\u001b[32m✔\u001b[0m [1]  \u001b[2mBingSearchTest (31s)\u001b[22m\n"}
{"level":"info","time":"2026-05-28T18:11:20.493+0530","caller":"terminal/terminal.go:187","msg":"\u001b[91mx\u001b[0m [3]  \u001b[2mInputFormSubmit3Test (58s)\u001b[22m\n"}
{"level":"info","time":"2026-05-28T18:11:21.675+0530","caller":"terminal/terminal.go:187","msg":"\u001b[91mx\u001b[0m [2]  \u001b[2mInputFormSubmit2Test (57s)\u001b[22m\n"}
{"level":"info","time":"2026-05-28T18:11:48.879+0530","caller":"terminal/terminal.go:187","msg":"\u001b[91mx\u001b[0m [1]  \u001b[2mInputFormSubmit4Test (57s)\u001b[22m\n"}
{"level":"info","time":"2026-05-28T18:11:51.818+0530","caller":"terminal/terminal.go:187","msg":"\u001b[32m✔\u001b[0m [3]  \u001b[2mToDoAddAndComplete2Test (32s)\u001b[22m\n"}
{"level":"info","time":"2026-05-28T18:12:13.436+0530","caller":"terminal/terminal.go:187","msg":"\u001b[91mx\u001b[0m [2]  \u001b[2mInputFormSubmitTest (51s)\u001b[22m\n"}
{"level":"info","time":"2026-05-28T18:12:16.827+0530","caller":"terminal/terminal.go:187","msg":"\u001b[32m✔\u001b[0m [3]  \u001b[2mToDoAddAndComplete5Test (25s)\u001b[22m\n"}
{"level":"info","time":"2026-05-28T18:12:18.093+0530","caller":"terminal/terminal.go:187","msg":"\u001b[32m✔\u001b[0m [1]  \u001b[2mToDoAddAndComplete3Test (29s)\u001b[22m\n"}
{"level":"info","time":"2026-05-28T18:12:42.232+0530","caller":"terminal/terminal.go:187","msg":"\u001b[32m✔\u001b[0m [2]  \u001b[2mToDoAddAndComplete4Test (29s)\u001b[22m\n"}
{"level":"info","time":"2026-05-28T18:12:49.179+0530","caller":"terminal/terminal.go:187","msg":"\u001b[32m✔\u001b[0m [1]  \u001b[2mToDoAddAndCompleteTest (31s)\u001b[22m\n"}
{"level":"info","time":"2026-05-28T18:12:56.361+0530","caller":"terminal/terminal.go:187","msg":"\u001b[32m✔\u001b[0m [3]  \u001b[2mToDoFilterTest (39s)\u001b[22m\n"}
{"level":"info","time":"2026-05-28T18:13:24.319+0530","caller":"terminal/terminal.go:187","msg":"\u001b[32m✔\u001b[0m [2]  \u001b[2mToDoClearAndDeleteTest (42s)\u001b[22m\n"}
{"level":"debug","time":"2026-05-28T18:13:56.735+0530","caller":"jobmanager/sse_setup.go:134","msg":"\n\nJob status"}
{"level":"info","time":"2026-05-28T18:13:56.736+0530","caller":"core/lifecycle.go:811","msg":"taskId:HYPL-509662-1779971907668399939GQP has failed with remark: Job failed as encountered a Test level failure\n"}
{"level":"info","time":"2026-05-28T18:13:56.736+0530","caller":"core/lifecycle.go:811","msg":"taskId:HYPL-509662-1779971907673056628KNA has failed with remark: Job failed as encountered a Test level failure\n"}
{"level":"info","time":"2026-05-28T18:13:56.736+0530","caller":"core/lifecycle.go:811","msg":"taskId:HYPL-509662-1779971907677582064GTQ has failed with remark: Job failed as encountered a Test level failure\n"}
{"level":"info","time":"2026-05-28T18:13:57.479+0530","caller":"jobmanager/JobSummaryManager.go:54","msg":"\n\u001b[101m FAILED \u001b[0m\n"}
{"level":"info","time":"2026-05-28T18:13:57.479+0530","caller":"jobmanager/JobSummaryManager.go:113","msg":"    \u001b[1mTest Execution Time\u001b[22m:                  \u001b[91m3m33s\u001b[0m"}
{"level":"info","time":"2026-05-28T18:13:57.479+0530","caller":"jobmanager/JobSummaryManager.go:113","msg":"    \u001b[1mJob Duration Time\u001b[22m:                    5m21s"}
{"level":"info","time":"2026-05-28T18:13:57.479+0530","caller":"jobmanager/JobSummaryManager.go:113","msg":"    \u001b[1mTotal Tasks\u001b[22m:                          3"}
{"level":"info","time":"2026-05-28T18:13:57.479+0530","caller":"jobmanager/JobSummaryManager.go:113","msg":"    \u001b[1mCumulative Time Consumed\u001b[22m:             14m48s"}
{"level":"info","time":"2026-05-28T18:13:57.479+0530","caller":"jobmanager/JobSummaryManager.go:113","msg":"    \u001b[1mTotal Stages\u001b[22m:                         21"}
{"level":"info","time":"2026-05-28T18:13:57.479+0530","caller":"jobmanager/JobSummaryManager.go:113","msg":"    \u001b[1mPass discovery stage percentage\u001b[22m:      100.00%"}
{"level":"info","time":"2026-05-28T18:13:57.479+0530","caller":"jobmanager/JobSummaryManager.go:113","msg":"    \u001b[1mFailed discovery stage percentage\u001b[22m:    0.00%"}
{"level":"info","time":"2026-05-28T18:13:57.479+0530","caller":"jobmanager/JobSummaryManager.go:113","msg":"    \u001b[1mPass pre stage percentage\u001b[22m:            \u001b[92m100.00%\u001b[0m"}
{"level":"info","time":"2026-05-28T18:13:57.479+0530","caller":"jobmanager/JobSummaryManager.go:113","msg":"    \u001b[1mFailed pre stage percentage\u001b[22m:          0.00%"}
{"level":"info","time":"2026-05-28T18:13:57.479+0530","caller":"jobmanager/JobSummaryManager.go:113","msg":"    \u001b[1mPass test stage percentage\u001b[22m:           73.33%"}
{"level":"info","time":"2026-05-28T18:13:57.479+0530","caller":"jobmanager/JobSummaryManager.go:113","msg":"    \u001b[1mFailed test stage percentage\u001b[22m:         \u001b[91m26.67%\u001b[0m"}
{"level":"info","time":"2026-05-28T18:13:57.479+0530","caller":"jobmanager/JobSummaryManager.go:113","msg":"    \u001b[1mPass post stage percentage\u001b[22m:           0.00%"}
{"level":"info","time":"2026-05-28T18:13:57.479+0530","caller":"jobmanager/JobSummaryManager.go:113","msg":"    \u001b[1mFailed post stage percentage\u001b[22m:         0.00%"}
{"level":"info","time":"2026-05-28T18:13:57.479+0530","caller":"jobmanager/JobSummaryManager.go:113","msg":"    \u001b[1mFailed Tasks\u001b[22m:                         3"}
{"level":"info","time":"2026-05-28T18:13:57.479+0530","caller":"jobmanager/JobSummaryManager.go:58","msg":""}
{"level":"debug","time":"2026-05-28T18:13:57.482+0530","caller":"core/lifecycle.go:924","msg":"Context canceled"}
{"level":"info","time":"2026-05-28T18:13:57.482+0530","caller":"events/manager.go:338","msg":"context done and stopping SSE"}
{"level":"debug","time":"2026-05-28T18:13:57.482+0530","caller":"events/manager.go:256","msg":"Stopping event manager"}
{"level":"info","time":"2026-05-28T18:13:57.482+0530","caller":"core/lifecycle.go:927","msg":"\u001b[2mStopping pipeline gracefully\u001b[22m"}
{"level":"error","time":"2026-05-28T18:13:57.482+0530","caller":"core/lifecycle.go:930","msg":"2026-05-28T18:08:07+05:30    error    Exiting with error: Failed tasks found."}
{"level":"info","time":"2026-05-28T18:13:57.482+0530","caller":"jobmanager/manager.go:138","msg":"Job Link: \u001b[4m\u001b[34mhttps://hyperexecute.lambdatest.com/hyperexecute/task?jobId=5819ee42-2176-4bb2-a9d7-1dd7c9fc056f\u001b[0m\u001b[24m\n"}
{"level":"debug","time":"2026-05-28T18:13:57.482+0530","caller":"core/lifecycle.go:59","msg":"Quit requested from main goroutine...."}
{"level":"debug","time":"2026-05-28T18:13:57.482+0530","caller":"core/lifecycle.go:60","msg":"Waiting for the goroutines to exit"}
{"level":"debug","time":"2026-05-28T18:13:57.482+0530","caller":"core/lifecycle.go:63","msg":"All lifecycle goroutines exited"}
{"level":"debug","time":"2026-05-28T18:13:57.482+0530","caller":"cmd/bin.go:361","msg":"main: all goroutines have finished."}
{"level":"debug","time":"2026-05-28T18:13:57.482+0530","caller":"cmd/bin.go:400","msg":"Exiting application due to error Failed tasks found."}
{"level":"debug","time":"2026-05-28T18:15:49.012+0530","caller":"cmd/bin.go:145","msg":"cli os: darwin, cli arch: arm64"}
{"level":"debug","time":"2026-05-28T18:15:49.818+0530","caller":"cmd/bin.go:154","msg":"Upstream version details: {Name:cli Min:0.2.265 Max:0.2.341} "}
{"level":"info","time":"2026-05-28T18:15:49.819+0530","caller":"cmd/bin.go:202","msg":"Generating TraceID for tracking request: 01KSQ9X66HYSH89GE8PQXBYWN5 \n"}
{"level":"debug","time":"2026-05-28T18:15:52.098+0530","caller":"core/lifecycle.go:107","msg":"Setting environment"}
{"level":"debug","time":"2026-05-28T18:15:52.099+0530","caller":"core/lifecycle.go:110","msg":"Parsing config"}
{"level":"debug","time":"2026-05-28T18:15:52.099+0530","caller":"yamlconfigmanager/setup.go:725","msg":"Custom location for .hyperexecute.yaml specified. Using: yaml/linux/junit_hyperexecute_autosplit_sample.yaml"}
{"level":"debug","time":"2026-05-28T18:15:52.099+0530","caller":"yamlconfigmanager/setup.go:117","msg":"using hyperexecute config from : yaml/linux/junit_hyperexecute_autosplit_sample.yaml"}
{"level":"debug","time":"2026-05-28T18:15:53.897+0530","caller":"yamlconfigmanager/setup.go:2153","msg":"Autodetecting test type in files of path : /Users/anmolg/Desktop/Projects/Hyper sample/junit-selenium-hyperexecute-sample-main"}
{"level":"debug","time":"2026-05-28T18:15:53.898+0530","caller":"yamlconfigmanager/setup.go:547","msg":"Tunnel: false"}
{"level":"info","time":"2026-05-28T18:15:53.898+0530","caller":"models/HypertestYamlConfig.go:974","msg":"\n\u001b[4m\u001b[1m\u001b[97mExecution Plan\u001b[0m\u001b[22m\u001b[24m"}
{"level":"info","time":"2026-05-28T18:15:53.898+0530","caller":"models/HypertestYamlConfig.go:775","msg":"Mode:    \u001b[36mautosplit\u001b[0m"}
{"level":"info","time":"2026-05-28T18:15:53.899+0530","caller":"models/HypertestYamlConfig.go:835","msg":"Runson:    \u001b[36mlinux\u001b[0m"}
{"level":"info","time":"2026-05-28T18:15:53.899+0530","caller":"models/HypertestYamlConfig.go:843","msg":"Concurrency:    \u001b[36m3\u001b[0m"}
{"level":"info","time":"2026-05-28T18:15:53.899+0530","caller":"models/HypertestYamlConfig.go:907","msg":"Report:    \u001b[36menabled\u001b[0m"}
{"level":"info","time":"2026-05-28T18:15:53.899+0530","caller":"models/HypertestYamlConfig.go:987","msg":""}
{"level":"debug","time":"2026-05-28T18:15:53.899+0530","caller":"filevalidator/setup.go:49","msg":"Warning: Checking data.json file in current directory, no dataJsonPath found in .hyperexecute.yaml"}
{"level":"debug","time":"2026-05-28T18:15:53.899+0530","caller":"filevalidator/setup.go:53","msg":"Warning: data.json file doesn't exist"}
{"level":"debug","time":"2026-05-28T18:15:57.361+0530","caller":"core/lifecycle.go:527","msg":"Job ID: f9edfb5d-47bf-4299-8220-e2323ab8df77"}
{"level":"debug","time":"2026-05-28T18:15:57.361+0530","caller":"core/lifecycle.go:530","msg":"User - anmolgtestmuai, triggered job with ID f9edfb5d-47bf-4299-8220-e2323ab8df77 from CLI"}
{"level":"debug","time":"2026-05-28T18:15:57.362+0530","caller":"events/manager.go:97","msg":"Starting event manager"}
{"level":"debug","time":"2026-05-28T18:15:57.362+0530","caller":"events/manager.go:99","msg":"SSE enabled, getting SSE connection"}
{"level":"debug","time":"2026-05-28T18:15:57.363+0530","caller":"archivemanager/setup.go:339","msg":"digestMap: map[]"}
{"level":"debug","time":"2026-05-28T18:15:57.363+0530","caller":"archivemanager/setup.go:345","msg":"Creating archive of target directory: /Users/anmolg/Desktop/Projects/Hyper sample/junit-selenium-hyperexecute-sample-main"}
{"level":"debug","time":"2026-05-28T18:15:57.386+0530","caller":"core/lifecycle.go:684","msg":"Zip file size: 229.30 kB"}
{"level":"debug","time":"2026-05-28T18:15:57.386+0530","caller":"core/lifecycle.go:694","msg":"Archive location: /Users/anmolg/Desktop/Projects/Hyper sample/junit-selenium-hyperexecute-sample-main/hyperexecute-code-f9edfb5d-47bf-4299-8220-e2323ab8df77.zip\n"}
{"level":"debug","time":"2026-05-28T18:15:57.386+0530","caller":"storage/azure.go:60","msg":"Payload size: 229.30 kB, source path /Users/anmolg/Desktop/Projects/Hyper sample/junit-selenium-hyperexecute-sample-main/hyperexecute-code-f9edfb5d-47bf-4299-8220-e2323ab8df77.zip"}
{"level":"debug","time":"2026-05-28T18:15:57.731+0530","caller":"events/manager.go:288","msg":"connection to hyperexecute server established successfully."}
{"level":"debug","time":"2026-05-28T18:16:01.971+0530","caller":"storage/azure.go:84","msg":"Azcopy output: \n\r0.0 %, 0 Done, 0 Failed, 1 Pending, 0 Skipped, 1 Total, 2-sec Throughput (Mb/s): 0.9169\r100.0 %, 1 Done, 0 Failed, 0 Pending, 0 Skipped, 1 Total,                              \nTotal time taken to upload(min) :0.0667\n, stderr: "}
{"level":"info","time":"2026-05-28T18:16:01.971+0530","caller":"storage/azure.go:123","msg":"File: /Users/anmolg/Desktop/Projects/Hyper sample/junit-selenium-hyperexecute-sample-main/hyperexecute-code-f9edfb5d-47bf-4299-8220-e2323ab8df77.zip upload completed in 4.585166625s"}
{"level":"debug","time":"2026-05-28T18:16:01.972+0530","caller":"receptionmanager/setup.go:284","msg":"only one runtime entry detected, mapping it to older yaml format"}
{"level":"debug","time":"2026-05-28T18:16:01.972+0530","caller":"receptionmanager/setup.go:313","msg":"only one partialreports entry detected, mapping it to older yaml format"}
{"level":"debug","time":"2026-05-28T18:16:01.973+0530","caller":"receptionmanager/setup.go:188","msg":"Uploading yaml : /Users/anmolg/Desktop/Projects/Hyper sample/junit-selenium-hyperexecute-sample-main/.updatedhyperexecute.yaml"}
{"level":"debug","time":"2026-05-28T18:16:01.973+0530","caller":"storage/azure.go:60","msg":"Payload size: 4.22 kB, source path /Users/anmolg/Desktop/Projects/Hyper sample/junit-selenium-hyperexecute-sample-main/.updatedhyperexecute.yaml"}
{"level":"debug","time":"2026-05-28T18:16:04.010+0530","caller":"storage/azure.go:84","msg":"Azcopy output: \n\r100.0 %, 1 Done, 0 Failed, 0 Pending, 0 Skipped, 1 Total, 2-sec Throughput (Mb/s): 0.0169\nTotal time taken to upload(min) :0.0334\n, stderr: "}
{"level":"info","time":"2026-05-28T18:16:04.011+0530","caller":"storage/azure.go:123","msg":"File: /Users/anmolg/Desktop/Projects/Hyper sample/junit-selenium-hyperexecute-sample-main/.updatedhyperexecute.yaml upload completed in 2.038026459s"}
{"level":"debug","time":"2026-05-28T18:16:04.012+0530","caller":"core/lifecycle.go:721","msg":"Successfully deleted code archive: /Users/anmolg/Desktop/Projects/Hyper sample/junit-selenium-hyperexecute-sample-main/hyperexecute-code-f9edfb5d-47bf-4299-8220-e2323ab8df77.zip\n"}
{"level":"debug","time":"2026-05-28T18:16:04.017+0530","caller":"storage/azure.go:60","msg":"Payload size: 650 B, source path yaml/linux/mask-f9edfb5d-47bf-4299-8220-e2323ab8df77.yaml"}
{"level":"debug","time":"2026-05-28T18:16:06.273+0530","caller":"storage/azure.go:84","msg":"Azcopy output: \n\r100.0 %, 1 Done, 0 Failed, 0 Pending, 0 Skipped, 1 Total, 2-sec Throughput (Mb/s): 0.0026\nTotal time taken to upload(min) :0.0334\n, stderr: "}
{"level":"info","time":"2026-05-28T18:16:06.273+0530","caller":"storage/azure.go:123","msg":"File: yaml/linux/mask-f9edfb5d-47bf-4299-8220-e2323ab8df77.yaml upload completed in 2.256278458s"}
{"level":"debug","time":"2026-05-28T18:16:08.703+0530","caller":"jobmanager/sse_setup.go:192","msg":"Task id: HYPL-509662-1779972367464500740HTA"}
{"level":"debug","time":"2026-05-28T18:16:08.704+0530","caller":"jobmanager/sse_setup.go:193","msg":"Sending new task alert to stage manager for taskId: HYPL-509662-1779972367464500740HTA"}
{"level":"debug","time":"2026-05-28T18:16:08.704+0530","caller":"jobmanager/sse_setup.go:192","msg":"Task id: HYPL-509662-1779972367469381127TBK"}
{"level":"debug","time":"2026-05-28T18:16:08.704+0530","caller":"jobmanager/sse_setup.go:193","msg":"Sending new task alert to stage manager for taskId: HYPL-509662-1779972367469381127TBK"}
{"level":"debug","time":"2026-05-28T18:16:08.704+0530","caller":"jobmanager/sse_setup.go:192","msg":"Task id: HYPL-509662-1779972367475721497YGW"}
{"level":"debug","time":"2026-05-28T18:16:08.704+0530","caller":"jobmanager/sse_setup.go:193","msg":"Sending new task alert to stage manager for taskId: HYPL-509662-1779972367475721497YGW"}
{"level":"debug","time":"2026-05-28T18:16:38.704+0530","caller":"events/manager.go:356","msg":"No new messages received from SSE for jobID: f9edfb5d-47bf-4299-8220-e2323ab8df77. Fetching from APIs"}
{"level":"info","time":"2026-05-28T18:16:39.471+0530","caller":"jobmanager/sse_setup.go:86","msg":"\nJob \u001b[1m\u001b[4mf9edfb5d-47bf-4299-8220-e2323ab8df77\u001b[24m\u001b[22m has \u001b[97mINITIATED\u001b[0m"}
{"level":"info","time":"2026-05-28T18:16:39.471+0530","caller":"jobmanager/manager.go:138","msg":"Job Link: \u001b[4m\u001b[34mhttps://hyperexecute.lambdatest.com/hyperexecute/task?jobId=f9edfb5d-47bf-4299-8220-e2323ab8df77\u001b[0m\u001b[24m\n"}
{"level":"debug","time":"2026-05-28T18:17:10.247+0530","caller":"events/manager.go:356","msg":"No new messages received from SSE for jobID: f9edfb5d-47bf-4299-8220-e2323ab8df77. Fetching from APIs"}
{"level":"info","time":"2026-05-28T18:17:38.550+0530","caller":"terminal/terminal.go:187","msg":"\u001b[32m✔\u001b[0m [3]  \u001b[2msetup-runtime (8s)\u001b[22m\n"}
{"level":"info","time":"2026-05-28T18:17:38.568+0530","caller":"terminal/terminal.go:187","msg":"\u001b[32m✔\u001b[0m [2]  \u001b[2msetup-runtime (8s)\u001b[22m\n"}
{"level":"info","time":"2026-05-28T18:17:38.704+0530","caller":"terminal/terminal.go:187","msg":"\u001b[32m✔\u001b[0m [1]  \u001b[2msetup-runtime (9s)\u001b[22m\n"}
{"level":"debug","time":"2026-05-28T18:18:08.781+0530","caller":"events/manager.go:356","msg":"No new messages received from SSE for jobID: f9edfb5d-47bf-4299-8220-e2323ab8df77. Fetching from APIs"}
{"level":"info","time":"2026-05-28T18:18:09.543+0530","caller":"terminal/terminal.go:187","msg":"\u001b[32m✔\u001b[0m [1]  \u001b[2mpre (31s)\u001b[22m\n"}
{"level":"info","time":"2026-05-28T18:18:09.707+0530","caller":"terminal/terminal.go:187","msg":"\u001b[32m✔\u001b[0m [1]  \u001b[2mdiscovery (1s)\u001b[22m\n"}
{"level":"info","time":"2026-05-28T18:18:10.286+0530","caller":"terminal/terminal.go:187","msg":"\u001b[32m✔\u001b[0m [3]  \u001b[2mpre (32s)\u001b[22m\n"}
{"level":"info","time":"2026-05-28T18:18:10.286+0530","caller":"terminal/terminal.go:187","msg":"\u001b[32m✔\u001b[0m [3]  \u001b[2mdiscovery (0s)\u001b[22m\n"}
{"level":"info","time":"2026-05-28T18:18:12.843+0530","caller":"terminal/terminal.go:187","msg":"\u001b[32m✔\u001b[0m [2]  \u001b[2mpre (35s)\u001b[22m\n"}
{"level":"info","time":"2026-05-28T18:18:13.015+0530","caller":"terminal/terminal.go:187","msg":"\u001b[32m✔\u001b[0m [2]  \u001b[2mdiscovery (1s)\u001b[22m\n"}
{"level":"debug","time":"2026-05-28T18:18:51.655+0530","caller":"events/manager.go:356","msg":"No new messages received from SSE for jobID: f9edfb5d-47bf-4299-8220-e2323ab8df77. Fetching from APIs"}
{"level":"debug","time":"2026-05-28T18:44:19.316+0530","caller":"events/manager.go:356","msg":"No new messages received from SSE for jobID: f9edfb5d-47bf-4299-8220-e2323ab8df77. Fetching from APIs"}
{"level":"debug","time":"2026-05-28T19:02:20.440+0530","caller":"events/manager.go:359","msg":"Error polling job status from API during fallback: Get \"https://api-hyperexecute.lambdatest.com/sentinel/v1.0/job/f9edfb5d-47bf-4299-8220-e2323ab8df77\": GET https://api-hyperexecute.lambdatest.com/sentinel/v1.0/job/f9edfb5d-47bf-4299-8220-e2323ab8df77 giving up after 5 attempt(s): Get \"https://api-hyperexecute.lambdatest.com/sentinel/v1.0/job/f9edfb5d-47bf-4299-8220-e2323ab8df77\": dial tcp: lookup api-hyperexecute.lambdatest.com: no such host"}
{"level":"debug","time":"2026-05-28T19:52:08.831+0530","caller":"events/manager.go:367","msg":"Error polling stage updates from API during fallback: Get \"https://api-hyperexecute.lambdatest.com/sentinel/v1.0/stage/f9edfb5d-47bf-4299-8220-e2323ab8df77/job\": GET https://api-hyperexecute.lambdatest.com/sentinel/v1.0/stage/f9edfb5d-47bf-4299-8220-e2323ab8df77/job giving up after 5 attempt(s): Get \"https://api-hyperexecute.lambdatest.com/sentinel/v1.0/stage/f9edfb5d-47bf-4299-8220-e2323ab8df77/job\": dial tcp: lookup api-hyperexecute.lambdatest.com: no such host"}
{"level":"debug","time":"2026-05-28T20:01:27.623+0530","caller":"events/manager.go:356","msg":"No new messages received from SSE for jobID: f9edfb5d-47bf-4299-8220-e2323ab8df77. Fetching from APIs"}
{"level":"debug","time":"2026-05-28T20:01:30.105+0530","caller":"jobmanager/sse_setup.go:134","msg":"\n\nJob status"}
{"level":"info","time":"2026-05-28T20:01:30.107+0530","caller":"core/lifecycle.go:811","msg":"taskId:HYPL-509662-1779972367464500740HTA has failed with remark: Job failed as encountered a Test level failure\n"}
{"level":"info","time":"2026-05-28T20:01:30.107+0530","caller":"core/lifecycle.go:811","msg":"taskId:HYPL-509662-1779972367469381127TBK has failed with remark: Job failed as encountered a Test level failure\n"}
{"level":"info","time":"2026-05-28T20:01:30.107+0530","caller":"core/lifecycle.go:811","msg":"taskId:HYPL-509662-1779972367475721497YGW has failed with remark: Job failed as encountered a Test level failure\n"}
{"level":"info","time":"2026-05-28T20:01:31.127+0530","caller":"jobmanager/JobSummaryManager.go:54","msg":"\n\u001b[101m FAILED \u001b[0m\n"}
{"level":"info","time":"2026-05-28T20:01:31.128+0530","caller":"jobmanager/JobSummaryManager.go:113","msg":"    \u001b[1mTest Execution Time\u001b[22m:                  \u001b[91m3m44s\u001b[0m"}
{"level":"info","time":"2026-05-28T20:01:31.128+0530","caller":"jobmanager/JobSummaryManager.go:113","msg":"    \u001b[1mJob Duration Time\u001b[22m:                    5m29s"}
{"level":"info","time":"2026-05-28T20:01:31.128+0530","caller":"jobmanager/JobSummaryManager.go:113","msg":"    \u001b[1mTotal Tasks\u001b[22m:                          3"}
{"level":"info","time":"2026-05-28T20:01:31.128+0530","caller":"jobmanager/JobSummaryManager.go:113","msg":"    \u001b[1mCumulative Time Consumed\u001b[22m:             15m6s"}
{"level":"info","time":"2026-05-28T20:01:31.128+0530","caller":"jobmanager/JobSummaryManager.go:113","msg":"    \u001b[1mTotal Stages\u001b[22m:                         21"}
{"level":"info","time":"2026-05-28T20:01:31.128+0530","caller":"jobmanager/JobSummaryManager.go:113","msg":"    \u001b[1mPass discovery stage percentage\u001b[22m:      100.00%"}
{"level":"info","time":"2026-05-28T20:01:31.128+0530","caller":"jobmanager/JobSummaryManager.go:113","msg":"    \u001b[1mFailed discovery stage percentage\u001b[22m:    0.00%"}
{"level":"info","time":"2026-05-28T20:01:31.128+0530","caller":"jobmanager/JobSummaryManager.go:113","msg":"    \u001b[1mPass pre stage percentage\u001b[22m:            \u001b[92m100.00%\u001b[0m"}
{"level":"info","time":"2026-05-28T20:01:31.128+0530","caller":"jobmanager/JobSummaryManager.go:113","msg":"    \u001b[1mFailed pre stage percentage\u001b[22m:          0.00%"}
{"level":"info","time":"2026-05-28T20:01:31.128+0530","caller":"jobmanager/JobSummaryManager.go:113","msg":"    \u001b[1mPass test stage percentage\u001b[22m:           73.33%"}
{"level":"info","time":"2026-05-28T20:01:31.128+0530","caller":"jobmanager/JobSummaryManager.go:113","msg":"    \u001b[1mFailed test stage percentage\u001b[22m:         \u001b[91m26.67%\u001b[0m"}
{"level":"info","time":"2026-05-28T20:01:31.128+0530","caller":"jobmanager/JobSummaryManager.go:113","msg":"    \u001b[1mPass post stage percentage\u001b[22m:           0.00%"}
{"level":"info","time":"2026-05-28T20:01:31.128+0530","caller":"jobmanager/JobSummaryManager.go:113","msg":"    \u001b[1mFailed post stage percentage\u001b[22m:         0.00%"}
{"level":"info","time":"2026-05-28T20:01:31.128+0530","caller":"jobmanager/JobSummaryManager.go:113","msg":"    \u001b[1mFailed Tasks\u001b[22m:                         3"}
{"level":"info","time":"2026-05-28T20:01:31.128+0530","caller":"jobmanager/JobSummaryManager.go:58","msg":""}
{"level":"debug","time":"2026-05-28T20:01:31.130+0530","caller":"core/lifecycle.go:924","msg":"Context canceled"}
{"level":"info","time":"2026-05-28T20:01:31.130+0530","caller":"core/lifecycle.go:927","msg":"\u001b[2mStopping pipeline gracefully\u001b[22m"}
{"level":"info","time":"2026-05-28T20:01:31.130+0530","caller":"events/manager.go:338","msg":"context done and stopping SSE"}
{"level":"debug","time":"2026-05-28T20:01:31.130+0530","caller":"events/manager.go:367","msg":"Error polling stage updates from API during fallback: Get \"https://api-hyperexecute.lambdatest.com/sentinel/v1.0/stage/f9edfb5d-47bf-4299-8220-e2323ab8df77/job\": GET https://api-hyperexecute.lambdatest.com/sentinel/v1.0/stage/f9edfb5d-47bf-4299-8220-e2323ab8df77/job giving up after 1 attempt(s): context canceled"}
{"level":"debug","time":"2026-05-28T20:01:31.130+0530","caller":"events/manager.go:256","msg":"Stopping event manager"}
{"level":"error","time":"2026-05-28T20:01:31.130+0530","caller":"core/lifecycle.go:930","msg":"2026-05-28T18:15:48+05:30    error    Exiting with error: Failed tasks found."}
{"level":"info","time":"2026-05-28T20:01:31.130+0530","caller":"jobmanager/manager.go:138","msg":"Job Link: \u001b[4m\u001b[34mhttps://hyperexecute.lambdatest.com/hyperexecute/task?jobId=f9edfb5d-47bf-4299-8220-e2323ab8df77\u001b[0m\u001b[24m\n"}
{"level":"debug","time":"2026-05-28T20:01:31.130+0530","caller":"core/lifecycle.go:59","msg":"Quit requested from main goroutine...."}
{"level":"debug","time":"2026-05-28T20:01:31.130+0530","caller":"core/lifecycle.go:60","msg":"Waiting for the goroutines to exit"}
{"level":"debug","time":"2026-05-28T20:01:31.130+0530","caller":"core/lifecycle.go:63","msg":"All lifecycle goroutines exited"}
{"level":"debug","time":"2026-05-28T20:01:31.130+0530","caller":"cmd/bin.go:361","msg":"main: all goroutines have finished."}
{"level":"debug","time":"2026-05-28T20:01:31.130+0530","caller":"cmd/bin.go:400","msg":"Exiting application due to error Failed tasks found."}
{"level":"debug","time":"2026-06-04T17:45:30.760+0530","caller":"cmd/bin.go:145","msg":"cli os: darwin, cli arch: arm64"}
{"level":"debug","time":"2026-06-04T17:45:31.511+0530","caller":"cmd/bin.go:154","msg":"Upstream version details: {Name:cli Min:0.2.265 Max:0.2.341} "}
{"level":"info","time":"2026-06-04T17:45:31.512+0530","caller":"cmd/bin.go:202","msg":"Generating TraceID for tracking request: 01KT98YQHV4NG8E2WFRGBXCKKF \n"}
{"level":"debug","time":"2026-06-04T17:45:34.031+0530","caller":"core/lifecycle.go:107","msg":"Setting environment"}
{"level":"debug","time":"2026-06-04T17:45:34.032+0530","caller":"core/lifecycle.go:110","msg":"Parsing config"}
{"level":"debug","time":"2026-06-04T17:45:34.032+0530","caller":"yamlconfigmanager/setup.go:725","msg":"Custom location for .hyperexecute.yaml specified. Using: yaml/linux/junit_hyperexecute_autosplit_sample.yaml"}
{"level":"debug","time":"2026-06-04T17:45:34.032+0530","caller":"yamlconfigmanager/setup.go:117","msg":"using hyperexecute config from : yaml/linux/junit_hyperexecute_autosplit_sample.yaml"}
{"level":"debug","time":"2026-06-04T17:45:35.232+0530","caller":"yamlconfigmanager/setup.go:2153","msg":"Autodetecting test type in files of path : /Users/anmolg/Desktop/Projects/Hyper sample/junit-selenium-hyperexecute-sample-main"}
{"level":"debug","time":"2026-06-04T17:45:35.234+0530","caller":"yamlconfigmanager/setup.go:547","msg":"Tunnel: false"}
{"level":"info","time":"2026-06-04T17:45:35.234+0530","caller":"models/HypertestYamlConfig.go:974","msg":"\n\u001b[4m\u001b[1m\u001b[97mExecution Plan\u001b[0m\u001b[22m\u001b[24m"}
{"level":"info","time":"2026-06-04T17:45:35.234+0530","caller":"models/HypertestYamlConfig.go:775","msg":"Mode:    \u001b[36mautosplit\u001b[0m"}
{"level":"info","time":"2026-06-04T17:45:35.234+0530","caller":"models/HypertestYamlConfig.go:835","msg":"Runson:    \u001b[36mlinux\u001b[0m"}
{"level":"info","time":"2026-06-04T17:45:35.234+0530","caller":"models/HypertestYamlConfig.go:843","msg":"Concurrency:    \u001b[36m3\u001b[0m"}
{"level":"info","time":"2026-06-04T17:45:35.234+0530","caller":"models/HypertestYamlConfig.go:907","msg":"Report:    \u001b[36menabled\u001b[0m"}
{"level":"info","time":"2026-06-04T17:45:35.234+0530","caller":"models/HypertestYamlConfig.go:987","msg":""}
{"level":"debug","time":"2026-06-04T17:45:35.234+0530","caller":"filevalidator/setup.go:49","msg":"Warning: Checking data.json file in current directory, no dataJsonPath found in .hyperexecute.yaml"}
{"level":"debug","time":"2026-06-04T17:45:35.235+0530","caller":"filevalidator/setup.go:53","msg":"Warning: data.json file doesn't exist"}
{"level":"debug","time":"2026-06-04T17:45:39.015+0530","caller":"core/lifecycle.go:527","msg":"Job ID: 8eb4e476-867f-4c77-8b94-7ed7e36aba8e"}
{"level":"debug","time":"2026-06-04T17:45:39.016+0530","caller":"core/lifecycle.go:530","msg":"User - lambdatestdemo, triggered job with ID 8eb4e476-867f-4c77-8b94-7ed7e36aba8e from CLI"}
{"level":"debug","time":"2026-06-04T17:45:39.015+0530","caller":"events/manager.go:97","msg":"Starting event manager"}
{"level":"debug","time":"2026-06-04T17:45:39.016+0530","caller":"events/manager.go:99","msg":"SSE enabled, getting SSE connection"}
{"level":"debug","time":"2026-06-04T17:45:39.017+0530","caller":"archivemanager/setup.go:339","msg":"digestMap: map[]"}
{"level":"debug","time":"2026-06-04T17:45:39.017+0530","caller":"archivemanager/setup.go:345","msg":"Creating archive of target directory: /Users/anmolg/Desktop/Projects/Hyper sample/junit-selenium-hyperexecute-sample-main"}
{"level":"debug","time":"2026-06-04T17:45:39.054+0530","caller":"core/lifecycle.go:684","msg":"Zip file size: 229.29 kB"}
{"level":"debug","time":"2026-06-04T17:45:39.054+0530","caller":"core/lifecycle.go:694","msg":"Archive location: /Users/anmolg/Desktop/Projects/Hyper sample/junit-selenium-hyperexecute-sample-main/hyperexecute-code-8eb4e476-867f-4c77-8b94-7ed7e36aba8e.zip\n"}
{"level":"debug","time":"2026-06-04T17:45:39.054+0530","caller":"storage/azure.go:60","msg":"Payload size: 229.29 kB, source path /Users/anmolg/Desktop/Projects/Hyper sample/junit-selenium-hyperexecute-sample-main/hyperexecute-code-8eb4e476-867f-4c77-8b94-7ed7e36aba8e.zip"}
{"level":"debug","time":"2026-06-04T17:45:40.056+0530","caller":"events/manager.go:288","msg":"connection to hyperexecute server established successfully."}
{"level":"debug","time":"2026-06-04T17:45:43.973+0530","caller":"storage/azure.go:84","msg":"Azcopy output: \n\r0.0 %, 0 Done, 0 Failed, 1 Pending, 0 Skipped, 1 Total, 2-sec Throughput (Mb/s): 0.9167\r100.0 %, 1 Done, 0 Failed, 0 Pending, 0 Skipped, 1 Total,                              \nTotal time taken to upload(min) :0.0667\n, stderr: "}
{"level":"info","time":"2026-06-04T17:45:43.974+0530","caller":"storage/azure.go:123","msg":"File: /Users/anmolg/Desktop/Projects/Hyper sample/junit-selenium-hyperexecute-sample-main/hyperexecute-code-8eb4e476-867f-4c77-8b94-7ed7e36aba8e.zip upload completed in 4.919242666s"}
{"level":"debug","time":"2026-06-04T17:45:43.974+0530","caller":"receptionmanager/setup.go:284","msg":"only one runtime entry detected, mapping it to older yaml format"}
{"level":"debug","time":"2026-06-04T17:45:43.974+0530","caller":"receptionmanager/setup.go:313","msg":"only one partialreports entry detected, mapping it to older yaml format"}
{"level":"debug","time":"2026-06-04T17:45:43.975+0530","caller":"receptionmanager/setup.go:188","msg":"Uploading yaml : /Users/anmolg/Desktop/Projects/Hyper sample/junit-selenium-hyperexecute-sample-main/.updatedhyperexecute.yaml"}
{"level":"debug","time":"2026-06-04T17:45:43.975+0530","caller":"storage/azure.go:60","msg":"Payload size: 4.21 kB, source path /Users/anmolg/Desktop/Projects/Hyper sample/junit-selenium-hyperexecute-sample-main/.updatedhyperexecute.yaml"}
{"level":"debug","time":"2026-06-04T17:45:46.017+0530","caller":"storage/azure.go:84","msg":"Azcopy output: \n\r100.0 %, 1 Done, 0 Failed, 0 Pending, 0 Skipped, 1 Total, 2-sec Throughput (Mb/s): 0.0168\nTotal time taken to upload(min) :0.0334\n, stderr: "}
{"level":"info","time":"2026-06-04T17:45:46.017+0530","caller":"storage/azure.go:123","msg":"File: /Users/anmolg/Desktop/Projects/Hyper sample/junit-selenium-hyperexecute-sample-main/.updatedhyperexecute.yaml upload completed in 2.042136541s"}
{"level":"debug","time":"2026-06-04T17:45:46.018+0530","caller":"core/lifecycle.go:721","msg":"Successfully deleted code archive: /Users/anmolg/Desktop/Projects/Hyper sample/junit-selenium-hyperexecute-sample-main/hyperexecute-code-8eb4e476-867f-4c77-8b94-7ed7e36aba8e.zip\n"}
{"level":"debug","time":"2026-06-04T17:45:46.018+0530","caller":"storage/azure.go:60","msg":"Payload size: 650 B, source path yaml/linux/mask-8eb4e476-867f-4c77-8b94-7ed7e36aba8e.yaml"}
{"level":"debug","time":"2026-06-04T17:45:48.052+0530","caller":"storage/azure.go:84","msg":"Azcopy output: \n\r100.0 %, 1 Done, 0 Failed, 0 Pending, 0 Skipped, 1 Total, 2-sec Throughput (Mb/s): 0.0026\nTotal time taken to upload(min) :0.0333\n, stderr: "}
{"level":"info","time":"2026-06-04T17:45:48.052+0530","caller":"storage/azure.go:123","msg":"File: yaml/linux/mask-8eb4e476-867f-4c77-8b94-7ed7e36aba8e.yaml upload completed in 2.034541417s"}
{"level":"debug","time":"2026-06-04T17:45:50.572+0530","caller":"jobmanager/sse_setup.go:192","msg":"Task id: HYPL-1665294-1780575349337204756TII"}
{"level":"debug","time":"2026-06-04T17:45:50.572+0530","caller":"jobmanager/sse_setup.go:193","msg":"Sending new task alert to stage manager for taskId: HYPL-1665294-1780575349337204756TII"}
{"level":"debug","time":"2026-06-04T17:45:50.573+0530","caller":"jobmanager/sse_setup.go:192","msg":"Task id: HYPL-1665294-1780575349344426189QQJ"}
{"level":"debug","time":"2026-06-04T17:45:50.573+0530","caller":"jobmanager/sse_setup.go:193","msg":"Sending new task alert to stage manager for taskId: HYPL-1665294-1780575349344426189QQJ"}
{"level":"debug","time":"2026-06-04T17:45:50.573+0530","caller":"jobmanager/sse_setup.go:192","msg":"Task id: HYPL-1665294-1780575349348965284ZWX"}
{"level":"debug","time":"2026-06-04T17:45:50.573+0530","caller":"jobmanager/sse_setup.go:193","msg":"Sending new task alert to stage manager for taskId: HYPL-1665294-1780575349348965284ZWX"}
{"level":"info","time":"2026-06-04T17:45:53.294+0530","caller":"jobmanager/sse_setup.go:84","msg":"\nJob \u001b[1m\u001b[4m8eb4e476-867f-4c77-8b94-7ed7e36aba8e\u001b[24m\u001b[22m has started \u001b[97mRUNNING\u001b[0m"}
{"level":"info","time":"2026-06-04T17:45:53.294+0530","caller":"jobmanager/manager.go:138","msg":"Job Link: \u001b[4m\u001b[34mhttps://hyperexecute.lambdatest.com/hyperexecute/task?jobId=8eb4e476-867f-4c77-8b94-7ed7e36aba8e\u001b[0m\u001b[24m\n"}
{"level":"info","time":"2026-06-04T17:45:55.138+0530","caller":"terminal/terminal.go:187","msg":"\u001b[32m✔\u001b[0m [1]  \u001b[2msetup-runtime (3s)\u001b[22m\n"}
{"level":"info","time":"2026-06-04T17:45:55.252+0530","caller":"terminal/terminal.go:187","msg":"\u001b[32m✔\u001b[0m [3]  \u001b[2msetup-runtime (3s)\u001b[22m\n"}
{"level":"info","time":"2026-06-04T17:46:02.837+0530","caller":"terminal/terminal.go:187","msg":"\u001b[32m✔\u001b[0m [2]  \u001b[2msetup-runtime (10s)\u001b[22m\n"}
